ISO-10303-21;
HEADER;
FILE_DESCRIPTION (( 'STEP AP203' ),
    '1' );
FILE_NAME ('RM-JJ-00083707-01.step',
    '2026-04-24T06:53:05',
    ( '1' ),
    ( '' ),
    'SwSTEP 2.0',
    'SolidWorks 2022',
    '' );
FILE_SCHEMA (( 'CONFIG_CONTROL_DESIGN' ));
ENDSEC;

DATA;
#1 = CARTESIAN_POINT ( 'NONE',  ( -16.25338680665018387, -59.32165351144618626, 1.493226386700017283 ) ) ;
#2 = ORIENTED_EDGE ( 'NONE', *, *, #279, .T. ) ;
#3 = DIRECTION ( 'NONE',  ( -1.000000000000000000, 0.000000000000000000, 0.000000000000000000 ) ) ;
#4 = EDGE_LOOP ( 'NONE', ( #1682, #377, #1111, #525 ) ) ;
#5 = AXIS2_PLACEMENT_3D ( 'NONE', #245, #496, #807 ) ;
#6 = EDGE_CURVE ( 'NONE', #1664, #244, #1278, .T. ) ;
#7 = VECTOR ( 'NONE', #1117, 1000.000000000000000 ) ;
#8 = CARTESIAN_POINT ( 'NONE',  ( -17.50000000000000711, 58.00000000000000000, 1.000000000000000888 ) ) ;
#9 = CIRCLE ( 'NONE', #418, 59.54829972383764414 ) ;
#10 = CARTESIAN_POINT ( 'NONE',  ( 17.49999999999999645, -57.99999999999997868, 1.000000000000000888 ) ) ;
#11 = AXIS2_PLACEMENT_3D ( 'NONE', #510, #376, #933 ) ;
#12 = ORIENTED_EDGE ( 'NONE', *, *, #668, .F. ) ;
#13 = AXIS2_PLACEMENT_3D ( 'NONE', #1641, #147, #815 ) ;
#14 = AXIS2_PLACEMENT_3D ( 'NONE', #878, #742, #73 ) ;
#15 = FACE_OUTER_BOUND ( 'NONE', #969, .T. ) ;
#16 = ORIENTED_EDGE ( 'NONE', *, *, #1522, .T. ) ;
#17 = CARTESIAN_POINT ( 'NONE',  ( -17.47406081184859872, 58.38998141954184717, 1.025939188151357984 ) ) ;
#18 = LINE ( 'NONE', #839, #1541 ) ;
#19 = EDGE_CURVE ( 'NONE', #154, #597, #96, .T. ) ;
#20 = CARTESIAN_POINT ( 'NONE',  ( -17.50000000000000355, 32.04533352225132603, -9.000000000000003553 ) ) ;
#21 = ORIENTED_EDGE ( 'NONE', *, *, #1715, .T. ) ;
#22 = FACE_OUTER_BOUND ( 'NONE', #1510, .T. ) ;
#23 = ORIENTED_EDGE ( 'NONE', *, *, #657, .F. ) ;
#24 = CARTESIAN_POINT ( 'NONE',  ( -17.31080415495209479, 58.90841389844806031, 1.189195845047990030 ) ) ;
#25 = CYLINDRICAL_SURFACE ( 'NONE', #1060, 5.050000000000000711 ) ;
#26 = CARTESIAN_POINT ( 'NONE',  ( 16.44892610094867180, -58.64443133430529542, 1.102147798102662835 ) ) ;
#27 = ORIENTED_EDGE ( 'NONE', *, *, #407, .F. ) ;
#28 = EDGE_CURVE ( 'NONE', #1179, #305, #1433, .T. ) ;
#29 = CARTESIAN_POINT ( 'NONE',  ( 16.50000000000000000, 58.00000000000000711, 1.000000000000000888 ) ) ;
#30 = VERTEX_POINT ( 'NONE', #1700 ) ;
#31 = CARTESIAN_POINT ( 'NONE',  ( -16.29510763021249886, 59.21997956991499734, 1.409784739574986512 ) ) ;
#32 = CONICAL_SURFACE ( 'NONE', #257, 2.099999999999998757, 1.029744258676652979 ) ;
#33 = DIRECTION ( 'NONE',  ( 1.000000000000000000, 0.000000000000000000, -0.000000000000000000 ) ) ;
#34 = VECTOR ( 'NONE', #239, 1000.000000000000000 ) ;
#35 = CARTESIAN_POINT ( 'NONE',  ( 0.000000000000000000, 0.000000000000000000, 10.00000000000000000 ) ) ;
#36 = CIRCLE ( 'NONE', #1652, 2.000000000000000000 ) ;
#37 = ORIENTED_EDGE ( 'NONE', *, *, #1431, .F. ) ;
#38 = EDGE_CURVE ( 'NONE', #188, #185, #1566, .T. ) ;
#39 = LINE ( 'NONE', #162, #7 ) ;
#40 = ORIENTED_EDGE ( 'NONE', *, *, #1418, .T. ) ;
#41 = ADVANCED_FACE ( 'NONE', ( #629 ), #1577, .T. ) ;
#42 = AXIS2_PLACEMENT_3D ( 'NONE', #611, #1150, #478 ) ;
#43 = CARTESIAN_POINT ( 'NONE',  ( 15.49999999999999822, -59.99999999999998579, 3.000000000000000888 ) ) ;
#44 = DIRECTION ( 'NONE',  ( 1.000000000000000000, 0.000000000000000000, 0.000000000000000000 ) ) ;
#45 = ORIENTED_EDGE ( 'NONE', *, *, #1153, .F. ) ;
#46 = CARTESIAN_POINT ( 'NONE',  ( 17.49999999999999645, -59.99999999999998579, 10.00000000000000000 ) ) ;
#47 = CARTESIAN_POINT ( 'NONE',  ( 17.49999999999999645, -57.99999999999997868, 2.000000000000000888 ) ) ;
#48 = EDGE_LOOP ( 'NONE', ( #731, #760, #132, #212 ) ) ;
#49 = CARTESIAN_POINT ( 'NONE',  ( 15.76184657318168902, 60.00000000000001421, 2.869076713409558277 ) ) ;
#50 = VERTEX_POINT ( 'NONE', #894 ) ;
#51 = CC_DESIGN_PERSON_AND_ORGANIZATION_ASSIGNMENT ( #1697, #467, ( #697 ) ) ;
#52 = LINE ( 'NONE', #1126, #280 ) ;
#53 = DIRECTION ( 'NONE',  ( -3.469446951953611033E-15, 0.000000000000000000, -1.000000000000000000 ) ) ;
#54 = CARTESIAN_POINT ( 'NONE',  ( -15.50000000000000533, 58.00000000000000711, 10.00000000000000000 ) ) ;
#55 = VERTEX_POINT ( 'NONE', #461 ) ;
#56 = CARTESIAN_POINT ( 'NONE',  ( 2.099999999999998757, 0.000000000000000000, -2.400000000000001243 ) ) ;
#57 = ORIENTED_EDGE ( 'NONE', *, *, #1431, .T. ) ;
#58 =( BOUNDED_CURVE ( )  B_SPLINE_CURVE ( 3, ( #799, #1354, #640, #662 ),
 .UNSPECIFIED., .F., .T. ) 
 B_SPLINE_CURVE_WITH_KNOTS ( ( 4, 4 ),
 ( 0.000000000000000000, 1.570796326794896780 ),
 .UNSPECIFIED. ) 
 CURVE ( )  GEOMETRIC_REPRESENTATION_ITEM ( )  RATIONAL_B_SPLINE_CURVE ( ( 1.000000000000000000, 0.8047378541243649375, 0.8047378541243649375, 1.000000000000000000 ) ) 
 REPRESENTATION_ITEM ( '' )  );
#59 = CARTESIAN_POINT ( 'NONE',  ( 16.39883296407401758, 58.88630239515505593, 1.202334071852190878 ) ) ;
#60 = ORIENTED_EDGE ( 'NONE', *, *, #1587, .T. ) ;
#61 = DIRECTION ( 'NONE',  ( 1.000000000000000000, 5.305075090814124876E-15, -3.469446951953599200E-15 ) ) ;
#62 = CARTESIAN_POINT ( 'NONE',  ( 17.49999999999999645, -45.45433532071145777, 2.000000000000000000 ) ) ;
#63 = ADVANCED_FACE ( 'NONE', ( #1691 ), #337, .F. ) ;
#64 = ORIENTED_EDGE ( 'NONE', *, *, #1657, .T. ) ;
#65 = CARTESIAN_POINT ( 'NONE',  ( 16.49999999999999645, 43.95291131613890201, 1.321259232131738681 ) ) ;
#66 = TOROIDAL_SURFACE ( 'NONE', #919, 2.000000000000000000, 1.000000000000000000 ) ;
#67 = CARTESIAN_POINT ( 'NONE',  ( -16.50000000000000000, -45.45433532071145777, 0.000000000000000000 ) ) ;
#68 = TOROIDAL_SURFACE ( 'NONE', #259, 58.54829972383764414, 1.000000000000000000 ) ;
#69 = CIRCLE ( 'NONE', #1680, 1.000000000000000000 ) ;
#70 = CARTESIAN_POINT ( 'NONE',  ( 16.11454673025956552, 59.59933366422755796, 1.770906539481360564 ) ) ;
#71 = VERTEX_POINT ( 'NONE', #1131 ) ;
#72 = LINE ( 'NONE', #741, #1195 ) ;
#73 = DIRECTION ( 'NONE',  ( 0.000000000000000000, 1.040834085586084257E-14, 1.000000000000000000 ) ) ;
#74 = AXIS2_PLACEMENT_3D ( 'NONE', #677, #528, #966 ) ;
#75 = EDGE_LOOP ( 'NONE', ( #1365, #1055, #814 ) ) ;
#76 = FACE_OUTER_BOUND ( 'NONE', #544, .T. ) ;
#77 = CC_DESIGN_PERSON_AND_ORGANIZATION_ASSIGNMENT ( #1738, #1208, ( #830 ) ) ;
#78 = ORIENTED_EDGE ( 'NONE', *, *, #1080, .T. ) ;
#79 = CARTESIAN_POINT ( 'NONE',  ( 17.29766592814781490, 58.88630239515504172, 2.101167035926042370 ) ) ;
#80 = ORIENTED_EDGE ( 'NONE', *, *, #224, .T. ) ;
#81 = CARTESIAN_POINT ( 'NONE',  ( -6.602116034141705143E-15, -55.25000000000000711, 1.000000000000001110 ) ) ;
#82 = SPHERICAL_SURFACE ( 'NONE', #862, 1.000000000000000000 ) ;
#83 = EDGE_LOOP ( 'NONE', ( #1388, #1640, #808, #1374 ) ) ;
#84 = DIRECTION ( 'NONE',  ( -1.000000000000000000, 0.000000000000000000, 0.000000000000000000 ) ) ;
#85 = ORIENTED_EDGE ( 'NONE', *, *, #1678, .F. ) ;
#86 = CARTESIAN_POINT ( 'NONE',  ( 15.49999999999999645, 58.00000000000000711, 10.00000000000000000 ) ) ;
#87 = ADVANCED_FACE ( 'NONE', ( #912 ), #1537, .T. ) ;
#88 = CARTESIAN_POINT ( 'NONE',  ( 15.63092328659111629, 60.00000000000001421, 2.738153426818565883 ) ) ;
#89 = ORIENTED_EDGE ( 'NONE', *, *, #1587, .F. ) ;
#90 = FACE_OUTER_BOUND ( 'NONE', #1151, .T. ) ;
#91 = DIRECTION ( 'NONE',  ( 0.000000000000000000, -0.7507120022862697750, -0.6606296160658706729 ) ) ;
#92 = DATE_TIME_ROLE ( 'creation_date' ) ;
#93 = ORIENTED_EDGE ( 'NONE', *, *, #1052, .T. ) ;
#94 = CARTESIAN_POINT ( 'NONE',  ( 5.049999999999993605, -52.50000000000001421, 9.999999999999998224 ) ) ;
#95 = EDGE_CURVE ( 'NONE', #569, #244, #1542, .T. ) ;
#96 = LINE ( 'NONE', #589, #951 ) ;
#97 = CARTESIAN_POINT ( 'NONE',  ( -16.50000000000000711, 59.17157287525382259, 1.000000000000000888 ) ) ;
#98 = ORIENTED_EDGE ( 'NONE', *, *, #279, .F. ) ;
#99 = EDGE_CURVE ( 'NONE', #705, #861, #1059, .T. ) ;
#100 = CIRCLE ( 'NONE', #1135, 2.000000000000000000 ) ;
#101 = DIRECTION ( 'NONE',  ( 0.000000000000000000, 1.000000000000000000, 0.000000000000000000 ) ) ;
#102 = CALENDAR_DATE ( 2026, 24, 4 ) ;
#103 = ORIENTED_EDGE ( 'NONE', *, *, #1070, .F. ) ;
#104 = CARTESIAN_POINT ( 'NONE',  ( -16.50000000000000355, -32.04533352225134024, -9.000000000000001776 ) ) ;
#105 = AXIS2_PLACEMENT_3D ( 'NONE', #529, #1083, #399 ) ;
#106 = CIRCLE ( 'NONE', #1325, 1.000000000000000000 ) ;
#107 = CYLINDRICAL_SURFACE ( 'NONE', #282, 2.000000000000000000 ) ;
#108 = ORIENTED_EDGE ( 'NONE', *, *, #1428, .T. ) ;
#109 = DIRECTION ( 'NONE',  ( 1.000000000000000000, 0.000000000000000000, -0.000000000000000000 ) ) ;
#110 = ADVANCED_FACE ( 'NONE', ( #673 ), #795, .F. ) ;
#111 = CARTESIAN_POINT ( 'NONE',  ( -16.50000000000000355, -59.99999999999998579, 2.000000000000000000 ) ) ;
#112 = CARTESIAN_POINT ( 'NONE',  ( -17.29766592814799253, -58.88630239515460119, 2.101167035926043702 ) ) ;
#113 = CARTESIAN_POINT ( 'NONE',  ( 17.50000000000000000, 32.04533352225132603, -10.00000000000000000 ) ) ;
#114 = ORIENTED_EDGE ( 'NONE', *, *, #552, .T. ) ;
#115 = CARTESIAN_POINT ( 'NONE',  ( -16.50000000000000355, -32.04533352225134024, -9.000000000000003553 ) ) ;
#116 = CARTESIAN_POINT ( 'NONE',  ( -50.00000000000000000, -3.673940397442059178E-15, 40.00000000000001421 ) ) ;
#117 = ADVANCED_FACE ( 'NONE', ( #775 ), #871, .T. ) ;
#118 = CARTESIAN_POINT ( 'NONE',  ( -16.00361896949688401, -59.74757278571701136, 1.992762061006672747 ) ) ;
#119 = PLANE ( 'NONE',  #1284 ) ;
#120 = CARTESIAN_POINT ( 'NONE',  ( -17.50000000000000355, -57.99999999999997868, 2.000000000000000000 ) ) ;
#121 = VERTEX_POINT ( 'NONE', #1115 ) ;
#122 = CIRCLE ( 'NONE', #1315, 2.749999999999998224 ) ;
#123 = DIRECTION ( 'NONE',  ( -1.000000000000000000, 0.000000000000000000, -0.000000000000000000 ) ) ;
#124 = AXIS2_PLACEMENT_3D ( 'NONE', #1693, #463, #471 ) ;
#125 = PERSON_AND_ORGANIZATION ( #1602, #261 ) ;
#126 = AXIS2_PLACEMENT_3D ( 'NONE', #1589, #1470, #906 ) ;
#127 = CARTESIAN_POINT ( 'NONE',  ( -6.602116034141705931E-15, 49.74999999999998579, 4.999999999999998224 ) ) ;
#128 = CC_DESIGN_APPROVAL ( #1287, ( #697 ) ) ;
#129 = VECTOR ( 'NONE', #892, 1000.000000000000000 ) ;
#130 = ORIENTED_EDGE ( 'NONE', *, *, #191, .T. ) ;
#131 = FACE_OUTER_BOUND ( 'NONE', #1389, .T. ) ;
#132 = ORIENTED_EDGE ( 'NONE', *, *, #706, .T. ) ;
#133 = DIRECTION ( 'NONE',  ( 0.000000000000000000, 1.000000000000000000, 7.885106708985500127E-17 ) ) ;
#134 = DIRECTION ( 'NONE',  ( 1.000000000000000000, 0.000000000000000000, 0.000000000000000000 ) ) ;
#135 = ORIENTED_EDGE ( 'NONE', *, *, #202, .F. ) ;
#136 = EDGE_CURVE ( 'NONE', #71, #763, #1524, .T. ) ;
#137 = CARTESIAN_POINT ( 'NONE',  ( -16.50000000000000000, -32.59266510443910647, -9.836915849497328779 ) ) ;
#138 = ORIENTED_EDGE ( 'NONE', *, *, #226, .F. ) ;
#139 = CYLINDRICAL_SURFACE ( 'NONE', #74, 1.000000000000000000 ) ;
#140 = LINE ( 'NONE', #150, #1206 ) ;
#141 = ORIENTED_EDGE ( 'NONE', *, *, #666, .T. ) ;
#142 = DIRECTION ( 'NONE',  ( 0.000000000000000000, 1.000000000000000000, 0.000000000000000000 ) ) ;
#143 = ORIENTED_EDGE ( 'NONE', *, *, #144, .T. ) ;
#144 = EDGE_CURVE ( 'NONE', #1072, #1706, #1114, .T. ) ;
#145 = AXIS2_PLACEMENT_3D ( 'NONE', #1086, #1110, #1518 ) ;
#146 = AXIS2_PLACEMENT_3D ( 'NONE', #196, #1675, #1643 ) ;
#147 = DIRECTION ( 'NONE',  ( 1.000000000000000000, -0.000000000000000000, -0.000000000000000000 ) ) ;
#148 = DIRECTION ( 'NONE',  ( 0.000000000000000000, 0.000000000000000000, 1.000000000000000000 ) ) ;
#149 = CARTESIAN_POINT ( 'NONE',  ( 15.49999999999999822, -57.99999999999997868, 10.00000000000000000 ) ) ;
#150 = CARTESIAN_POINT ( 'NONE',  ( -2.099999999999993872, 2.571758278209434068E-16, 10.00000000000000000 ) ) ;
#151 = ORIENTED_EDGE ( 'NONE', *, *, #1042, .T. ) ;
#152 = AXIS2_PLACEMENT_3D ( 'NONE', #1673, #762, #1563 ) ;
#153 = DIRECTION ( 'NONE',  ( 6.938893903907222067E-15, -1.000000000000000000, 6.938893903907222067E-15 ) ) ;
#154 = VERTEX_POINT ( 'NONE', #20 ) ;
#155 = ADVANCED_FACE ( 'NONE', ( #275 ), #1250, .F. ) ;
#156 = CARTESIAN_POINT ( 'NONE',  ( -16.44892610094868246, 58.64443133430532384, 1.102147798102662835 ) ) ;
#157 = FACE_OUTER_BOUND ( 'NONE', #824, .T. ) ;
#158 = EDGE_CURVE ( 'NONE', #772, #1125, #269, .T. ) ;
#159 = CARTESIAN_POINT ( 'NONE',  ( 16.49999999999999645, -32.04533352225134024, -9.000000000000001776 ) ) ;
#160 = CARTESIAN_POINT ( 'NONE',  ( 17.15188955519614922, -59.18653773056909984, 1.348110444803777730 ) ) ;
#161 = ORIENTED_EDGE ( 'NONE', *, *, #706, .F. ) ;
#162 = CARTESIAN_POINT ( 'NONE',  ( -2.099999999999998757, 2.571758278209439985E-16, -2.400000000000001243 ) ) ;
#163 = ORIENTED_EDGE ( 'NONE', *, *, #1035, .T. ) ;
#164 = CARTESIAN_POINT ( 'NONE',  ( -17.06254638674950641, 59.30395656095045354, 1.437453613250583517 ) ) ;
#165 = CARTESIAN_POINT ( 'NONE',  ( 16.29510763021248820, -59.21997956991496892, 1.409784739574986512 ) ) ;
#166 = EDGE_CURVE ( 'NONE', #271, #569, #140, .T. ) ;
#167 = VERTEX_POINT ( 'NONE', #412 ) ;
#168 = ADVANCED_FACE ( 'NONE', ( #1391 ), #175, .T. ) ;
#169 = FACE_OUTER_BOUND ( 'NONE', #4, .T. ) ;
#170 = ORIENTED_EDGE ( 'NONE', *, *, #99, .F. ) ;
#171 = EDGE_CURVE ( 'NONE', #1508, #881, #756, .T. ) ;
#172 = CARTESIAN_POINT ( 'NONE',  ( -17.49999999924629890, 58.19659951090228134, 1.000000000753625384 ) ) ;
#173 = CIRCLE ( 'NONE', #1082, 2.749999999999998224 ) ;
#174 = FACE_OUTER_BOUND ( 'NONE', #911, .T. ) ;
#175 = CYLINDRICAL_SURFACE ( 'NONE', #1088, 1.000000000000000888 ) ;
#176 = CIRCLE ( 'NONE', #998, 2.099999999999998757 ) ;
#177 = VERTEX_POINT ( 'NONE', #94 ) ;
#178 =( BOUNDED_CURVE ( )  B_SPLINE_CURVE ( 3, ( #228, #733, #1156, #1166 ),
 .UNSPECIFIED., .F., .F. ) 
 B_SPLINE_CURVE_WITH_KNOTS ( ( 4, 4 ),
 ( 0.000000000000000000, 1.570796326794896780 ),
 .UNSPECIFIED. ) 
 CURVE ( )  GEOMETRIC_REPRESENTATION_ITEM ( )  RATIONAL_B_SPLINE_CURVE ( ( 1.000000000000000000, 0.8047378541243649375, 0.8047378541243649375, 1.000000000000000000 ) ) 
 REPRESENTATION_ITEM ( '' )  );
#179 = APPROVAL_PERSON_ORGANIZATION ( #488, #1729, #1584 ) ;
#180 = CARTESIAN_POINT ( 'NONE',  ( 16.49127640711979836, 59.77802397096313314, 2.008723592880753195 ) ) ;
#181 = ORIENTED_EDGE ( 'NONE', *, *, #1273, .T. ) ;
#182 = AXIS2_PLACEMENT_3D ( 'NONE', #111, #506, #249 ) ;
#183 = CARTESIAN_POINT ( 'NONE',  ( 16.50000000000000000, -3.673940397442059178E-15, 40.00000000000001421 ) ) ;
#184 = DIRECTION ( 'NONE',  ( -1.000000000000000000, 0.000000000000000000, 0.000000000000000000 ) ) ;
#185 = VERTEX_POINT ( 'NONE', #728 ) ;
#186 = DIRECTION ( 'NONE',  ( 0.000000000000000000, 1.000000000000000000, 0.000000000000000000 ) ) ;
#187 = DIRECTION ( 'NONE',  ( 6.646282613352490739E-15, 0.8369158494973326645, 0.5473315821877615672 ) ) ;
#188 = VERTEX_POINT ( 'NONE', #213 ) ;
#189 = CARTESIAN_POINT ( 'NONE',  ( 17.23566318878517833, 59.00230136216341492, 2.132168405607419270 ) ) ;
#190 = ORIENTED_EDGE ( 'NONE', *, *, #1418, .F. ) ;
#191 = EDGE_CURVE ( 'NONE', #772, #1401, #1512, .T. ) ;
#192 = DIRECTION ( 'NONE',  ( 0.000000000000000000, 1.000000000000000000, 7.885106708985500127E-17 ) ) ;
#193 = DIRECTION ( 'NONE',  ( 0.000000000000000000, 0.000000000000000000, 1.000000000000000000 ) ) ;
#194 = APPLICATION_PROTOCOL_DEFINITION ( 'international standard', 'config_control_design', 1994, #1345 ) ;
#195 = ORIENTED_EDGE ( 'NONE', *, *, #1399, .T. ) ;
#196 = CARTESIAN_POINT ( 'NONE',  ( -15.50000000000000533, 58.00000000000000711, 10.00000000000000000 ) ) ;
#197 = DIRECTION ( 'NONE',  ( 1.000000000000000000, -0.000000000000000000, -0.000000000000000000 ) ) ;
#198 = ORIENTED_EDGE ( 'NONE', *, *, #748, .F. ) ;
#199 = CARTESIAN_POINT ( 'NONE',  ( 17.39785220189732584, 58.64443133430533805, 2.051073899051385041 ) ) ;
#200 = EDGE_LOOP ( 'NONE', ( #1309, #1407, #1662, #477 ) ) ;
#201 = DIRECTION ( 'NONE',  ( -0.000000000000000000, -0.000000000000000000, 1.000000000000000000 ) ) ;
#202 = EDGE_CURVE ( 'NONE', #384, #1664, #1403, .T. ) ;
#203 = CARTESIAN_POINT ( 'NONE',  ( -15.76184657318170323, 60.00000000000001421, 2.869076713409554724 ) ) ;
#204 = FACE_BOUND ( 'NONE', #303, .T. ) ;
#205 = AXIS2_PLACEMENT_3D ( 'NONE', #1272, #1147, #354 ) ;
#206 = CARTESIAN_POINT ( 'NONE',  ( 16.87543637290919918, 59.50077375515757439, 1.624563627090721996 ) ) ;
#207 = ORIENTED_EDGE ( 'NONE', *, *, #1070, .T. ) ;
#208 = VECTOR ( 'NONE', #620, 1000.000000000000000 ) ;
#209 = DIRECTION ( 'NONE',  ( 0.000000000000000000, 0.000000000000000000, 1.000000000000000000 ) ) ;
#210 = DIRECTION ( 'NONE',  ( 0.000000000000000000, 0.000000000000000000, -1.000000000000000000 ) ) ;
#211 = CIRCLE ( 'NONE', #289, 2.749999999999995559 ) ;
#212 = ORIENTED_EDGE ( 'NONE', *, *, #1199, .F. ) ;
#213 = CARTESIAN_POINT ( 'NONE',  ( -16.50000000000000355, -32.04533352225134024, -10.00000000000000000 ) ) ;
#214 = EDGE_CURVE ( 'NONE', #670, #861, #1576, .T. ) ;
#215 = CARTESIAN_POINT ( 'NONE',  ( -50.00000000000000000, 32.59266510443909937, -9.836915849497335884 ) ) ;
#216 = CARTESIAN_POINT ( 'NONE',  ( -5.050000000000007816, 52.49999999999998579, 4.999999999999998224 ) ) ;
#217 = CARTESIAN_POINT ( 'NONE',  ( 16.72909346051886104, 59.59933366422734480, 2.385453269740642313 ) ) ;
#218 = VERTEX_POINT ( 'NONE', #1676 ) ;
#219 = PLANE ( 'NONE',  #1534 ) ;
#220 = DIRECTION ( 'NONE',  ( -0.000000000000000000, 6.938893903907230843E-17, -1.000000000000000000 ) ) ;
#221 = CALENDAR_DATE ( 2026, 24, 4 ) ;
#222 = EDGE_LOOP ( 'NONE', ( #297, #1246, #424, #273 ) ) ;
#223 = CARTESIAN_POINT ( 'NONE',  ( -6.938893903907228378E-15, -52.50000000000001421, 4.999999999999998224 ) ) ;
#224 = EDGE_CURVE ( 'NONE', #1174, #121, #898, .T. ) ;
#225 = CARTESIAN_POINT ( 'NONE',  ( 16.50000000000000000, 60.00000000000001421, 1.000000000000000888 ) ) ;
#226 = EDGE_CURVE ( 'NONE', #1706, #1213, #1549, .T. ) ;
#227 = ORIENTED_EDGE ( 'NONE', *, *, #1265, .T. ) ;
#228 = CARTESIAN_POINT ( 'NONE',  ( 16.50000000000000000, -57.99999999999997868, 1.000000000000000888 ) ) ;
#229 = CARTESIAN_POINT ( 'NONE',  ( -6.938893903907228378E-15, -52.50000000000001421, 9.999999999999998224 ) ) ;
#230 = ORIENTED_EDGE ( 'NONE', *, *, #1142, .T. ) ;
#231 = AXIS2_PLACEMENT_3D ( 'NONE', #1218, #1364, #693 ) ;
#232 = FACE_BOUND ( 'NONE', #821, .T. ) ;
#233 = EDGE_CURVE ( 'NONE', #1519, #1750, #1006, .T. ) ;
#234 = CIRCLE ( 'NONE', #535, 0.9999999999999990008 ) ;
#235 = LINE ( 'NONE', #643, #1679 ) ;
#236 = EDGE_LOOP ( 'NONE', ( #996, #1585, #57, #853 ) ) ;
#237 = CIRCLE ( 'NONE', #684, 5.050000000000000711 ) ;
#238 = EDGE_CURVE ( 'NONE', #534, #1179, #345, .T. ) ;
#239 = DIRECTION ( 'NONE',  ( -1.000000000000000000, 0.000000000000000000, 0.000000000000000000 ) ) ;
#240 = TOROIDAL_SURFACE ( 'NONE', #1628, 2.000000000000000000, 1.000000000000000000 ) ;
#241 = DIRECTION ( 'NONE',  ( -1.000000000000000000, 0.000000000000000000, 0.000000000000000000 ) ) ;
#242 = CARTESIAN_POINT ( 'NONE',  ( -16.11454673025929196, -59.59933366422684742, 1.770906539480676445 ) ) ;
#243 = PLANE ( 'NONE',  #1200 ) ;
#244 = VERTEX_POINT ( 'NONE', #1003 ) ;
#245 = CARTESIAN_POINT ( 'NONE',  ( -6.938893903907228378E-15, 52.49999999999998579, 1.000000000000000888 ) ) ;
#246 = ADVANCED_FACE ( 'NONE', ( #1300 ), #976, .T. ) ;
#247 = DATE_TIME_ROLE ( 'classification_date' ) ;
#248 = EDGE_CURVE ( 'NONE', #50, #55, #487, .T. ) ;
#249 = DIRECTION ( 'NONE',  ( 0.000000000000000000, 0.000000000000000000, -1.000000000000000000 ) ) ;
#250 = CARTESIAN_POINT ( 'NONE',  ( -15.69633697004914374, -59.99990745013746363, 2.803663029950218544 ) ) ;
#251 = CARTESIAN_POINT ( 'NONE',  ( 16.50000000000000000, -32.59266510443910647, -9.836915849497328779 ) ) ;
#252 = ORIENTED_EDGE ( 'NONE', *, *, #1394, .F. ) ;
#253 = LINE ( 'NONE', #929, #1625 ) ;
#254 = CARTESIAN_POINT ( 'NONE',  ( 15.49999999999999645, 60.00000000000001421, 3.000000000000000888 ) ) ;
#255 = CARTESIAN_POINT ( 'NONE',  ( 0.000000000000000000, 0.000000000000000000, 10.00000000000000178 ) ) ;
#256 = ORIENTED_EDGE ( 'NONE', *, *, #1731, .T. ) ;
#257 = AXIS2_PLACEMENT_3D ( 'NONE', #1078, #1623, #789 ) ;
#258 = ORIENTED_EDGE ( 'NONE', *, *, #414, .T. ) ;
#259 = AXIS2_PLACEMENT_3D ( 'NONE', #1689, #598, #459 ) ;
#260 = CARTESIAN_POINT ( 'NONE',  ( -6.938893903907228378E-15, 52.49999999999998579, 1.000000000000001332 ) ) ;
#261 = ORGANIZATION ( '未指定', '未指定', '' ) ;
#262 = CARTESIAN_POINT ( 'NONE',  ( -17.47406081184869464, -58.38998141954120058, 1.025939188151232306 ) ) ;
#263 = EDGE_CURVE ( 'NONE', #498, #265, #954, .T. ) ;
#264 = VECTOR ( 'NONE', #1458, 1000.000000000000000 ) ;
#265 = VERTEX_POINT ( 'NONE', #1016 ) ;
#266 = LINE ( 'NONE', #941, #34 ) ;
#267 = VERTEX_POINT ( 'NONE', #1558 ) ;
#268 = DIRECTION ( 'NONE',  ( -0.000000000000000000, -0.000000000000000000, 1.000000000000000000 ) ) ;
#269 = LINE ( 'NONE', #1098, #605 ) ;
#270 = ADVANCED_FACE ( 'NONE', ( #882, #1160, #204, #76 ), #1704, .F. ) ;
#271 = VERTEX_POINT ( 'NONE', #1699 ) ;
#272 = DIRECTION ( 'NONE',  ( -0.000000000000000000, -0.000000000000000000, 1.000000000000000000 ) ) ;
#273 = ORIENTED_EDGE ( 'NONE', *, *, #1405, .F. ) ;
#274 = DIRECTION ( 'NONE',  ( 1.000000000000000000, -0.000000000000000000, -0.000000000000000000 ) ) ;
#275 = FACE_OUTER_BOUND ( 'NONE', #1192, .T. ) ;
#276 = ORIENTED_EDGE ( 'NONE', *, *, #1153, .T. ) ;
#277 = DIRECTION ( 'NONE',  ( 0.000000000000000000, 0.000000000000000000, 1.000000000000000000 ) ) ;
#278 = ORIENTED_EDGE ( 'NONE', *, *, #1327, .F. ) ;
#279 = EDGE_CURVE ( 'NONE', #546, #121, #468, .T. ) ;
#280 = VECTOR ( 'NONE', #474, 1000.000000000000000 ) ;
#281 = ADVANCED_FACE ( 'NONE', ( #904 ), #1441, .F. ) ;
#282 = AXIS2_PLACEMENT_3D ( 'NONE', #86, #339, #1303 ) ;
#283 = CARTESIAN_POINT ( 'NONE',  ( -16.49355391007048155, 58.26179617165954738, 1.012892179859092190 ) ) ;
#284 = DIRECTION ( 'NONE',  ( 0.000000000000000000, 0.000000000000000000, -1.000000000000000000 ) ) ;
#285 = CIRCLE ( 'NONE', #972, 2.749999999999995559 ) ;
#286 = CARTESIAN_POINT ( 'NONE',  ( 16.50723793899308944, -59.74757278571711083, 2.496381030503317611 ) ) ;
#287 =( BOUNDED_CURVE ( )  B_SPLINE_CURVE ( 3, ( #120, #659, #633, #1609 ),
 .UNSPECIFIED., .F., .F. ) 
 B_SPLINE_CURVE_WITH_KNOTS ( ( 4, 4 ),
 ( 3.141592653589793116, 4.712388980384689674 ),
 .UNSPECIFIED. ) 
 CURVE ( )  GEOMETRIC_REPRESENTATION_ITEM ( )  RATIONAL_B_SPLINE_CURVE ( ( 1.000000000000000000, 0.8047378541243649375, 0.8047378541243649375, 1.000000000000000000 ) ) 
 REPRESENTATION_ITEM ( '' )  );
#288 = ORIENTED_EDGE ( 'NONE', *, *, #1312, .F. ) ;
#289 = AXIS2_PLACEMENT_3D ( 'NONE', #260, #499, #133 ) ;
#290 = CARTESIAN_POINT ( 'NONE',  ( -6.938893903907228378E-15, 52.49999999999998579, 4.999999999999998224 ) ) ;
#291 = ORIENTED_EDGE ( 'NONE', *, *, #767, .T. ) ;
#292 = EDGE_CURVE ( 'NONE', #948, #679, #1712, .T. ) ;
#293 = CARTESIAN_POINT ( 'NONE',  ( -17.15188955519615632, 59.18653773056912826, 1.348110444803777730 ) ) ;
#294 = CYLINDRICAL_SURFACE ( 'NONE', #747, 2.000000000000000000 ) ;
#295 = EDGE_CURVE ( 'NONE', #1332, #1525, #860, .T. ) ;
#296 = CARTESIAN_POINT ( 'NONE',  ( 16.87543637290944076, -59.50077375515756017, 1.624563627090536810 ) ) ;
#297 = ORIENTED_EDGE ( 'NONE', *, *, #171, .F. ) ;
#298 = DIRECTION ( 'NONE',  ( -0.000000000000000000, -1.000000000000000000, -0.000000000000000000 ) ) ;
#299 = EDGE_LOOP ( 'NONE', ( #1622, #980, #484 ) ) ;
#300 = CARTESIAN_POINT ( 'NONE',  ( -16.25338680665018742, 59.32165351144586651, 1.493226386699672226 ) ) ;
#301 = PLANE ( 'NONE',  #395 ) ;
#302 = CARTESIAN_POINT ( 'NONE',  ( 16.77839265160762849, -59.58157591876748427, 1.721607348392389492 ) ) ;
#303 = EDGE_LOOP ( 'NONE', ( #618, #1026 ) ) ;
#304 = CARTESIAN_POINT ( 'NONE',  ( 16.50723793899310010, 59.74757278571713925, 2.496381030503317611 ) ) ;
#305 = VERTEX_POINT ( 'NONE', #1748 ) ;
#306 = LINE ( 'NONE', #1119, #543 ) ;
#307 = DIRECTION ( 'NONE',  ( -0.000000000000000000, 1.000000000000000000, 0.000000000000000000 ) ) ;
#308 = FACE_OUTER_BOUND ( 'NONE', #1118, .T. ) ;
#309 = CIRCLE ( 'NONE', #1627, 1.000000000000000888 ) ;
#310 = ORIENTED_EDGE ( 'NONE', *, *, #1211, .T. ) ;
#311 = EDGE_CURVE ( 'NONE', #1401, #177, #517, .T. ) ;
#312 = CARTESIAN_POINT ( 'NONE',  ( 15.49999999999999645, 60.00000000000001421, 3.000000000000002665 ) ) ;
#313 = ORIENTED_EDGE ( 'NONE', *, *, #311, .F. ) ;
#314 = CIRCLE ( 'NONE', #14, 2.000000000000000000 ) ;
#315 = CARTESIAN_POINT ( 'NONE',  ( 16.49999999999999645, -57.99999999999997868, 2.000000000000000000 ) ) ;
#316 = CARTESIAN_POINT ( 'NONE',  ( -6.938893903907228378E-15, 55.24999999999997868, 4.999999999999998224 ) ) ;
#317 = CARTESIAN_POINT ( 'NONE',  ( -6.938893903907228378E-15, -52.50000000000001421, 1.000000000000001332 ) ) ;
#318 = ADVANCED_FACE ( 'NONE', ( #1474 ), #1336, .T. ) ;
#319 = EDGE_LOOP ( 'NONE', ( #1077, #1293, #413, #195, #612, #660, #431, #1610, #699, #1540 ) ) ;
#320 = DIRECTION ( 'NONE',  ( 0.000000000000000000, 0.000000000000000000, -1.000000000000000000 ) ) ;
#321 = CARTESIAN_POINT ( 'NONE',  ( -50.00000000000000000, -45.45433532071145777, 0.000000000000000000 ) ) ;
#322 = ADVANCED_FACE ( 'NONE', ( #1186 ), #1728, .T. ) ;
#323 = CARTESIAN_POINT ( 'NONE',  ( -6.938893903907228378E-15, -49.75000000000001421, 1.000000000000001110 ) ) ;
#324 = ORIENTED_EDGE ( 'NONE', *, *, #95, .T. ) ;
#325 = CARTESIAN_POINT ( 'NONE',  ( 17.49999999999999645, -59.99999999999998579, 10.00000000000000000 ) ) ;
#326 = DIRECTION ( 'NONE',  ( 1.000000000000000000, 0.000000000000000000, 0.000000000000000000 ) ) ;
#327 = DIRECTION ( 'NONE',  ( -0.000000000000000000, -0.000000000000000000, 1.000000000000000000 ) ) ;
#328 = VERTEX_POINT ( 'NONE', #254 ) ;
#329 = CARTESIAN_POINT ( 'NONE',  ( 16.49355391007047444, 58.26179617165954738, 1.012892179859092190 ) ) ;
#330 = VERTEX_POINT ( 'NONE', #127 ) ;
#331 = EDGE_CURVE ( 'NONE', #1072, #328, #58, .T. ) ;
#332 = CARTESIAN_POINT ( 'NONE',  ( -15.69633697004959494, 59.99990745013876392, 2.803663029951053431 ) ) ;
#333 = ADVANCED_FACE ( 'NONE', ( #1069 ), #358, .T. ) ;
#334 = ORIENTED_EDGE ( 'NONE', *, *, #1499, .F. ) ;
#335 = DIRECTION ( 'NONE',  ( -1.000000000000000000, -0.000000000000000000, -0.000000000000000000 ) ) ;
#336 = AXIS2_PLACEMENT_3D ( 'NONE', #1632, #142, #813 ) ;
#337 = CYLINDRICAL_SURFACE ( 'NONE', #1488, 1.000000000000000000 ) ;
#338 = TOROIDAL_SURFACE ( 'NONE', #1538, 2.000000000000000000, 1.000000000000000000 ) ;
#339 = DIRECTION ( 'NONE',  ( 0.000000000000000000, 0.000000000000000000, -1.000000000000000000 ) ) ;
#340 = DIRECTION ( 'NONE',  ( 0.000000000000000000, 6.938893903907228378E-15, -1.000000000000000000 ) ) ;
#341 = ORIENTED_EDGE ( 'NONE', *, *, #191, .F. ) ;
#342 = LOCAL_TIME ( 14, 53, 5.000000000000000000, #1022 ) ;
#343 = DIRECTION ( 'NONE',  ( 1.000000000000000000, 0.000000000000000000, 0.000000000000000000 ) ) ;
#344 = PLANE ( 'NONE',  #1400 ) ;
#345 = CIRCLE ( 'NONE', #1578, 0.9999999999999998890 ) ;
#346 = LINE ( 'NONE', #910, #718 ) ;
#347 = EDGE_CURVE ( 'NONE', #740, #1440, #1058, .T. ) ;
#348 = ORIENTED_EDGE ( 'NONE', *, *, #1710, .F. ) ;
#349 = DIRECTION ( 'NONE',  ( -0.000000000000000000, 6.938893903907230843E-17, -1.000000000000000000 ) ) ;
#350 = EDGE_CURVE ( 'NONE', #1508, #167, #665, .T. ) ;
#351 = CYLINDRICAL_SURFACE ( 'NONE', #126, 2.749999999999995559 ) ;
#352 = CARTESIAN_POINT ( 'NONE',  ( -16.50000000000000355, -45.45433532071145777, 2.000000000000000888 ) ) ;
#353 = ORIENTED_EDGE ( 'NONE', *, *, #584, .T. ) ;
#354 = DIRECTION ( 'NONE',  ( 0.000000000000000000, 1.776356839400250465E-15, -1.000000000000000000 ) ) ;
#355 = CARTESIAN_POINT ( 'NONE',  ( 16.50000000000000000, -43.95291131613891622, 1.321259232131736905 ) ) ;
#356 = DIRECTION ( 'NONE',  ( 0.000000000000000000, 1.000000000000000000, 7.885106708985500127E-17 ) ) ;
#357 = EDGE_LOOP ( 'NONE', ( #409, #950, #334 ) ) ;
#358 = CYLINDRICAL_SURFACE ( 'NONE', #182, 1.000000000000000000 ) ;
#359 = CARTESIAN_POINT ( 'NONE',  ( -16.08578643762691129, 60.00000000000002132, 1.828427124746191623 ) ) ;
#360 = DIRECTION ( 'NONE',  ( 0.000000000000000000, 1.000000000000000000, 0.000000000000000000 ) ) ;
#361 = ORIENTED_EDGE ( 'NONE', *, *, #1189, .T. ) ;
#362 = DIRECTION ( 'NONE',  ( -1.000000000000000000, 0.000000000000000000, 0.000000000000000000 ) ) ;
#363 = ORIENTED_EDGE ( 'NONE', *, *, #1522, .F. ) ;
#364 = DIRECTION ( 'NONE',  ( -1.000000000000000000, -0.000000000000000000, -0.000000000000000000 ) ) ;
#365 = CARTESIAN_POINT ( 'NONE',  ( -16.77839265160748639, -59.58157591876777559, 1.721607348392587555 ) ) ;
#366 = CIRCLE ( 'NONE', #1454, 1.000000000000000888 ) ;
#367 = DIRECTION ( 'NONE',  ( 0.000000000000000000, 0.000000000000000000, -1.000000000000000000 ) ) ;
#368 = ADVANCED_FACE ( 'NONE', ( #522 ), #373, .T. ) ;
#369 = VECTOR ( 'NONE', #1580, 1000.000000000000000 ) ;
#370 = ORIENTED_EDGE ( 'NONE', *, *, #6, .T. ) ;
#371 = CYLINDRICAL_SURFACE ( 'NONE', #626, 0.9999999999999991118 ) ;
#372 = CC_DESIGN_APPROVAL ( #1729, ( #830 ) ) ;
#373 = CYLINDRICAL_SURFACE ( 'NONE', #1375, 2.000000000000000000 ) ;
#374 = CIRCLE ( 'NONE', #1378, 1.000000000000000000 ) ;
#375 = CARTESIAN_POINT ( 'NONE',  ( -17.50000000000000355, -57.99999999999997868, 10.00000000000000000 ) ) ;
#376 = DIRECTION ( 'NONE',  ( 0.000000000000000000, 0.000000000000000000, -1.000000000000000000 ) ) ;
#377 = ORIENTED_EDGE ( 'NONE', *, *, #1533, .F. ) ;
#378 = CC_DESIGN_DATE_AND_TIME_ASSIGNMENT ( #1360, #247, ( #1005 ) ) ;
#379 = PLANE ( 'NONE',  #1504 ) ;
#380 = CARTESIAN_POINT ( 'NONE',  ( 17.49999999999999645, 59.17157287525382259, 2.000000000000001332 ) ) ;
#381 = DIRECTION ( 'NONE',  ( -0.000000000000000000, 1.000000000000000000, 0.000000000000000000 ) ) ;
#382 = CARTESIAN_POINT ( 'NONE',  ( -16.36783159439249147, -59.00230136216335808, 1.264336811214800349 ) ) ;
#383 = DIRECTION ( 'NONE',  ( -1.000000000000000000, 0.000000000000000000, 0.000000000000000000 ) ) ;
#384 = VERTEX_POINT ( 'NONE', #1468 ) ;
#385 = LINE ( 'NONE', #391, #1480 ) ;
#386 = EDGE_CURVE ( 'NONE', #1706, #328, #903, .T. ) ;
#387 = DIRECTION ( 'NONE',  ( 1.000000000000000000, -0.000000000000000000, -0.000000000000000000 ) ) ;
#388 = CARTESIAN_POINT ( 'NONE',  ( -15.50000000000000533, -59.99999999999998579, 3.000000000000000888 ) ) ;
#389 = ORIENTED_EDGE ( 'NONE', *, *, #136, .T. ) ;
#390 = CIRCLE ( 'NONE', #945, 2.749999999999995559 ) ;
#391 = CARTESIAN_POINT ( 'NONE',  ( -50.00000000000000000, 44.70362331842517989, 0.6606296160658677863 ) ) ;
#392 = ORIENTED_EDGE ( 'NONE', *, *, #1380, .F. ) ;
#393 = CIRCLE ( 'NONE', #854, 58.54829972383764414 ) ;
#394 = COORDINATED_UNIVERSAL_TIME_OFFSET ( 8, 0, .AHEAD. ) ;
#395 = AXIS2_PLACEMENT_3D ( 'NONE', #575, #1642, #703 ) ;
#396 = CARTESIAN_POINT ( 'NONE',  ( -17.48710782014091691, 58.26179617165954028, 2.006446089929523779 ) ) ;
#397 = ADVANCED_FACE ( 'NONE', ( #1620 ), #1595, .T. ) ;
#398 = AXIS2_PLACEMENT_3D ( 'NONE', #695, #1081, #403 ) ;
#399 = DIRECTION ( 'NONE',  ( 0.000000000000000000, 1.000000000000000000, 7.885106708985500127E-17 ) ) ;
#400 = AXIS2_PLACEMENT_3D ( 'NONE', #116, #387, #944 ) ;
#401 = ORIENTED_EDGE ( 'NONE', *, *, #1080, .F. ) ;
#402 = EDGE_LOOP ( 'NONE', ( #1382, #872, #451, #1102 ) ) ;
#403 = DIRECTION ( 'NONE',  ( 0.000000000000000000, -0.000000000000000000, -1.000000000000000000 ) ) ;
#404 = CARTESIAN_POINT ( 'NONE',  ( 17.43603330147200836, -58.51856511640497871, 2.031983349264016692 ) ) ;
#405 = CC_DESIGN_PERSON_AND_ORGANIZATION_ASSIGNMENT ( #125, #943, ( #830 ) ) ;
#406 = ORIENTED_EDGE ( 'NONE', *, *, #508, .F. ) ;
#407 = EDGE_CURVE ( 'NONE', #121, #1174, #211, .T. ) ;
#408 = LINE ( 'NONE', #1494, #1571 ) ;
#409 = ORIENTED_EDGE ( 'NONE', *, *, #1062, .F. ) ;
#410 = DIRECTION ( 'NONE',  ( 0.000000000000000000, 0.8369158494973290008, 0.5473315821877671183 ) ) ;
#411 = CARTESIAN_POINT ( 'NONE',  ( -16.50000000000000000, -59.99999999999998579, 1.000000000000000888 ) ) ;
#412 = CARTESIAN_POINT ( 'NONE',  ( -15.50000000000000533, 60.00000000000001421, 3.000000000000000888 ) ) ;
#413 = ORIENTED_EDGE ( 'NONE', *, *, #214, .F. ) ;
#414 = EDGE_CURVE ( 'NONE', #1019, #1295, #672, .T. ) ;
#415 = DIRECTION ( 'NONE',  ( 0.000000000000000000, 1.000000000000000000, 0.000000000000000000 ) ) ;
#416 = EDGE_LOOP ( 'NONE', ( #27, #1163 ) ) ;
#417 = VECTOR ( 'NONE', #887, 1000.000000000000000 ) ;
#418 = AXIS2_PLACEMENT_3D ( 'NONE', #826, #1509, #836 ) ;
#419 = CARTESIAN_POINT ( 'NONE',  ( 0.000000000000000000, 0.000000000000000000, 10.00000000000000178 ) ) ;
#420 = LINE ( 'NONE', #411, #632 ) ;
#421 = VECTOR ( 'NONE', #1104, 1000.000000000000000 ) ;
#422 = CARTESIAN_POINT ( 'NONE',  ( 17.47406081184859161, -58.38998141954182586, 1.025939188151357984 ) ) ;
#423 = EDGE_CURVE ( 'NONE', #185, #154, #1175, .T. ) ;
#424 = ORIENTED_EDGE ( 'NONE', *, *, #1692, .F. ) ;
#425 = AXIS2_PLACEMENT_3D ( 'NONE', #223, #1310, #1170 ) ;
#426 = DIRECTION ( 'NONE',  ( -1.000000000000000000, -0.000000000000000000, -0.000000000000000000 ) ) ;
#427 = ORIENTED_EDGE ( 'NONE', *, *, #666, .F. ) ;
#428 = CARTESIAN_POINT ( 'NONE',  ( -16.72909346051858392, 59.59933366422762191, 2.385453269740642313 ) ) ;
#429 = DIRECTION ( 'NONE',  ( 0.000000000000000000, 0.000000000000000000, -1.000000000000000000 ) ) ;
#430 = CARTESIAN_POINT ( 'NONE',  ( 17.29766592814779358, -58.88630239515505593, 2.101167035926042370 ) ) ;
#431 = ORIENTED_EDGE ( 'NONE', *, *, #668, .T. ) ;
#432 = CARTESIAN_POINT ( 'NONE',  ( -17.50000000000000355, -3.673940397442059178E-15, 40.00000000000001421 ) ) ;
#433 = ORIENTED_EDGE ( 'NONE', *, *, #1533, .T. ) ;
#434 = LINE ( 'NONE', #492, #1253 ) ;
#435 = LINE ( 'NONE', #990, #1465 ) ;
#436 = DIRECTION ( 'NONE',  ( 0.000000000000000000, 0.000000000000000000, 1.000000000000000000 ) ) ;
#437 = ADVANCED_FACE ( 'NONE', ( #686 ), #1496, .F. ) ;
#438 = DIRECTION ( 'NONE',  ( 0.000000000000000000, 0.000000000000000000, -1.000000000000000000 ) ) ;
#439 = EDGE_LOOP ( 'NONE', ( #348, #504 ) ) ;
#440 = CARTESIAN_POINT ( 'NONE',  ( 16.00361896949656781, 59.74757278571706820, 1.992762061006736474 ) ) ;
#441 = ORIENTED_EDGE ( 'NONE', *, *, #1243, .F. ) ;
#442 = CARTESIAN_POINT ( 'NONE',  ( 16.49999999999999645, 32.04533352225132603, -10.00000000000000000 ) ) ;
#443 = CARTESIAN_POINT ( 'NONE',  ( -15.50000000000000533, 60.00000000000001421, 3.000000000000003553 ) ) ;
#444 = CIRCLE ( 'NONE', #1735, 1.000000000000000000 ) ;
#445 = DIRECTION ( 'NONE',  ( 0.000000000000000000, 0.000000000000000000, 1.000000000000000000 ) ) ;
#446 = AXIS2_PLACEMENT_3D ( 'NONE', #907, #1615, #383 ) ;
#447 = DIRECTION ( 'NONE',  ( 0.000000000000000000, 1.000000000000000000, 0.000000000000000000 ) ) ;
#448 = DIRECTION ( 'NONE',  ( 1.387778780781445833E-14, 0.5473315821877614562, -0.8369158494973325535 ) ) ;
#449 = EDGE_CURVE ( 'NONE', #1299, #1706, #831, .T. ) ;
#450 = CIRCLE ( 'NONE', #11, 5.050000000000000711 ) ;
#451 = ORIENTED_EDGE ( 'NONE', *, *, #1746, .F. ) ;
#452 = CARTESIAN_POINT ( 'NONE',  ( 16.49999999999999645, 58.00000000000000711, 1.000000000000000888 ) ) ;
#453 = ORIENTED_EDGE ( 'NONE', *, *, #1405, .T. ) ;
#454 = AXIS2_PLACEMENT_3D ( 'NONE', #65, #870, #1412 ) ;
#455 = CIRCLE ( 'NONE', #1687, 59.54829972383765124 ) ;
#456 = CYLINDRICAL_SURFACE ( 'NONE', #1422, 2.000000000000000000 ) ;
#457 = DIRECTION ( 'NONE',  ( 0.000000000000000000, 0.000000000000000000, 1.000000000000000000 ) ) ;
#458 = CARTESIAN_POINT ( 'NONE',  ( 17.49999999999999645, -57.99999999999997868, 2.000000000000000000 ) ) ;
#459 = DIRECTION ( 'NONE',  ( 0.000000000000000000, 0.000000000000000000, 1.000000000000000000 ) ) ;
#460 = DIRECTION ( 'NONE',  ( 0.000000000000000000, 0.000000000000000000, 1.000000000000000000 ) ) ;
#461 = CARTESIAN_POINT ( 'NONE',  ( 16.50000000000000000, 44.70362331842516568, 0.6606296160658732264 ) ) ;
#462 = EDGE_CURVE ( 'NONE', #305, #154, #541, .T. ) ;
#463 = DIRECTION ( 'NONE',  ( 1.000000000000000000, -0.000000000000000000, -0.000000000000000000 ) ) ;
#464 = EDGE_LOOP ( 'NONE', ( #1349, #1479, #363, #581 ) ) ;
#465 = DIRECTION ( 'NONE',  ( 0.000000000000000000, 0.000000000000000000, 1.000000000000000000 ) ) ;
#466 = CARTESIAN_POINT ( 'NONE',  ( -2.099999999999988987, 2.571758278209430617E-16, 10.00000000000000178 ) ) ;
#467 = PERSON_AND_ORGANIZATION_ROLE ( 'creator' ) ;
#468 = LINE ( 'NONE', #1033, #1038 ) ;
#469 = CARTESIAN_POINT ( 'NONE',  ( -16.50000000000000355, 32.34192325759248376, -10.00000000000000000 ) ) ;
#470 = CARTESIAN_POINT ( 'NONE',  ( 5.049999999999993605, -52.50000000000001421, 4.999999999999998224 ) ) ;
#471 = DIRECTION ( 'NONE',  ( 0.000000000000000000, 0.000000000000000000, -1.000000000000000000 ) ) ;
#472 = ORIENTED_EDGE ( 'NONE', *, *, #1499, .T. ) ;
#473 = EDGE_CURVE ( 'NONE', #534, #50, #781, .T. ) ;
#474 = DIRECTION ( 'NONE',  ( 0.000000000000000000, 0.000000000000000000, -1.000000000000000000 ) ) ;
#475 = DIRECTION ( 'NONE',  ( -1.000000000000000000, 0.000000000000000000, 0.000000000000000000 ) ) ;
#476 = VECTOR ( 'NONE', #749, 1000.000000000000000 ) ;
#477 = ORIENTED_EDGE ( 'NONE', *, *, #473, .F. ) ;
#478 = DIRECTION ( 'NONE',  ( -1.000000000000000000, 0.000000000000000000, -0.000000000000000000 ) ) ;
#479 = CARTESIAN_POINT ( 'NONE',  ( 2.099999999999993872, 0.000000000000000000, 10.00000000000000000 ) ) ;
#480 = ADVANCED_FACE ( 'NONE', ( #1103 ), #139, .T. ) ;
#481 = AXIS2_PLACEMENT_3D ( 'NONE', #1579, #1311, #1598 ) ;
#482 = CARTESIAN_POINT ( 'NONE',  ( -17.50000000000000355, -59.99999999999998579, 10.00000000000000000 ) ) ;
#483 = CARTESIAN_POINT ( 'NONE',  ( 15.49999999999999645, 60.00000000000001421, 3.000000000000004441 ) ) ;
#484 = ORIENTED_EDGE ( 'NONE', *, *, #238, .F. ) ;
#485 = PLANE ( 'NONE',  #1342 ) ;
#486 = CARTESIAN_POINT ( 'NONE',  ( -15.50000000000000533, -57.99999999999997868, 10.00000000000000000 ) ) ;
#487 = CIRCLE ( 'NONE', #454, 0.9999999999999990008 ) ;
#488 = PERSON_AND_ORGANIZATION ( #1602, #261 ) ;
#489 = ORIENTED_EDGE ( 'NONE', *, *, #527, .F. ) ;
#490 = DIRECTION ( 'NONE',  ( 0.8571673007021115565, 0.000000000000000000, 0.5150380749100554878 ) ) ;
#491 = DIRECTION ( 'NONE',  ( -0.000000000000000000, 1.000000000000000000, -0.000000000000000000 ) ) ;
#492 = CARTESIAN_POINT ( 'NONE',  ( -17.50000000000000355, -59.99999999999998579, 2.000000000000000000 ) ) ;
#493 = DIRECTION ( 'NONE',  ( -0.000000000000000000, -0.000000000000000000, 1.000000000000000000 ) ) ;
#494 = ORIENTED_EDGE ( 'NONE', *, *, #1211, .F. ) ;
#495 = ADVANCED_FACE ( 'NONE', ( #960 ), #838, .T. ) ;
#496 = DIRECTION ( 'NONE',  ( -0.000000000000000000, 6.938893903907230843E-17, -1.000000000000000000 ) ) ;
#497 = DIRECTION ( 'NONE',  ( -0.000000000000000000, 6.938893903907230843E-17, -1.000000000000000000 ) ) ;
#498 = VERTEX_POINT ( 'NONE', #1361 ) ;
#499 = DIRECTION ( 'NONE',  ( -0.000000000000000000, 6.938893903907230843E-17, -1.000000000000000000 ) ) ;
#500 = EDGE_CURVE ( 'NONE', #1295, #705, #1292, .T. ) ;
#501 = CARTESIAN_POINT ( 'NONE',  ( -17.31080415495183900, -58.90841389844878506, 1.189195845048191646 ) ) ;
#502 = DIRECTION ( 'NONE',  ( 1.000000000000000000, 0.000000000000000000, 0.000000000000000000 ) ) ;
#503 = DIRECTION ( 'NONE',  ( -0.000000000000000000, -0.000000000000000000, 1.000000000000000000 ) ) ;
#504 = ORIENTED_EDGE ( 'NONE', *, *, #1065, .F. ) ;
#505 = DIRECTION ( 'NONE',  ( -1.000000000000000000, 0.000000000000000000, 0.000000000000000000 ) ) ;
#506 = DIRECTION ( 'NONE',  ( 0.000000000000000000, -1.000000000000000000, 0.000000000000000000 ) ) ;
#507 = CARTESIAN_POINT ( 'NONE',  ( -17.37831487708630718, -58.74763398995467867, 1.121685122913778976 ) ) ;
#508 = EDGE_CURVE ( 'NONE', #244, #569, #1743, .T. ) ;
#509 = AXIS2_PLACEMENT_3D ( 'NONE', #115, #101, #1316 ) ;
#510 = CARTESIAN_POINT ( 'NONE',  ( -6.938893903907228378E-15, 52.49999999999998579, 9.999999999999998224 ) ) ;
#511 = ADVANCED_FACE ( 'NONE', ( #822 ), #1257, .T. ) ;
#512 = AXIS2_PLACEMENT_3D ( 'NONE', #1714, #1024, #621 ) ;
#513 = CARTESIAN_POINT ( 'NONE',  ( 17.50000000000000000, -45.45433532071145777, 1.000000000000000888 ) ) ;
#514 = VERTEX_POINT ( 'NONE', #62 ) ;
#515 = CARTESIAN_POINT ( 'NONE',  ( -50.00000000000000000, 60.00000000000001421, 1.000000000000000888 ) ) ;
#516 = PERSON_AND_ORGANIZATION ( #1602, #261 ) ;
#517 = LINE ( 'NONE', #937, #1259 ) ;
#518 = CARTESIAN_POINT ( 'NONE',  ( -17.06254638674900903, -59.30395656095039669, 1.437453613250732731 ) ) ;
#519 = ORIENTED_EDGE ( 'NONE', *, *, #95, .F. ) ;
#520 = ADVANCED_FACE ( 'NONE', ( #900 ), #344, .T. ) ;
#521 = CARTESIAN_POINT ( 'NONE',  ( -17.50000000000000355, -57.99999999999997868, 10.00000000000000000 ) ) ;
#522 = FACE_OUTER_BOUND ( 'NONE', #1314, .T. ) ;
#523 = CARTESIAN_POINT ( 'NONE',  ( -16.72909346051927670, -59.59933366422689716, 2.385453269740643645 ) ) ;
#524 = DIRECTION ( 'NONE',  ( -1.000000000000000000, 0.000000000000000000, 0.000000000000000000 ) ) ;
#525 = ORIENTED_EDGE ( 'NONE', *, *, #721, .F. ) ;
#526 = ORIENTED_EDGE ( 'NONE', *, *, #1234, .T. ) ;
#527 = EDGE_CURVE ( 'NONE', #1125, #177, #1008, .T. ) ;
#528 = DIRECTION ( 'NONE',  ( 0.000000000000000000, 1.000000000000000000, 0.000000000000000000 ) ) ;
#529 = CARTESIAN_POINT ( 'NONE',  ( -6.938893903907228378E-15, -52.50000000000001421, 1.000000000000000888 ) ) ;
#530 = CARTESIAN_POINT ( 'NONE',  ( -17.50000000000000000, -32.04533352225134024, -10.00000000000000000 ) ) ;
#531 = EDGE_LOOP ( 'NONE', ( #60, #1535, #23, #313 ) ) ;
#532 = CIRCLE ( 'NONE', #509, 0.9999999999999991118 ) ;
#533 = CARTESIAN_POINT ( 'NONE',  ( -16.08578643762690774, -59.99999999999999289, 1.828427124746190069 ) ) ;
#534 = VERTEX_POINT ( 'NONE', #1297 ) ;
#535 = AXIS2_PLACEMENT_3D ( 'NONE', #722, #580, #614 ) ;
#536 = ADVANCED_FACE ( 'NONE', ( #1684 ), #1438, .F. ) ;
#537 = CIRCLE ( 'NONE', #829, 1.000000000000000000 ) ;
#538 = DIRECTION ( 'NONE',  ( 1.000000000000000000, 0.000000000000000000, 0.000000000000000000 ) ) ;
#539 = DIRECTION ( 'NONE',  ( -0.000000000000000000, 0.6606296160658701178, -0.7507120022862704412 ) ) ;
#540 = ADVANCED_FACE ( 'NONE', ( #617 ), #82, .T. ) ;
#541 = CIRCLE ( 'NONE', #635, 1.000000000000000666 ) ;
#542 = CARTESIAN_POINT ( 'NONE',  ( 16.02349579046725125, -59.94794534432800504, 2.738252104766502271 ) ) ;
#543 = VECTOR ( 'NONE', #867, 1000.000000000000000 ) ;
#544 = EDGE_LOOP ( 'NONE', ( #634, #1629, #389, #1225, #1487, #757, #108, #572 ) ) ;
#545 = DIRECTION ( 'NONE',  ( 0.000000000000000000, 0.000000000000000000, -1.000000000000000000 ) ) ;
#546 = VERTEX_POINT ( 'NONE', #316 ) ;
#547 = CARTESIAN_POINT ( 'NONE',  ( -17.43603330147201902, 58.51856511640500713, 2.031983349264016692 ) ) ;
#548 = DIRECTION ( 'NONE',  ( -1.000000000000000000, 0.000000000000000000, 0.000000000000000000 ) ) ;
#549 = CARTESIAN_POINT ( 'NONE',  ( 15.69633697004948303, -59.99990745013744942, 2.803663029950994368 ) ) ;
#550 = EDGE_CURVE ( 'NONE', #55, #1179, #455, .T. ) ;
#551 = EDGE_LOOP ( 'NONE', ( #768, #163, #494 ) ) ;
#552 = EDGE_CURVE ( 'NONE', #218, #1017, #106, .T. ) ;
#553 = CARTESIAN_POINT ( 'NONE',  ( -50.00000000000000000, -32.04533352225134024, -9.000000000000001776 ) ) ;
#554 = VERTEX_POINT ( 'NONE', #593 ) ;
#555 = DIRECTION ( 'NONE',  ( 0.000000000000000000, 0.5473315821877680065, -0.8369158494973284457 ) ) ;
#556 = DIRECTION ( 'NONE',  ( -1.000000000000000000, 0.000000000000000000, 0.000000000000000000 ) ) ;
#557 = PRODUCT_DEFINITION_SHAPE ( 'NONE', 'NONE',  #697 ) ;
#558 = DIRECTION ( 'NONE',  ( -3.469446951953611033E-15, 0.000000000000000000, -1.000000000000000000 ) ) ;
#559 = CARTESIAN_POINT ( 'NONE',  ( 16.46801665073597931, -58.51856511640497160, 1.063966698527988308 ) ) ;
#560 = ORIENTED_EDGE ( 'NONE', *, *, #743, .T. ) ;
#561 = DIRECTION ( 'NONE',  ( 0.000000000000000000, 0.000000000000000000, -1.000000000000000000 ) ) ;
#562 = ORIENTED_EDGE ( 'NONE', *, *, #915, .T. ) ;
#563 = DESIGN_CONTEXT ( 'detailed design', #1345, 'design' ) ;
#564 = AXIS2_PLACEMENT_3D ( 'NONE', #515, #1592, #109 ) ;
#565 = CIRCLE ( 'NONE', #630, 1.000000000000000000 ) ;
#566 = CARTESIAN_POINT ( 'NONE',  ( -17.00677361330036419, 59.32165351144583809, 2.246613193349856097 ) ) ;
#567 = DIRECTION ( 'NONE',  ( 1.000000000000000000, 0.000000000000000000, 0.000000000000000000 ) ) ;
#568 = CARTESIAN_POINT ( 'NONE',  ( 15.89743864246523586, -59.97379281257626360, 2.602561357535054576 ) ) ;
#569 = VERTEX_POINT ( 'NONE', #466 ) ;
#570 = AXIS2_PLACEMENT_3D ( 'NONE', #1421, #335, #1430 ) ;
#571 = CARTESIAN_POINT ( 'NONE',  ( -16.50000000000000355, -59.17157287525380127, 1.000000000000000666 ) ) ;
#572 = ORIENTED_EDGE ( 'NONE', *, *, #1291, .T. ) ;
#573 = EDGE_CURVE ( 'NONE', #71, #328, #306, .T. ) ;
#574 = FACE_OUTER_BOUND ( 'NONE', #1624, .T. ) ;
#575 = CARTESIAN_POINT ( 'NONE',  ( -50.00000000000000000, -59.99999999999998579, 1.000000000000000888 ) ) ;
#576 = ORIENTED_EDGE ( 'NONE', *, *, #449, .F. ) ;
#577 = CARTESIAN_POINT ( 'NONE',  ( 16.29066511088440805, -59.86499769986594544, 2.209334889115264655 ) ) ;
#578 = ORIENTED_EDGE ( 'NONE', *, *, #1692, .T. ) ;
#579 = MANIFOLD_SOLID_BREP ( '圆角2', #1321 ) ;
#580 = DIRECTION ( 'NONE',  ( 0.000000000000000000, 0.6606296160658700067, 0.7507120022862704412 ) ) ;
#581 = ORIENTED_EDGE ( 'NONE', *, *, #879, .F. ) ;
#582 = CARTESIAN_POINT ( 'NONE',  ( 16.50000000000000000, -32.04533352225134024, -8.999999999999996447 ) ) ;
#583 = APPLICATION_CONTEXT ( 'configuration controlled 3d designs of mechanical parts and assemblies' ) ;
#584 = EDGE_CURVE ( 'NONE', #330, #1174, #435, .T. ) ;
#585 = CARTESIAN_POINT ( 'NONE',  ( 16.50000000000000000, -3.673940397442059178E-15, 40.00000000000001421 ) ) ;
#586 = FACE_OUTER_BOUND ( 'NONE', #1393, .T. ) ;
#587 = EDGE_CURVE ( 'NONE', #534, #740, #930, .T. ) ;
#588 = DIRECTION ( 'NONE',  ( 1.000000000000000000, 0.000000000000000000, 0.000000000000000000 ) ) ;
#589 = CARTESIAN_POINT ( 'NONE',  ( -17.50000000000000355, -32.34192325759247666, -9.000000000000003553 ) ) ;
#590 = DIRECTION ( 'NONE',  ( 1.000000000000000000, -5.305075090814124876E-15, -3.469446951953599200E-15 ) ) ;
#591 = VERTEX_POINT ( 'NONE', #43 ) ;
#592 = LINE ( 'NONE', #1544, #417 ) ;
#593 = CARTESIAN_POINT ( 'NONE',  ( 15.49999999999999645, -59.99999999999998579, 10.00000000000000000 ) ) ;
#594 = APPLICATION_PROTOCOL_DEFINITION ( 'international standard', 'config_control_design', 1994, #583 ) ;
#595 = ADVANCED_FACE ( 'NONE', ( #574 ), #1144, .T. ) ;
#596 = AXIS2_PLACEMENT_3D ( 'NONE', #1402, #1548, #727 ) ;
#597 = VERTEX_POINT ( 'NONE', #1137 ) ;
#598 = DIRECTION ( 'NONE',  ( -1.000000000000000000, 0.000000000000000000, 0.000000000000000000 ) ) ;
#599 = CARTESIAN_POINT ( 'NONE',  ( -6.938893903907228378E-15, -52.50000000000001421, 4.999999999999998224 ) ) ;
#600 = VECTOR ( 'NONE', #967, 1000.000000000000000 ) ;
#601 = EDGE_CURVE ( 'NONE', #55, #615, #374, .T. ) ;
#602 = LOCAL_TIME ( 14, 53, 5.000000000000000000, #1286 ) ;
#603 = CARTESIAN_POINT ( 'NONE',  ( -15.50000000000000533, -59.99999999999998579, 10.00000000000000000 ) ) ;
#604 = ORIENTED_EDGE ( 'NONE', *, *, #1715, .F. ) ;
#605 = VECTOR ( 'NONE', #1362, 1000.000000000000000 ) ;
#606 = UNCERTAINTY_MEASURE_WITH_UNIT (LENGTH_MEASURE( 1.000000000000000082E-05 ), #1031, 'distance_accuracy_value', 'NONE');
#607 = FACE_OUTER_BOUND ( 'NONE', #1116, .T. ) ;
#608 = CARTESIAN_POINT ( 'NONE',  ( 16.49999999999999645, 45.45433532071144356, 1.000000000000000888 ) ) ;
#609 = DIRECTION ( 'NONE',  ( 0.000000000000000000, 0.000000000000000000, 1.000000000000000000 ) ) ;
#610 = ORIENTED_EDGE ( 'NONE', *, *, #1482, .T. ) ;
#611 = CARTESIAN_POINT ( 'NONE',  ( 0.000000000000000000, 0.000000000000000000, 10.00000000000000000 ) ) ;
#612 = ORIENTED_EDGE ( 'NONE', *, *, #171, .T. ) ;
#613 = EDGE_CURVE ( 'NONE', #701, #514, #314, .T. ) ;
#614 = DIRECTION ( 'NONE',  ( 0.000000000000000000, -0.7507120022862697750, 0.6606296160658706729 ) ) ;
#615 = VERTEX_POINT ( 'NONE', #608 ) ;
#616 = CARTESIAN_POINT ( 'NONE',  ( -6.938893903907228378E-15, -52.50000000000001421, 1.000000000000001332 ) ) ;
#617 = FACE_OUTER_BOUND ( 'NONE', #299, .T. ) ;
#618 = ORIENTED_EDGE ( 'NONE', *, *, #657, .T. ) ;
#619 = CARTESIAN_POINT ( 'NONE',  ( 17.49999999999999645, 58.00000000000000711, 10.00000000000000000 ) ) ;
#620 = DIRECTION ( 'NONE',  ( -0.000000000000000000, -0.000000000000000000, 1.000000000000000000 ) ) ;
#621 = DIRECTION ( 'NONE',  ( -1.000000000000000000, 0.000000000000000000, 0.000000000000000000 ) ) ;
#622 = CARTESIAN_POINT ( 'NONE',  ( 15.69633697004957185, 59.99990745013876392, 2.803663029951068975 ) ) ;
#623 = VERTEX_POINT ( 'NONE', #1583 ) ;
#624 = DIRECTION ( 'NONE',  ( -0.000000000000000000, 6.938893903907230843E-17, -1.000000000000000000 ) ) ;
#625 = LINE ( 'NONE', #1446, #476 ) ;
#626 = AXIS2_PLACEMENT_3D ( 'NONE', #636, #918, #782 ) ;
#627 = EDGE_LOOP ( 'NONE', ( #198, #353, #80, #98 ) ) ;
#628 = CARTESIAN_POINT ( 'NONE',  ( 16.50000000000000000, 32.04533352225132603, -8.999999999999996447 ) ) ;
#629 = FACE_OUTER_BOUND ( 'NONE', #83, .T. ) ;
#630 = AXIS2_PLACEMENT_3D ( 'NONE', #352, #360, #1452 ) ;
#631 = DIRECTION ( 'NONE',  ( 0.000000000000000000, -0.000000000000000000, 1.000000000000000000 ) ) ;
#632 = VECTOR ( 'NONE', #307, 1000.000000000000000 ) ;
#633 = CARTESIAN_POINT ( 'NONE',  ( -16.67157287525381548, -59.99999999999999289, 2.414213562373095812 ) ) ;
#634 = ORIENTED_EDGE ( 'NONE', *, *, #1356, .T. ) ;
#635 = AXIS2_PLACEMENT_3D ( 'NONE', #1089, #410, #555 ) ;
#636 = CARTESIAN_POINT ( 'NONE',  ( 16.49999999999999645, -59.99999999999998579, -9.000000000000003553 ) ) ;
#637 = EDGE_CURVE ( 'NONE', #861, #1155, #1631, .T. ) ;
#638 = AXIS2_PLACEMENT_3D ( 'NONE', #1529, #1545, #855 ) ;
#639 = ORIENTED_EDGE ( 'NONE', *, *, #573, .T. ) ;
#640 = CARTESIAN_POINT ( 'NONE',  ( 16.08578643762690064, 60.00000000000002132, 1.828427124746191623 ) ) ;
#641 = CARTESIAN_POINT ( 'NONE',  ( -15.50000000000000533, -59.99999999999998579, 3.000000000000000888 ) ) ;
#642 = CARTESIAN_POINT ( 'NONE',  ( -17.50000000000000355, 58.00000000000000711, 10.00000000000000000 ) ) ;
#643 = CARTESIAN_POINT ( 'NONE',  ( -15.50000000000000533, 60.00000000000001421, 10.00000000000000000 ) ) ;
#644 = ORIENTED_EDGE ( 'NONE', *, *, #962, .F. ) ;
#645 = DIRECTION ( 'NONE',  ( 0.000000000000000000, -1.000000000000000000, -0.000000000000000000 ) ) ;
#646 = EDGE_CURVE ( 'NONE', #701, #265, #783, .T. ) ;
#647 = DIRECTION ( 'NONE',  ( 0.000000000000000000, 1.000000000000000000, 0.000000000000000000 ) ) ;
#648 = CARTESIAN_POINT ( 'NONE',  ( -16.50000000000000355, -57.99999999999997868, 1.000000000000000888 ) ) ;
#649 = CARTESIAN_POINT ( 'NONE',  ( -16.50000000000000000, 58.00000000000000711, 1.000000000000000888 ) ) ;
#650 = DIRECTION ( 'NONE',  ( -0.000000000000000000, -0.000000000000000000, 1.000000000000000000 ) ) ;
#651 = EDGE_LOOP ( 'NONE', ( #64, #993, #1121, #715 ) ) ;
#652 = CYLINDRICAL_SURFACE ( 'NONE', #5, 2.749999999999995559 ) ;
#653 = CARTESIAN_POINT ( 'NONE',  ( 16.67157287525380482, 60.00000000000002132, 2.414213562373097144 ) ) ;
#654 = CC_DESIGN_PERSON_AND_ORGANIZATION_ASSIGNMENT ( #952, #784, ( #1005 ) ) ;
#655 = CARTESIAN_POINT ( 'NONE',  ( -16.49127640711950704, -59.77802397096259313, 2.008723592880365061 ) ) ;
#656 = CIRCLE ( 'NONE', #1392, 5.050000000000000711 ) ;
#657 = EDGE_CURVE ( 'NONE', #177, #1125, #1057, .T. ) ;
#658 = CIRCLE ( 'NONE', #825, 1.000000000000000888 ) ;
#659 = CARTESIAN_POINT ( 'NONE',  ( -17.50000000000000355, -59.17157287525380127, 2.000000000000001332 ) ) ;
#660 = ORIENTED_EDGE ( 'NONE', *, *, #1346, .F. ) ;
#661 = DIRECTION ( 'NONE',  ( 0.000000000000000000, 0.000000000000000000, -1.000000000000000000 ) ) ;
#662 = CARTESIAN_POINT ( 'NONE',  ( 15.49999999999999645, 60.00000000000001421, 3.000000000000000888 ) ) ;
#663 = VECTOR ( 'NONE', #327, 1000.000000000000000 ) ;
#664 = CARTESIAN_POINT ( 'NONE',  ( -17.50000000000000355, -57.99999999999997868, 2.000000000000000888 ) ) ;
#665 =( BOUNDED_CURVE ( )  B_SPLINE_CURVE ( 3, ( #1449, #1180, #1753, #1606 ),
 .UNSPECIFIED., .F., .T. ) 
 B_SPLINE_CURVE_WITH_KNOTS ( ( 4, 4 ),
 ( 0.000000000000000000, 1.570796326794897446 ),
 .UNSPECIFIED. ) 
 CURVE ( )  GEOMETRIC_REPRESENTATION_ITEM ( )  RATIONAL_B_SPLINE_CURVE ( ( 1.000000000000000000, 0.8047378541243648264, 0.8047378541243648264, 1.000000000000000000 ) ) 
 REPRESENTATION_ITEM ( '' )  );
#666 = EDGE_CURVE ( 'NONE', #328, #167, #625, .T. ) ;
#667 = ORIENTED_EDGE ( 'NONE', *, *, #295, .F. ) ;
#668 = EDGE_CURVE ( 'NONE', #1357, #154, #1251, .T. ) ;
#669 = DIRECTION ( 'NONE',  ( 1.000000000000000000, -0.000000000000000000, -0.000000000000000000 ) ) ;
#670 = VERTEX_POINT ( 'NONE', #1445 ) ;
#671 = SHAPE_DEFINITION_REPRESENTATION ( #557, #875 ) ;
#672 = LINE ( 'NONE', #1051, #833 ) ;
#673 = FACE_OUTER_BOUND ( 'NONE', #989, .T. ) ;
#674 = ORIENTED_EDGE ( 'NONE', *, *, #248, .T. ) ;
#675 = CARTESIAN_POINT ( 'NONE',  ( 15.49999999999999645, 58.00000000000000711, 10.00000000000000000 ) ) ;
#676 = EDGE_LOOP ( 'NONE', ( #93, #1581, #683, #1340 ) ) ;
#677 = CARTESIAN_POINT ( 'NONE',  ( 16.49999999999999645, -59.99999999999998579, 2.000000000000000000 ) ) ;
#678 = CARTESIAN_POINT ( 'NONE',  ( 16.36783159439259805, -59.00230136216340071, 1.264336811214834544 ) ) ;
#679 = VERTEX_POINT ( 'NONE', #81 ) ;
#680 = CIRCLE ( 'NONE', #145, 59.54829972383765124 ) ;
#681 = VECTOR ( 'NONE', #939, 1000.000000000000000 ) ;
#682 = CARTESIAN_POINT ( 'NONE',  ( 16.50000000000000000, -57.99999999999997868, 1.000000000000000888 ) ) ;
#683 = ORIENTED_EDGE ( 'NONE', *, *, #1108, .T. ) ;
#684 = AXIS2_PLACEMENT_3D ( 'NONE', #1390, #725, #548 ) ;
#685 = ADVANCED_FACE ( 'NONE', ( #90 ), #1107, .F. ) ;
#686 = FACE_OUTER_BOUND ( 'NONE', #1711, .T. ) ;
#687 = VECTOR ( 'NONE', #1551, 1000.000000000000000 ) ;
#688 = FACE_OUTER_BOUND ( 'NONE', #1560, .T. ) ;
#689 = VECTOR ( 'NONE', #490, 1000.000000000000000 ) ;
#690 = CARTESIAN_POINT ( 'NONE',  ( 17.39785220189734716, -58.64443133430526700, 2.051073899051385041 ) ) ;
#691 = AXIS2_PLACEMENT_3D ( 'NONE', #419, #268, #538 ) ;
#692 = ORIENTED_EDGE ( 'NONE', *, *, #1698, .T. ) ;
#693 = DIRECTION ( 'NONE',  ( 0.000000000000000000, 0.000000000000000000, -1.000000000000000000 ) ) ;
#694 = ORIENTED_EDGE ( 'NONE', *, *, #962, .T. ) ;
#695 = CARTESIAN_POINT ( 'NONE',  ( -17.50000000000000355, 60.00000000000001421, 10.00000000000000000 ) ) ;
#696 = DIRECTION ( 'NONE',  ( 0.000000000000000000, 0.000000000000000000, -1.000000000000000000 ) ) ;
#697 = PRODUCT_DEFINITION ( '未知', '', #830, #563 ) ;
#698 = CARTESIAN_POINT ( 'NONE',  ( 17.09021526042500128, -59.21997956991498313, 2.204892369787492701 ) ) ;
#699 = ORIENTED_EDGE ( 'NONE', *, *, #1014, .T. ) ;
#700 = CARTESIAN_POINT ( 'NONE',  ( -16.50000000000000000, -57.99999999999997868, 1.000000000000000888 ) ) ;
#701 = VERTEX_POINT ( 'NONE', #1582 ) ;
#702 = CARTESIAN_POINT ( 'NONE',  ( -16.36783159439260871, 59.00230136216342913, 1.264336811214834544 ) ) ;
#703 = DIRECTION ( 'NONE',  ( 1.000000000000000000, 0.000000000000000000, -0.000000000000000000 ) ) ;
#704 = CARTESIAN_POINT ( 'NONE',  ( -17.50000000000000355, 60.00000000000001421, 10.00000000000000000 ) ) ;
#705 = VERTEX_POINT ( 'NONE', #1409 ) ;
#706 = EDGE_CURVE ( 'NONE', #679, #942, #390, .T. ) ;
#707 = AXIS2_PLACEMENT_3D ( 'NONE', #553, #1647, #1663 ) ;
#708 =( BOUNDED_SURFACE ( )  B_SPLINE_SURFACE ( 3, 2, ( 
 ( #452, #1025, #896 ),
 ( #1294, #730, #1559 ),
 ( #329, #1569, #885 ),
 ( #1414, #1133, #1280 ),
 ( #1036, #1395, #199 ),
 ( #59, #1435, #79 ),
 ( #1423, #852, #189 ),
 ( #1270, #206, #1681 ),
 ( #1670, #1539, #739 ),
 ( #70, #180, #217 ),
 ( #440, #1406, #304 ),
 ( #1263, #759, #1304 ),
 ( #88, #622, #49 ),
 ( #483, #995, #312 ) ),
 .UNSPECIFIED., .F., .F., .F. ) 
 B_SPLINE_SURFACE_WITH_KNOTS ( ( 4, 2, 2, 2, 2, 2, 4 ),
 ( 3, 3 ),
 ( 6.283185307179586232, 6.479534848028948524, 6.675884388878310816, 6.872233929727672219, 7.068583470577034511, 7.461282552275758206, 7.853981633974482790 ),
 ( 0.000000000000000000, 1.000000000000000000 ),
 .UNSPECIFIED. ) 
 GEOMETRIC_REPRESENTATION_ITEM ( )  RATIONAL_B_SPLINE_SURFACE ( (
 ( 1.000000000000000000, 0.7071067811865475727, 1.000000000000000000),
 ( 1.000000000000000000, 0.7070717215218099705, 1.000000000000000000),
 ( 1.000000000000000000, 0.7117460116570654138, 1.000000000000000000),
 ( 1.000000000000000000, 0.7291288848862519378, 1.000000000000000000),
 ( 1.000000000000000000, 0.7418334301983394719, 1.000000000000000000),
 ( 1.000000000000000000, 0.7723968094988646893, 1.000000000000000000),
 ( 1.000000000000000000, 0.7902180193270899045, 1.000000000000000000),
 ( 1.000000000000000000, 0.8275942589162510465, 1.000000000000000000),
 ( 1.000000000000000000, 0.8471316681044515073, 1.000000000000000000),
 ( 1.000000000000000000, 0.9038128751444133302, 1.000000000000000000),
 ( 1.000000000000000000, 0.9386556568292554470, 1.000000000000000000),
 ( 1.000000000000000000, 0.9867291829330568920, 1.000000000000000000),
 ( 1.000000000000000000, 1.000158585517653798, 1.000000000000000000),
 ( 1.000000000000000000, 1.000000000000000000, 1.000000000000000000) ) ) 
 REPRESENTATION_ITEM ( '' )  SURFACE ( )  );
#709 = CARTESIAN_POINT ( 'NONE',  ( -5.050000000000007816, -52.50000000000001421, 9.999999999999998224 ) ) ;
#710 = EDGE_LOOP ( 'NONE', ( #114, #1093, #1352, #865 ) ) ;
#711 = AXIS2_PLACEMENT_3D ( 'NONE', #675, #272, #1238 ) ;
#712 = CARTESIAN_POINT ( 'NONE',  ( -17.23566318878518544, 59.00230136216341492, 2.132168405607419270 ) ) ;
#713 = CYLINDRICAL_SURFACE ( 'NONE', #1739, 5.050000000000000711 ) ;
#714 = CIRCLE ( 'NONE', #1507, 0.9999999999999990008 ) ;
#715 = ORIENTED_EDGE ( 'NONE', *, *, #613, .T. ) ;
#716 = DIRECTION ( 'NONE',  ( 0.000000000000000000, 6.938893903907228378E-15, -1.000000000000000000 ) ) ;
#717 = CARTESIAN_POINT ( 'NONE',  ( 15.76184657318168192, -59.99999999999998579, 2.869076713409558277 ) ) ;
#718 = VECTOR ( 'NONE', #736, 1000.000000000000000 ) ;
#719 = EDGE_LOOP ( 'NONE', ( #230, #797, #1752, #843 ) ) ;
#720 = AXIS2_PLACEMENT_3D ( 'NONE', #764, #1690, #460 ) ;
#721 = EDGE_CURVE ( 'NONE', #1134, #1525, #72, .T. ) ;
#722 = CARTESIAN_POINT ( 'NONE',  ( -16.50000000000000000, 43.95291131613889490, 1.321259232131741790 ) ) ;
#723 = ORIENTED_EDGE ( 'NONE', *, *, #500, .T. ) ;
#724 = CARTESIAN_POINT ( 'NONE',  ( -16.02349579046726902, 59.94794534432803346, 2.738252104766502271 ) ) ;
#725 = DIRECTION ( 'NONE',  ( 0.000000000000000000, 0.000000000000000000, -1.000000000000000000 ) ) ;
#726 = ORIENTED_EDGE ( 'NONE', *, *, #6, .F. ) ;
#727 = DIRECTION ( 'NONE',  ( 0.000000000000000000, 1.000000000000000000, 7.885106708985500127E-17 ) ) ;
#728 = CARTESIAN_POINT ( 'NONE',  ( -16.50000000000000355, 32.04533352225132603, -10.00000000000000000 ) ) ;
#729 = ORIENTED_EDGE ( 'NONE', *, *, #462, .F. ) ;
#730 = CARTESIAN_POINT ( 'NONE',  ( 17.49999999924628824, 58.19659951090228134, 1.000000000753625384 ) ) ;
#731 = ORIENTED_EDGE ( 'NONE', *, *, #1234, .F. ) ;
#732 = CC_DESIGN_PERSON_AND_ORGANIZATION_ASSIGNMENT ( #1138, #1686, ( #1515 ) ) ;
#733 = CARTESIAN_POINT ( 'NONE',  ( 16.49999999999999289, -59.17157287525380127, 1.000000000000000888 ) ) ;
#734 = CARTESIAN_POINT ( 'NONE',  ( -15.89743864246527139, 59.97379281257566674, 2.602561357535075004 ) ) ;
#735 = EDGE_CURVE ( 'NONE', #498, #1019, #592, .T. ) ;
#736 = DIRECTION ( 'NONE',  ( -1.000000000000000000, 0.000000000000000000, 0.000000000000000000 ) ) ;
#737 = CARTESIAN_POINT ( 'NONE',  ( -6.938893903907228378E-15, 52.49999999999998579, 1.000000000000001332 ) ) ;
#738 = DIRECTION ( 'NONE',  ( 0.000000000000000000, -1.000000000000000000, 0.000000000000000000 ) ) ;
#739 = CARTESIAN_POINT ( 'NONE',  ( 17.00677361330022208, 59.32165351144598020, 2.246613193349856097 ) ) ;
#740 = VERTEX_POINT ( 'NONE', #442 ) ;
#741 = CARTESIAN_POINT ( 'NONE',  ( -50.00000000000000000, -32.59266510443910647, -9.836915849497335884 ) ) ;
#742 = DIRECTION ( 'NONE',  ( 1.000000000000000000, -0.000000000000000000, -0.000000000000000000 ) ) ;
#743 = EDGE_CURVE ( 'NONE', #1139, #1653, #52, .T. ) ;
#744 = VECTOR ( 'NONE', #502, 1000.000000000000000 ) ;
#745 = ORIENTED_EDGE ( 'NONE', *, *, #601, .T. ) ;
#746 = DIRECTION ( 'NONE',  ( 0.000000000000000000, 0.000000000000000000, -1.000000000000000000 ) ) ;
#747 = AXIS2_PLACEMENT_3D ( 'NONE', #54, #1128, #556 ) ;
#748 = EDGE_CURVE ( 'NONE', #330, #546, #173, .T. ) ;
#749 = DIRECTION ( 'NONE',  ( -1.000000000000000000, -0.000000000000000000, -0.000000000000000000 ) ) ;
#750 = CYLINDRICAL_SURFACE ( 'NONE', #124, 1.000000000000000000 ) ;
#751 = ORIENTED_EDGE ( 'NONE', *, *, #462, .T. ) ;
#752 = AXIS2_PLACEMENT_3D ( 'NONE', #1491, #1221, #1649 ) ;
#753 = CYLINDRICAL_SURFACE ( 'NONE', #1165, 1.000000000000000000 ) ;
#754 = DIRECTION ( 'NONE',  ( -1.000000000000000000, 0.000000000000000000, -0.000000000000000000 ) ) ;
#755 = CARTESIAN_POINT ( 'NONE',  ( 15.49999999999999822, -59.99999999999998579, 3.000000000000000888 ) ) ;
#756 = LINE ( 'NONE', #1289, #1229 ) ;
#757 = ORIENTED_EDGE ( 'NONE', *, *, #637, .T. ) ;
#758 = DIRECTION ( 'NONE',  ( 0.000000000000000000, -1.000000000000000000, -0.000000000000000000 ) ) ;
#759 = CARTESIAN_POINT ( 'NONE',  ( 15.89743864246526783, 59.97379281257628492, 2.602561357535039033 ) ) ;
#760 = ORIENTED_EDGE ( 'NONE', *, *, #292, .T. ) ;
#761 = DIRECTION ( 'NONE',  ( -6.938893903907222067E-15, 1.000000000000000000, 0.000000000000000000 ) ) ;
#762 = DIRECTION ( 'NONE',  ( -0.000000000000000000, 1.000000000000000000, 0.000000000000000000 ) ) ;
#763 = VERTEX_POINT ( 'NONE', #899 ) ;
#764 = CARTESIAN_POINT ( 'NONE',  ( 16.50000000000000000, -45.45433532071145777, 0.000000000000000000 ) ) ;
#765 = DIRECTION ( 'NONE',  ( 0.000000000000000000, 0.000000000000000000, -1.000000000000000000 ) ) ;
#766 = DIRECTION ( 'NONE',  ( 0.000000000000000000, 1.000000000000000000, 0.000000000000000000 ) ) ;
#767 = EDGE_CURVE ( 'NONE', #1019, #591, #178, .T. ) ;
#768 = ORIENTED_EDGE ( 'NONE', *, *, #500, .F. ) ;
#769 = DIRECTION ( 'NONE',  ( 6.646282613352444985E-15, 0.8369158494973326645, -0.5473315821877614562 ) ) ;
#770 = APPROVAL_DATE_TIME ( #1419, #1287 ) ;
#771 = AXIS2_PLACEMENT_3D ( 'NONE', #229, #1709, #909 ) ;
#772 = VERTEX_POINT ( 'NONE', #1437 ) ;
#773 = DIRECTION ( 'NONE',  ( 0.000000000000000000, 0.8369158494973290008, -0.5473315821877671183 ) ) ;
#774 = CIRCLE ( 'NONE', #446, 2.749999999999998224 ) ;
#775 = FACE_OUTER_BOUND ( 'NONE', #1493, .T. ) ;
#776 = AXIS2_PLACEMENT_3D ( 'NONE', #149, #493, #1725 ) ;
#777 = FACE_OUTER_BOUND ( 'NONE', #1734, .T. ) ;
#778 = ORIENTED_EDGE ( 'NONE', *, *, #449, .T. ) ;
#779 = APPROVAL_PERSON_ORGANIZATION ( #516, #1550, #1604 ) ;
#780 = EDGE_CURVE ( 'NONE', #1134, #597, #889, .T. ) ;
#781 = CIRCLE ( 'NONE', #13, 58.54829972383764414 ) ;
#782 = DIRECTION ( 'NONE',  ( 0.000000000000000000, 0.000000000000000000, -1.000000000000000000 ) ) ;
#783 = CIRCLE ( 'NONE', #994, 0.9999999999999990008 ) ;
#784 = PERSON_AND_ORGANIZATION_ROLE ( 'classification_officer' ) ;
#785 = CARTESIAN_POINT ( 'NONE',  ( 16.49999999999999645, -32.04533352225134024, -9.000000000000007105 ) ) ;
#786 = CARTESIAN_POINT ( 'NONE',  ( -16.46801665073599352, -58.51856511640536951, 1.063966698528067800 ) ) ;
#787 = CARTESIAN_POINT ( 'NONE',  ( -16.50000000000000355, 45.45433532071144356, 1.000000000000000888 ) ) ;
#788 = ORIENTED_EDGE ( 'NONE', *, *, #414, .F. ) ;
#789 = DIRECTION ( 'NONE',  ( 1.000000000000000000, 0.000000000000000000, 0.000000000000000000 ) ) ;
#790 = ADVANCED_FACE ( 'NONE', ( #1572 ), #219, .F. ) ;
#791 = COORDINATED_UNIVERSAL_TIME_OFFSET ( 8, 0, .AHEAD. ) ;
#792 = EDGE_CURVE ( 'NONE', #1525, #1440, #1279, .T. ) ;
#793 = CARTESIAN_POINT ( 'NONE',  ( -15.50000000000000533, -57.99999999999997868, 10.00000000000000000 ) ) ;
#794 = DIRECTION ( 'NONE',  ( 0.000000000000000000, -0.7507120022862697750, -0.6606296160658707839 ) ) ;
#795 = CYLINDRICAL_SURFACE ( 'NONE', #105, 2.749999999999995559 ) ;
#796 = DIRECTION ( 'NONE',  ( -0.000000000000000000, -1.000000000000000000, 0.000000000000000000 ) ) ;
#797 = ORIENTED_EDGE ( 'NONE', *, *, #915, .F. ) ;
#798 = CARTESIAN_POINT ( 'NONE',  ( -17.50000000000000355, 45.45433532071144356, 2.000000000000000000 ) ) ;
#799 = CARTESIAN_POINT ( 'NONE',  ( 16.50000000000000000, 58.00000000000000711, 1.000000000000000888 ) ) ;
#800 = EDGE_CURVE ( 'NONE', #1653, #1019, #444, .T. ) ;
#801 = CARTESIAN_POINT ( 'NONE',  ( -16.87543637290965393, -59.50077375515760991, 1.624563627090607865 ) ) ;
#802 = AXIS2_PLACEMENT_3D ( 'NONE', #1020, #201, #343 ) ;
#803 = AXIS2_PLACEMENT_3D ( 'NONE', #290, #1101, #1094 ) ;
#804 = CARTESIAN_POINT ( 'NONE',  ( 17.49999999999999645, -3.673940397442059178E-15, 40.00000000000001421 ) ) ;
#805 = ORIENTED_EDGE ( 'NONE', *, *, #1042, .F. ) ;
#806 = VECTOR ( 'NONE', #524, 1000.000000000000000 ) ;
#807 = DIRECTION ( 'NONE',  ( 0.000000000000000000, 1.000000000000000000, 7.885106708985500127E-17 ) ) ;
#808 = ORIENTED_EDGE ( 'NONE', *, *, #1536, .F. ) ;
#809 = DIRECTION ( 'NONE',  ( 0.000000000000000000, 0.000000000000000000, -1.000000000000000000 ) ) ;
#810 = AXIS2_PLACEMENT_3D ( 'NONE', #1141, #588, #320 ) ;
#811 = CARTESIAN_POINT ( 'NONE',  ( -17.50000000000000355, -58.13090116331780166, 2.000000000016378898 ) ) ;
#812 = VERTEX_POINT ( 'NONE', #1306 ) ;
#813 = DIRECTION ( 'NONE',  ( -3.469446951953611033E-15, 0.000000000000000000, 1.000000000000000000 ) ) ;
#814 = ORIENTED_EDGE ( 'NONE', *, *, #386, .F. ) ;
#815 = DIRECTION ( 'NONE',  ( 0.000000000000000000, 0.000000000000000000, 1.000000000000000000 ) ) ;
#816 = CARTESIAN_POINT ( 'NONE',  ( 15.49999999999999112, -59.99999999999998579, 3.000000000000002665 ) ) ;
#817 = CARTESIAN_POINT ( 'NONE',  ( -16.50000000000000355, -43.95291131613891622, 1.321259232131736905 ) ) ;
#818 = ORIENTED_EDGE ( 'NONE', *, *, #1698, .F. ) ;
#819 = ADVANCED_FACE ( 'NONE', ( #607 ), #456, .T. ) ;
#820 = CARTESIAN_POINT ( 'NONE',  ( -16.50000000000000355, 58.00000000000000711, 2.000000000000000000 ) ) ;
#821 = EDGE_LOOP ( 'NONE', ( #40, #526 ) ) ;
#822 = FACE_OUTER_BOUND ( 'NONE', #357, .T. ) ;
#823 = DIRECTION ( 'NONE',  ( 1.000000000000000000, 0.000000000000000000, 0.000000000000000000 ) ) ;
#824 = EDGE_LOOP ( 'NONE', ( #1495, #258, #1745, #1264 ) ) ;
#825 = AXIS2_PLACEMENT_3D ( 'NONE', #864, #590, #1009 ) ;
#826 = CARTESIAN_POINT ( 'NONE',  ( -16.50000000000000000, -3.673940397442059178E-15, 40.00000000000001421 ) ) ;
#827 = ORIENTED_EDGE ( 'NONE', *, *, #347, .F. ) ;
#828 = ADVANCED_FACE ( 'NONE', ( #1555 ), #485, .F. ) ;
#829 = AXIS2_PLACEMENT_3D ( 'NONE', #1097, #991, #284 ) ;
#830 = PRODUCT_DEFINITION_FORMATION_WITH_SPECIFIED_SOURCE ( '任何', '', #1515, .NOT_KNOWN. ) ;
#831 = LINE ( 'NONE', #953, #1143 ) ;
#832 = LINE ( 'NONE', #1674, #600 ) ;
#833 = VECTOR ( 'NONE', #364, 1000.000000000000000 ) ;
#834 = CARTESIAN_POINT ( 'NONE',  ( 17.37831487708638534, -58.74763398995408181, 1.121685122913659072 ) ) ;
#835 = EDGE_LOOP ( 'NONE', ( #869, #1262, #1720, #1064 ) ) ;
#836 = DIRECTION ( 'NONE',  ( 0.000000000000000000, 0.000000000000000000, -1.000000000000000000 ) ) ;
#837 = EDGE_LOOP ( 'NONE', ( #16, #1646 ) ) ;
#838 = CYLINDRICAL_SURFACE ( 'NONE', #1066, 59.54829972383764414 ) ;
#839 = CARTESIAN_POINT ( 'NONE',  ( -50.00000000000000000, 58.00000000000000711, 1.000000000000000888 ) ) ;
#840 = ADVANCED_FACE ( 'NONE', ( #866 ), #753, .T. ) ;
#841 = CARTESIAN_POINT ( 'NONE',  ( -17.50000000000000355, 45.45433532071144356, 0.000000000000000000 ) ) ;
#842 = CARTESIAN_POINT ( 'NONE',  ( 17.06254638674921864, -59.30395656095044643, 1.437453613250806450 ) ) ;
#843 = ORIENTED_EDGE ( 'NONE', *, *, #849, .F. ) ;
#844 = DIRECTION ( 'NONE',  ( -0.000000000000000000, 1.000000000000000000, -0.000000000000000000 ) ) ;
#845 = ORIENTED_EDGE ( 'NONE', *, *, #1199, .T. ) ;
#846 = CARTESIAN_POINT ( 'NONE',  ( -16.11454673025929551, 59.59933366422755796, 1.770906539481360564 ) ) ;
#847 = CARTESIAN_POINT ( 'NONE',  ( 2.099999999999998757, 0.000000000000000000, -2.400000000000001243 ) ) ;
#848 = CARTESIAN_POINT ( 'NONE',  ( 17.49999999924628824, -58.19659951090221028, 1.000000000753625384 ) ) ;
#849 = EDGE_CURVE ( 'NONE', #623, #55, #385, .T. ) ;
#850 = ORIENTED_EDGE ( 'NONE', *, *, #1052, .F. ) ;
#851 = AXIS2_PLACEMENT_3D ( 'NONE', #1747, #1727, #1341 ) ;
#852 = CARTESIAN_POINT ( 'NONE',  ( 17.06254638674949575, 59.30395656095045354, 1.437453613250583517 ) ) ;
#853 = ORIENTED_EDGE ( 'NONE', *, *, #1247, .T. ) ;
#854 = AXIS2_PLACEMENT_3D ( 'NONE', #804, #1733, #1348 ) ;
#855 = DIRECTION ( 'NONE',  ( -1.000000000000000000, 0.000000000000000000, 0.000000000000000000 ) ) ;
#856 = LINE ( 'NONE', #1398, #421 ) ;
#857 = ORIENTED_EDGE ( 'NONE', *, *, #292, .F. ) ;
#858 = CYLINDRICAL_SURFACE ( 'NONE', #596, 2.749999999999995559 ) ;
#859 = CARTESIAN_POINT ( 'NONE',  ( -50.00000000000000000, 32.04533352225132603, -9.000000000000001776 ) ) ;
#860 = CIRCLE ( 'NONE', #1685, 1.000000000000000666 ) ;
#861 = VERTEX_POINT ( 'NONE', #521 ) ;
#862 = AXIS2_PLACEMENT_3D ( 'NONE', #1157, #1012, #53 ) ;
#863 = EDGE_CURVE ( 'NONE', #812, #1237, #656, .T. ) ;
#864 = CARTESIAN_POINT ( 'NONE',  ( -16.50000000000000000, 32.04533352225132603, -8.999999999999996447 ) ) ;
#865 = ORIENTED_EDGE ( 'NONE', *, *, #1302, .F. ) ;
#866 = FACE_OUTER_BOUND ( 'NONE', #1616, .T. ) ;
#867 = DIRECTION ( 'NONE',  ( 0.000000000000000000, 0.000000000000000000, -1.000000000000000000 ) ) ;
#868 = CARTESIAN_POINT ( 'NONE',  ( 16.67157287525380482, -59.99999999999998579, 2.414213562373095812 ) ) ;
#869 = ORIENTED_EDGE ( 'NONE', *, *, #913, .F. ) ;
#870 = DIRECTION ( 'NONE',  ( -0.000000000000000000, 0.6606296160658701178, 0.7507120022862702191 ) ) ;
#871 =( BOUNDED_SURFACE ( )  B_SPLINE_SURFACE ( 3, 2, ( 
 ( #47, #10, #1661 ),
 ( #1105, #848, #977 ),
 ( #1651, #422, #1636 ),
 ( #404, #834, #559 ),
 ( #690, #1236, #26 ),
 ( #430, #160, #992 ),
 ( #1387, #842, #678 ),
 ( #698, #296, #165 ),
 ( #1644, #302, #1122 ),
 ( #1092, #1505, #1223 ),
 ( #286, #577, #1242 ),
 ( #542, #568, #1516 ),
 ( #717, #549, #961 ),
 ( #816, #1668, #986 ) ),
 .UNSPECIFIED., .F., .F., .T. ) 
 B_SPLINE_SURFACE_WITH_KNOTS ( ( 4, 2, 2, 2, 2, 2, 4 ),
 ( 3, 3 ),
 ( 6.283185307179586232, 6.479534848028948524, 6.675884388878310816, 6.872233929727672219, 7.068583470577034511, 7.461282552275758206, 7.853981633974482790 ),
 ( 0.000000000000000000, 1.000000000000000000 ),
 .UNSPECIFIED. ) 
 GEOMETRIC_REPRESENTATION_ITEM ( )  RATIONAL_B_SPLINE_SURFACE ( (
 ( 1.000000000000000000, 0.7071067811865475727, 1.000000000000000000),
 ( 1.000000000000000000, 0.7070717215218097484, 1.000000000000000000),
 ( 1.000000000000000000, 0.7117460116570654138, 1.000000000000000000),
 ( 1.000000000000000000, 0.7291288848862519378, 1.000000000000000000),
 ( 1.000000000000000000, 0.7418334301983394719, 1.000000000000000000),
 ( 1.000000000000000000, 0.7723968094988646893, 1.000000000000000000),
 ( 1.000000000000000000, 0.7902180193272103637, 1.000000000000000000),
 ( 1.000000000000000000, 0.8275942589161304763, 1.000000000000000000),
 ( 1.000000000000000000, 0.8471316681044357422, 1.000000000000000000),
 ( 1.000000000000000000, 0.9038128751444376441, 1.000000000000000000),
 ( 1.000000000000000000, 0.9386556568293450420, 1.000000000000000000),
 ( 1.000000000000000000, 0.9867291829329684072, 1.000000000000000000),
 ( 1.000000000000000000, 1.000158585517719301, 1.000000000000000000),
 ( 1.000000000000000000, 1.000000000000000000, 1.000000000000000000) ) ) 
 REPRESENTATION_ITEM ( '' )  SURFACE ( )  );
#872 = ORIENTED_EDGE ( 'NONE', *, *, #1247, .F. ) ;
#873 = CARTESIAN_POINT ( 'NONE',  ( -6.602116034141705143E-15, 49.74999999999998579, 1.000000000000001110 ) ) ;
#874 = ORIENTED_EDGE ( 'NONE', *, *, #905, .T. ) ;
#875 = ADVANCED_BREP_SHAPE_REPRESENTATION ( 'RM-JJ-00083707-01', ( #579, #1202 ), #1486 ) ;
#876 = ADVANCED_FACE ( 'NONE', ( #131 ), #371, .T. ) ;
#877 = DIRECTION ( 'NONE',  ( 1.000000000000000000, -0.000000000000000000, -0.000000000000000000 ) ) ;
#878 = CARTESIAN_POINT ( 'NONE',  ( 17.49999999999999645, -45.45433532071145777, 0.000000000000000000 ) ) ;
#879 = EDGE_CURVE ( 'NONE', #1656, #1237, #253, .T. ) ;
#880 = APPROVAL_STATUS ( 'not_yet_approved' ) ;
#881 = VERTEX_POINT ( 'NONE', #798 ) ;
#882 = FACE_BOUND ( 'NONE', #1517, .T. ) ;
#883 = ORIENTED_EDGE ( 'NONE', *, *, #879, .T. ) ;
#884 = ADVANCED_FACE ( 'NONE', ( #1185 ), #1751, .T. ) ;
#885 = CARTESIAN_POINT ( 'NONE',  ( 17.48710782014090981, 58.26179617165954028, 2.006446089929523779 ) ) ;
#886 = ORIENTED_EDGE ( 'NONE', *, *, #1014, .F. ) ;
#887 = DIRECTION ( 'NONE',  ( -0.000000000000000000, -1.000000000000000000, -0.000000000000000000 ) ) ;
#888 = CARTESIAN_POINT ( 'NONE',  ( -15.50000000000000533, 60.00000000000001421, 3.000000000000004441 ) ) ;
#889 = CIRCLE ( 'NONE', #1705, 0.9999999999999998890 ) ;
#890 = PERSON_AND_ORGANIZATION ( #1602, #261 ) ;
#891 = AXIS2_PLACEMENT_3D ( 'NONE', #159, #186, #558 ) ;
#892 = DIRECTION ( 'NONE',  ( -0.000000000000000000, -1.000000000000000000, -0.000000000000000000 ) ) ;
#893 = AXIS2_PLACEMENT_3D ( 'NONE', #1564, #1317, #1178 ) ;
#894 = CARTESIAN_POINT ( 'NONE',  ( 17.49999999999999645, 43.95291131613890201, 1.321259232131738681 ) ) ;
#895 = LINE ( 'NONE', #642, #1456 ) ;
#896 = CARTESIAN_POINT ( 'NONE',  ( 17.49999999999999645, 58.00000000000000711, 2.000000000000000888 ) ) ;
#897 = ORIENTED_EDGE ( 'NONE', *, *, #407, .T. ) ;
#898 = CIRCLE ( 'NONE', #1432, 2.749999999999995559 ) ;
#899 = CARTESIAN_POINT ( 'NONE',  ( -15.50000000000000533, 60.00000000000001421, 10.00000000000000000 ) ) ;
#900 = FACE_OUTER_BOUND ( 'NONE', #1501, .T. ) ;
#901 = CARTESIAN_POINT ( 'NONE',  ( -17.50000000000000355, -43.95291131613891622, 1.321259232131736905 ) ) ;
#902 = ORIENTED_EDGE ( 'NONE', *, *, #28, .T. ) ;
#903 =( BOUNDED_CURVE ( )  B_SPLINE_CURVE ( 3, ( #1075, #380, #653, #1740 ),
 .UNSPECIFIED., .F., .F. ) 
 B_SPLINE_CURVE_WITH_KNOTS ( ( 4, 4 ),
 ( 0.000000000000000000, 1.570796326794897446 ),
 .UNSPECIFIED. ) 
 CURVE ( )  GEOMETRIC_REPRESENTATION_ITEM ( )  RATIONAL_B_SPLINE_CURVE ( ( 1.000000000000000000, 0.8047378541243648264, 0.8047378541243648264, 1.000000000000000000 ) ) 
 REPRESENTATION_ITEM ( '' )  );
#904 = FACE_OUTER_BOUND ( 'NONE', #1372, .T. ) ;
#905 = EDGE_CURVE ( 'NONE', #546, #330, #122, .T. ) ;
#906 = DIRECTION ( 'NONE',  ( 0.000000000000000000, 1.000000000000000000, 7.885106708985500127E-17 ) ) ;
#907 = CARTESIAN_POINT ( 'NONE',  ( -6.938893903907228378E-15, -52.50000000000001421, 4.999999999999998224 ) ) ;
#908 = EDGE_LOOP ( 'NONE', ( #1324, #1252, #805 ) ) ;
#909 = DIRECTION ( 'NONE',  ( -1.000000000000000000, 0.000000000000000000, 0.000000000000000000 ) ) ;
#910 = CARTESIAN_POINT ( 'NONE',  ( -50.00000000000000000, -44.70362331842518699, 0.6606296160658677863 ) ) ;
#911 = EDGE_LOOP ( 'NONE', ( #85, #1600, #883, #1471 ) ) ;
#912 = FACE_OUTER_BOUND ( 'NONE', #551, .T. ) ;
#913 = EDGE_CURVE ( 'NONE', #1653, #514, #1489, .T. ) ;
#914 = LINE ( 'NONE', #225, #1320 ) ;
#915 = EDGE_CURVE ( 'NONE', #615, #1413, #266, .T. ) ;
#916 = LINE ( 'NONE', #1071, #1109 ) ;
#917 = ORIENTED_EDGE ( 'NONE', *, *, #1220, .F. ) ;
#918 = DIRECTION ( 'NONE',  ( 0.000000000000000000, -1.000000000000000000, 0.000000000000000000 ) ) ;
#919 = AXIS2_PLACEMENT_3D ( 'NONE', #1467, #1718, #1333 ) ;
#920 = DIRECTION ( 'NONE',  ( 0.000000000000000000, 0.000000000000000000, 1.000000000000000000 ) ) ;
#921 = VECTOR ( 'NONE', #650, 1000.000000000000000 ) ;
#922 = CARTESIAN_POINT ( 'NONE',  ( -17.43603330147194086, -58.51856511640536951, 2.031983349264025573 ) ) ;
#923 = AXIS2_PLACEMENT_3D ( 'NONE', #1267, #1386, #567 ) ;
#924 = FACE_OUTER_BOUND ( 'NONE', #1415, .T. ) ;
#925 = CARTESIAN_POINT ( 'NONE',  ( 17.49999999999999645, -32.04533352225134024, -9.000000000000003553 ) ) ;
#926 = ORIENTED_EDGE ( 'NONE', *, *, #1129, .F. ) ;
#927 = ADVANCED_FACE ( 'NONE', ( #1478 ), #66, .T. ) ;
#928 = AXIS2_PLACEMENT_3D ( 'NONE', #1481, #809, #241 ) ;
#929 = CARTESIAN_POINT ( 'NONE',  ( 5.049999999999993605, 52.49999999999998579, 4.999999999999998224 ) ) ;
#930 = CIRCLE ( 'NONE', #152, 0.9999999999999991118 ) ;
#931 = DIRECTION ( 'NONE',  ( -1.000000000000000000, 0.000000000000000000, 0.000000000000000000 ) ) ;
#932 = DIRECTION ( 'NONE',  ( -0.000000000000000000, -0.000000000000000000, 1.000000000000000000 ) ) ;
#933 = DIRECTION ( 'NONE',  ( -1.000000000000000000, 0.000000000000000000, 0.000000000000000000 ) ) ;
#934 = EDGE_LOOP ( 'NONE', ( #778, #1404, #1228, #560, #1079, #1260, #181, #207, #1436, #1281 ) ) ;
#935 = CARTESIAN_POINT ( 'NONE',  ( -6.938893903907228378E-15, 52.49999999999998579, 4.999999999999998224 ) ) ;
#936 = ADVANCED_FACE ( 'NONE', ( #1056 ), #652, .F. ) ;
#937 = CARTESIAN_POINT ( 'NONE',  ( 5.049999999999993605, -52.50000000000001421, 4.999999999999998224 ) ) ;
#938 = CARTESIAN_POINT ( 'NONE',  ( -17.15188955519638725, -59.18653773056839640, 1.348110444803598318 ) ) ;
#939 = DIRECTION ( 'NONE',  ( 1.000000000000000000, -0.000000000000000000, -0.000000000000000000 ) ) ;
#940 = ORIENTED_EDGE ( 'NONE', *, *, #849, .T. ) ;
#941 = CARTESIAN_POINT ( 'NONE',  ( -17.50000000000000000, 45.45433532071144356, 1.000000000000000888 ) ) ;
#942 = VERTEX_POINT ( 'NONE', #1351 ) ;
#943 = PERSON_AND_ORGANIZATION_ROLE ( 'design_supplier' ) ;
#944 = DIRECTION ( 'NONE',  ( 0.000000000000000000, 0.000000000000000000, -1.000000000000000000 ) ) ;
#945 = AXIS2_PLACEMENT_3D ( 'NONE', #616, #624, #192 ) ;
#946 = CARTESIAN_POINT ( 'NONE',  ( -15.76174789523331121, -59.94794534432810451, 2.476504209532970346 ) ) ;
#947 = CIRCLE ( 'NONE', #1168, 1.000000000000000000 ) ;
#948 = VERTEX_POINT ( 'NONE', #1193 ) ;
#949 = CARTESIAN_POINT ( 'NONE',  ( -6.938893903907228378E-15, 52.49999999999998579, 9.999999999999998224 ) ) ;
#950 = ORIENTED_EDGE ( 'NONE', *, *, #350, .T. ) ;
#951 = VECTOR ( 'NONE', #738, 1000.000000000000000 ) ;
#952 = PERSON_AND_ORGANIZATION ( #1602, #261 ) ;
#953 = CARTESIAN_POINT ( 'NONE',  ( 17.49999999999999645, -59.99999999999998579, 2.000000000000000000 ) ) ;
#954 = CIRCLE ( 'NONE', #720, 1.000000000000000000 ) ;
#955 = CARTESIAN_POINT ( 'NONE',  ( -17.49999999924629890, -58.19659951090265793, 1.000000000753625384 ) ) ;
#956 = ADVANCED_FACE ( 'NONE', ( #1603 ), #32, .F. ) ;
#957 = ORIENTED_EDGE ( 'NONE', *, *, #1399, .F. ) ;
#958 = DIRECTION ( 'NONE',  ( 1.000000000000000000, 6.338839315805139442E-15, 0.000000000000000000 ) ) ;
#959 = ORIENTED_EDGE ( 'NONE', *, *, #1243, .T. ) ;
#960 = FACE_OUTER_BOUND ( 'NONE', #1106, .T. ) ;
#961 = CARTESIAN_POINT ( 'NONE',  ( 15.63092328659111629, -59.99999999999998579, 2.738153426818565883 ) ) ;
#962 = EDGE_CURVE ( 'NONE', #188, #597, #532, .T. ) ;
#963 = ORIENTED_EDGE ( 'NONE', *, *, #38, .T. ) ;
#964 = CARTESIAN_POINT ( 'NONE',  ( 0.000000000000000000, 0.000000000000000000, -2.400000000000001243 ) ) ;
#965 = ORIENTED_EDGE ( 'NONE', *, *, #1189, .F. ) ;
#966 = DIRECTION ( 'NONE',  ( 0.000000000000000000, 0.000000000000000000, 1.000000000000000000 ) ) ;
#967 = DIRECTION ( 'NONE',  ( 0.000000000000000000, 0.000000000000000000, 1.000000000000000000 ) ) ;
#968 = CARTESIAN_POINT ( 'NONE',  ( 16.49999999999999645, 58.00000000000000711, 2.000000000000000888 ) ) ;
#969 = EDGE_LOOP ( 'NONE', ( #472, #427, #1453, #1694 ) ) ;
#970 = DIRECTION ( 'NONE',  ( 1.000000000000000000, 0.000000000000000000, 0.000000000000000000 ) ) ;
#971 = EDGE_LOOP ( 'NONE', ( #694, #1037, #1099, #1043 ) ) ;
#972 = AXIS2_PLACEMENT_3D ( 'NONE', #317, #497, #356 ) ;
#973 = ADVANCED_FACE ( 'NONE', ( #1736, #1049 ), #1326, .F. ) ;
#974 = CARTESIAN_POINT ( 'NONE',  ( -50.00000000000000000, -3.673940397442059178E-15, 40.00000000000001421 ) ) ;
#975 = FACE_BOUND ( 'NONE', #1594, .T. ) ;
#976 = TOROIDAL_SURFACE ( 'NONE', #810, 58.54829972383764414, 1.000000000000000000 ) ;
#977 = CARTESIAN_POINT ( 'NONE',  ( 16.49999999998365041, -58.13090116331749613, 1.000000000000000888 ) ) ;
#978 = ORIENTED_EDGE ( 'NONE', *, *, #550, .T. ) ;
#979 = CARTESIAN_POINT ( 'NONE',  ( -15.50000000000000533, -59.99999999999998579, 3.000000000000000888 ) ) ;
#980 = ORIENTED_EDGE ( 'NONE', *, *, #1380, .T. ) ;
#981 = ADVANCED_FACE ( 'NONE', ( #1067, #1612 ), #379, .F. ) ;
#982 = CARTESIAN_POINT ( 'NONE',  ( -16.49127640711900256, 59.77802397096311893, 2.008723592880696796 ) ) ;
#983 = DIRECTION ( 'NONE',  ( -0.000000000000000000, 1.000000000000000000, 0.000000000000000000 ) ) ;
#984 = ADVANCED_FACE ( 'NONE', ( #22 ), #1245, .T. ) ;
#985 = DIRECTION ( 'NONE',  ( -1.000000000000000000, -0.000000000000000000, -0.000000000000000000 ) ) ;
#986 = CARTESIAN_POINT ( 'NONE',  ( 15.49999999999999467, -59.99999999999998579, 3.000000000000004441 ) ) ;
#987 = ORIENTED_EDGE ( 'NONE', *, *, #350, .F. ) ;
#988 = CARTESIAN_POINT ( 'NONE',  ( 16.49999999999999645, -32.04533352225134024, -9.000000000000001776 ) ) ;
#989 = EDGE_LOOP ( 'NONE', ( #857, #190, #845, #256 ) ) ;
#990 = CARTESIAN_POINT ( 'NONE',  ( -6.602116034141705931E-15, 49.74999999999998579, 1.000000000000000666 ) ) ;
#991 = DIRECTION ( 'NONE',  ( -0.000000000000000000, 1.000000000000000000, -0.000000000000000000 ) ) ;
#992 = CARTESIAN_POINT ( 'NONE',  ( 16.39883296407389679, -58.88630239515502751, 1.202334071852190878 ) ) ;
#993 = ORIENTED_EDGE ( 'NONE', *, *, #263, .T. ) ;
#994 = AXIS2_PLACEMENT_3D ( 'NONE', #355, #1167, #91 ) ;
#995 = CARTESIAN_POINT ( 'NONE',  ( 15.49999999999999645, 60.00000000000001421, 3.000000000000003553 ) ) ;
#996 = ORIENTED_EDGE ( 'NONE', *, *, #1428, .F. ) ;
#997 = CIRCLE ( 'NONE', #1485, 1.000000000000000888 ) ;
#998 = AXIS2_PLACEMENT_3D ( 'NONE', #964, #1655, #970 ) ;
#999 = CARTESIAN_POINT ( 'NONE',  ( -17.50000000000000355, -59.99999999999998579, 10.00000000000000000 ) ) ;
#1000 = CARTESIAN_POINT ( 'NONE',  ( 0.000000000000000000, 0.000000000000000000, -10.00000000000000000 ) ) ;
#1001 = DIRECTION ( 'NONE',  ( 0.000000000000000000, 0.000000000000000000, 1.000000000000000000 ) ) ;
#1002 = CIRCLE ( 'NONE', #1457, 59.54829972383764414 ) ;
#1003 = CARTESIAN_POINT ( 'NONE',  ( 2.099999999999988987, 0.000000000000000000, 10.00000000000000178 ) ) ;
#1004 = AXIS2_PLACEMENT_3D ( 'NONE', #67, #1588, #765 ) ;
#1005 = SECURITY_CLASSIFICATION ( '', '', #1214 ) ;
#1006 = CIRCLE ( 'NONE', #570, 2.000000000000000000 ) ;
#1007 = ADVANCED_FACE ( 'NONE', ( #15 ), #1383, .T. ) ;
#1008 = CIRCLE ( 'NONE', #638, 5.050000000000000711 ) ;
#1009 = DIRECTION ( 'NONE',  ( -6.938893903907222067E-15, -1.000000000000000000, 0.000000000000000000 ) ) ;
#1010 = EDGE_LOOP ( 'NONE', ( #1667, #278, #987, #957 ) ) ;
#1011 = DIRECTION ( 'NONE',  ( 0.000000000000000000, 0.5473315821877614562, 0.8369158494973325535 ) ) ;
#1012 = DIRECTION ( 'NONE',  ( 0.000000000000000000, 1.000000000000000000, 0.000000000000000000 ) ) ;
#1013 = CARTESIAN_POINT ( 'NONE',  ( 17.49999999999999645, -59.17157287525379417, 2.000000000000001332 ) ) ;
#1014 = EDGE_CURVE ( 'NONE', #597, #1750, #1027, .T. ) ;
#1015 = CARTESIAN_POINT ( 'NONE',  ( 16.49999999999999645, 32.04533352225132603, -9.000000000000001776 ) ) ;
#1016 = CARTESIAN_POINT ( 'NONE',  ( 16.50000000000000000, -44.70362331842518699, 0.6606296160658681194 ) ) ;
#1017 = VERTEX_POINT ( 'NONE', #1639 ) ;
#1018 = FACE_OUTER_BOUND ( 'NONE', #75, .T. ) ;
#1019 = VERTEX_POINT ( 'NONE', #682 ) ;
#1020 = CARTESIAN_POINT ( 'NONE',  ( 0.000000000000000000, 0.000000000000000000, -2.400000000000001243 ) ) ;
#1021 = DIRECTION ( 'NONE',  ( 0.000000000000000000, 0.000000000000000000, 1.000000000000000000 ) ) ;
#1022 = COORDINATED_UNIVERSAL_TIME_OFFSET ( 8, 0, .AHEAD. ) ;
#1023 = DIRECTION ( 'NONE',  ( -0.000000000000000000, 6.938893903907230843E-17, -1.000000000000000000 ) ) ;
#1024 = DIRECTION ( 'NONE',  ( 0.000000000000000000, 0.000000000000000000, -1.000000000000000000 ) ) ;
#1025 = CARTESIAN_POINT ( 'NONE',  ( 17.49999999999999645, 58.00000000000000000, 1.000000000000000888 ) ) ;
#1026 = ORIENTED_EDGE ( 'NONE', *, *, #527, .T. ) ;
#1027 = CIRCLE ( 'NONE', #1222, 58.54829972383764414 ) ;
#1028 = CARTESIAN_POINT ( 'NONE',  ( -16.50000000000000000, -32.04533352225134024, -8.999999999999996447 ) ) ;
#1029 = CARTESIAN_POINT ( 'NONE',  ( -16.50000000000000000, -45.45433532071145777, 0.000000000000000000 ) ) ;
#1030 = ADVANCED_FACE ( 'NONE', ( #169 ), #1227, .T. ) ;
#1031 =( LENGTH_UNIT ( ) NAMED_UNIT ( * ) SI_UNIT ( .MILLI., .METRE. ) );
#1032 = CIRCLE ( 'NONE', #146, 2.000000000000000000 ) ;
#1033 = CARTESIAN_POINT ( 'NONE',  ( -6.938893903907228378E-15, 55.24999999999997868, 1.000000000000001110 ) ) ;
#1034 = CYLINDRICAL_SURFACE ( 'NONE', #481, 2.099999999999993872 ) ;
#1035 = EDGE_CURVE ( 'NONE', #1295, #30, #1635, .T. ) ;
#1036 = CARTESIAN_POINT ( 'NONE',  ( 16.44892610094855101, 58.64443133430532384, 1.102147798102662835 ) ) ;
#1037 = ORIENTED_EDGE ( 'NONE', *, *, #19, .F. ) ;
#1038 = VECTOR ( 'NONE', #349, 1000.000000000000000 ) ;
#1039 = DIRECTION ( 'NONE',  ( -1.000000000000000000, 0.000000000000000000, 0.000000000000000000 ) ) ;
#1040 = DIRECTION ( 'NONE',  ( -0.000000000000000000, -0.000000000000000000, 1.000000000000000000 ) ) ;
#1041 = APPROVAL_STATUS ( 'not_yet_approved' ) ;
#1042 = EDGE_CURVE ( 'NONE', #1332, #1440, #366, .T. ) ;
#1043 = ORIENTED_EDGE ( 'NONE', *, *, #38, .F. ) ;
#1044 = DIRECTION ( 'NONE',  ( 0.000000000000000000, 1.000000000000000000, 0.000000000000000000 ) ) ;
#1045 = DIRECTION ( 'NONE',  ( 0.000000000000000000, 0.000000000000000000, -1.000000000000000000 ) ) ;
#1046 = FACE_OUTER_BOUND ( 'NONE', #1363, .T. ) ;
#1047 = CARTESIAN_POINT ( 'NONE',  ( 5.049999999999993605, 52.49999999999998579, 9.999999999999998224 ) ) ;
#1048 = EDGE_LOOP ( 'NONE', ( #874, #1448 ) ) ;
#1049 = FACE_BOUND ( 'NONE', #416, .T. ) ;
#1050 = EDGE_LOOP ( 'NONE', ( #1095, #886, #1319, #1444 ) ) ;
#1051 = CARTESIAN_POINT ( 'NONE',  ( -50.00000000000000000, -57.99999999999997868, 1.000000000000000888 ) ) ;
#1052 = EDGE_CURVE ( 'NONE', #1525, #265, #680, .T. ) ;
#1053 = DIRECTION ( 'NONE',  ( 0.000000000000000000, 0.000000000000000000, -1.000000000000000000 ) ) ;
#1054 = FACE_OUTER_BOUND ( 'NONE', #908, .T. ) ;
#1055 = ORIENTED_EDGE ( 'NONE', *, *, #331, .T. ) ;
#1056 = FACE_OUTER_BOUND ( 'NONE', #627, .T. ) ;
#1057 = CIRCLE ( 'NONE', #771, 5.050000000000000711 ) ;
#1058 = LINE ( 'NONE', #1196, #1713 ) ;
#1059 = LINE ( 'NONE', #375, #1511 ) ;
#1060 = AXIS2_PLACEMENT_3D ( 'NONE', #1666, #436, #1521 ) ;
#1061 = CARTESIAN_POINT ( 'NONE',  ( -17.50000000000000355, -59.99999999999998579, 3.000000000000000888 ) ) ;
#1062 = EDGE_CURVE ( 'NONE', #1508, #1424, #1132, .T. ) ;
#1063 = EDGE_CURVE ( 'NONE', #1134, #188, #997, .T. ) ;
#1064 = ORIENTED_EDGE ( 'NONE', *, *, #1657, .F. ) ;
#1065 = EDGE_CURVE ( 'NONE', #1420, #1656, #1483, .T. ) ;
#1066 = AXIS2_PLACEMENT_3D ( 'NONE', #974, #274, #1240 ) ;
#1067 = FACE_BOUND ( 'NONE', #1048, .T. ) ;
#1068 = APPROVAL_DATE_TIME ( #1194, #1550 ) ;
#1069 = FACE_OUTER_BOUND ( 'NONE', #222, .T. ) ;
#1070 = EDGE_CURVE ( 'NONE', #1332, #534, #408, .T. ) ;
#1071 = CARTESIAN_POINT ( 'NONE',  ( -15.50000000000000533, -59.99999999999998579, 10.00000000000000000 ) ) ;
#1072 = VERTEX_POINT ( 'NONE', #29 ) ;
#1073 = CARTESIAN_POINT ( 'NONE',  ( -6.938893903907228378E-15, 52.49999999999998579, 4.999999999999998224 ) ) ;
#1074 = APPROVAL_STATUS ( 'not_yet_approved' ) ;
#1075 = CARTESIAN_POINT ( 'NONE',  ( 17.49999999999999645, 58.00000000000000711, 2.000000000000000000 ) ) ;
#1076 = CARTESIAN_POINT ( 'NONE',  ( -15.76184657318179028, -59.99999999999998579, 2.869076713408947210 ) ) ;
#1077 = ORIENTED_EDGE ( 'NONE', *, *, #1394, .T. ) ;
#1078 = CARTESIAN_POINT ( 'NONE',  ( 0.000000000000000000, 0.000000000000000000, -2.400000000000001243 ) ) ;
#1079 = ORIENTED_EDGE ( 'NONE', *, *, #913, .T. ) ;
#1080 = EDGE_CURVE ( 'NONE', #271, #1664, #176, .T. ) ;
#1081 = DIRECTION ( 'NONE',  ( 0.000000000000000000, -1.000000000000000000, 0.000000000000000000 ) ) ;
#1082 = AXIS2_PLACEMENT_3D ( 'NONE', #1296, #1416, #1672 ) ;
#1083 = DIRECTION ( 'NONE',  ( -0.000000000000000000, 6.938893903907230843E-17, -1.000000000000000000 ) ) ;
#1084 = CIRCLE ( 'NONE', #1318, 1.000000000000000000 ) ;
#1085 = ORIENTED_EDGE ( 'NONE', *, *, #1273, .F. ) ;
#1086 = CARTESIAN_POINT ( 'NONE',  ( 16.50000000000000000, -3.673940397442059178E-15, 40.00000000000001421 ) ) ;
#1087 = ORIENTED_EDGE ( 'NONE', *, *, #166, .F. ) ;
#1088 = AXIS2_PLACEMENT_3D ( 'NONE', #859, #197, #746 ) ;
#1089 = CARTESIAN_POINT ( 'NONE',  ( -16.50000000000000355, 32.04533352225132603, -9.000000000000007105 ) ) ;
#1090 = AXIS2_PLACEMENT_3D ( 'NONE', #486, #1040, #1307 ) ;
#1091 = ADVANCED_FACE ( 'NONE', ( #1500 ), #338, .T. ) ;
#1092 = CARTESIAN_POINT ( 'NONE',  ( 16.72909346051857327, -59.59933366422759349, 2.385453269740642313 ) ) ;
#1093 = ORIENTED_EDGE ( 'NONE', *, *, #1744, .F. ) ;
#1094 = DIRECTION ( 'NONE',  ( -1.000000000000000000, 0.000000000000000000, 0.000000000000000000 ) ) ;
#1095 = ORIENTED_EDGE ( 'NONE', *, *, #1536, .T. ) ;
#1096 = CARTESIAN_POINT ( 'NONE',  ( -17.39785220189735782, 58.64443133430529542, 2.051073899051385041 ) ) ;
#1097 = CARTESIAN_POINT ( 'NONE',  ( 16.49999999999999645, 45.45433532071144356, 2.000000000000000888 ) ) ;
#1098 = CARTESIAN_POINT ( 'NONE',  ( -5.050000000000007816, -52.50000000000001421, 4.999999999999998224 ) ) ;
#1099 = ORIENTED_EDGE ( 'NONE', *, *, #423, .F. ) ;
#1100 = EDGE_CURVE ( 'NONE', #1213, #71, #1198, .T. ) ;
#1101 = DIRECTION ( 'NONE',  ( 0.000000000000000000, 0.000000000000000000, -1.000000000000000000 ) ) ;
#1102 = ORIENTED_EDGE ( 'NONE', *, *, #743, .F. ) ;
#1103 = FACE_OUTER_BOUND ( 'NONE', #835, .T. ) ;
#1104 = DIRECTION ( 'NONE',  ( -0.000000000000000000, 1.000000000000000000, -0.000000000000000000 ) ) ;
#1105 = CARTESIAN_POINT ( 'NONE',  ( 17.49999999999999645, -58.13090116331743218, 2.000000000016378898 ) ) ;
#1106 = EDGE_LOOP ( 'NONE', ( #940, #978, #902, #692 ) ) ;
#1107 = CONICAL_SURFACE ( 'NONE', #802, 2.099999999999998757, 1.029744258676652979 ) ;
#1108 = EDGE_CURVE ( 'NONE', #1017, #1134, #9, .T. ) ;
#1109 = VECTOR ( 'NONE', #1203, 1000.000000000000000 ) ;
#1110 = DIRECTION ( 'NONE',  ( -1.000000000000000000, 0.000000000000000000, 0.000000000000000000 ) ) ;
#1111 = ORIENTED_EDGE ( 'NONE', *, *, #792, .F. ) ;
#1112 = CARTESIAN_POINT ( 'NONE',  ( -17.50000000000000711, 58.00000000000000711, 2.000000000000000888 ) ) ;
#1113 = FACE_OUTER_BOUND ( 'NONE', #464, .T. ) ;
#1114 = CIRCLE ( 'NONE', #1658, 1.000000000000000000 ) ;
#1115 = CARTESIAN_POINT ( 'NONE',  ( -6.938893903907228378E-15, 55.24999999999997868, 1.000000000000001554 ) ) ;
#1116 = EDGE_LOOP ( 'NONE', ( #291, #37, #1726, #788 ) ) ;
#1117 = DIRECTION ( 'NONE',  ( -0.8571673007021115565, 1.049727191138617710E-16, 0.5150380749100554878 ) ) ;
#1118 = EDGE_LOOP ( 'NONE', ( #1184, #1671, #2, #897 ) ) ;
#1119 = CARTESIAN_POINT ( 'NONE',  ( 15.49999999999999645, 60.00000000000001421, 10.00000000000000000 ) ) ;
#1120 = CARTESIAN_POINT ( 'NONE',  ( 16.49999999999999645, -45.45433532071145777, 2.000000000000000000 ) ) ;
#1121 = ORIENTED_EDGE ( 'NONE', *, *, #646, .F. ) ;
#1122 = CARTESIAN_POINT ( 'NONE',  ( 16.25338680665017677, -59.32165351144583809, 1.493226386699672226 ) ) ;
#1123 = ORIENTED_EDGE ( 'NONE', *, *, #386, .T. ) ;
#1124 = CARTESIAN_POINT ( 'NONE',  ( 16.50000000000000000, 32.59266510443909226, -9.836915849497328779 ) ) ;
#1125 = VERTEX_POINT ( 'NONE', #709 ) ;
#1126 = CARTESIAN_POINT ( 'NONE',  ( 17.49999999999999645, -57.99999999999997868, 10.00000000000000000 ) ) ;
#1127 = DIRECTION ( 'NONE',  ( 0.000000000000000000, 6.938893903907228378E-15, -1.000000000000000000 ) ) ;
#1128 = DIRECTION ( 'NONE',  ( 0.000000000000000000, 0.000000000000000000, -1.000000000000000000 ) ) ;
#1129 = EDGE_CURVE ( 'NONE', #384, #271, #39, .T. ) ;
#1130 = CARTESIAN_POINT ( 'NONE',  ( -17.50000000000000355, -59.99999999999998579, 10.00000000000000000 ) ) ;
#1131 = CARTESIAN_POINT ( 'NONE',  ( 15.49999999999999645, 60.00000000000001421, 10.00000000000000000 ) ) ;
#1132 = CIRCLE ( 'NONE', #1601, 1.000000000000000000 ) ;
#1133 = CARTESIAN_POINT ( 'NONE',  ( 17.37831487708638534, 58.74763398995410313, 1.121685122913659072 ) ) ;
#1134 = VERTEX_POINT ( 'NONE', #137 ) ;
#1135 = AXIS2_PLACEMENT_3D ( 'NONE', #841, #985, #716 ) ;
#1136 = DIRECTION ( 'NONE',  ( 1.000000000000000000, 0.000000000000000000, 0.000000000000000000 ) ) ;
#1137 = CARTESIAN_POINT ( 'NONE',  ( -17.50000000000000355, -32.04533352225134024, -9.000000000000003553 ) ) ;
#1138 = PERSON_AND_ORGANIZATION ( #1602, #261 ) ;
#1139 = VERTEX_POINT ( 'NONE', #1702 ) ;
#1140 = DIRECTION ( 'NONE',  ( 6.938893903907222067E-15, 1.000000000000000000, 0.000000000000000000 ) ) ;
#1141 = CARTESIAN_POINT ( 'NONE',  ( -16.50000000000000000, -3.673940397442059178E-15, 40.00000000000001421 ) ) ;
#1142 = EDGE_CURVE ( 'NONE', #623, #1413, #947, .T. ) ;
#1143 = VECTOR ( 'NONE', #1634, 1000.000000000000000 ) ;
#1144 = TOROIDAL_SURFACE ( 'NONE', #1547, 58.54829972383764414, 1.000000000000000000 ) ;
#1145 = CARTESIAN_POINT ( 'NONE',  ( -16.50000000000000000, 45.45433532071144356, 0.000000000000000000 ) ) ;
#1146 = ORIENTED_EDGE ( 'NONE', *, *, #202, .T. ) ;
#1147 = DIRECTION ( 'NONE',  ( -1.000000000000000000, -0.000000000000000000, -0.000000000000000000 ) ) ;
#1148 = CARTESIAN_POINT ( 'NONE',  ( -16.00361896949657492, 59.74757278571706820, 1.992762061006736474 ) ) ;
#1149 = CALENDAR_DATE ( 2026, 24, 4 ) ;
#1150 = DIRECTION ( 'NONE',  ( 0.000000000000000000, 0.000000000000000000, -1.000000000000000000 ) ) ;
#1151 = EDGE_LOOP ( 'NONE', ( #135, #1648, #78 ) ) ;
#1152 = CARTESIAN_POINT ( 'NONE',  ( -17.50000000000000355, -59.99999999999998579, 10.00000000000000000 ) ) ;
#1153 = EDGE_CURVE ( 'NONE', #623, #1357, #234, .T. ) ;
#1154 = FACE_OUTER_BOUND ( 'NONE', #719, .T. ) ;
#1155 = VERTEX_POINT ( 'NONE', #603 ) ;
#1156 = CARTESIAN_POINT ( 'NONE',  ( 16.08578643762690064, -59.99999999999999289, 1.828427124746191623 ) ) ;
#1157 = CARTESIAN_POINT ( 'NONE',  ( 16.49999999999999645, 32.04533352225132603, -9.000000000000001776 ) ) ;
#1158 =( NAMED_UNIT ( * ) SI_UNIT ( $, .STERADIAN. ) SOLID_ANGLE_UNIT ( ) );
#1159 = ORIENTED_EDGE ( 'NONE', *, *, #508, .T. ) ;
#1160 = FACE_BOUND ( 'NONE', #837, .T. ) ;
#1161 = CARTESIAN_POINT ( 'NONE',  ( -16.50000000000000000, 58.00000000000000711, 1.000000000000000888 ) ) ;
#1162 = DIRECTION ( 'NONE',  ( -1.000000000000000000, -0.000000000000000000, -0.000000000000000000 ) ) ;
#1163 = ORIENTED_EDGE ( 'NONE', *, *, #224, .F. ) ;
#1164 = ADVANCED_FACE ( 'NONE', ( #1154 ), #750, .F. ) ;
#1165 = AXIS2_PLACEMENT_3D ( 'NONE', #1283, #645, #1212 ) ;
#1166 = CARTESIAN_POINT ( 'NONE',  ( 15.49999999999999822, -59.99999999999998579, 3.000000000000000888 ) ) ;
#1167 = DIRECTION ( 'NONE',  ( -0.000000000000000000, 0.6606296160658700067, -0.7507120022862703301 ) ) ;
#1168 = AXIS2_PLACEMENT_3D ( 'NONE', #1145, #1162, #340 ) ;
#1169 = ORIENTED_EDGE ( 'NONE', *, *, #767, .F. ) ;
#1170 = DIRECTION ( 'NONE',  ( 1.000000000000000000, 0.000000000000000000, 0.000000000000000000 ) ) ;
#1171 = CIRCLE ( 'NONE', #1708, 5.050000000000000711 ) ;
#1172 = LOCAL_TIME ( 14, 53, 5.000000000000000000, #1447 ) ;
#1173 = AXIS2_PLACEMENT_3D ( 'NONE', #1215, #1044, #920 ) ;
#1174 = VERTEX_POINT ( 'NONE', #873 ) ;
#1175 = CIRCLE ( 'NONE', #1173, 1.000000000000000888 ) ;
#1176 = DIRECTION ( 'NONE',  ( 0.000000000000000000, 0.000000000000000000, 1.000000000000000000 ) ) ;
#1177 = CC_DESIGN_DATE_AND_TIME_ASSIGNMENT ( #1308, #92, ( #697 ) ) ;
#1178 = DIRECTION ( 'NONE',  ( 0.000000000000000000, 0.000000000000000000, -1.000000000000000000 ) ) ;
#1179 = VERTEX_POINT ( 'NONE', #1124 ) ;
#1180 = CARTESIAN_POINT ( 'NONE',  ( -17.50000000000000711, 59.17157287525382259, 2.000000000000001332 ) ) ;
#1181 = CARTESIAN_POINT ( 'NONE',  ( -17.09021526042505101, -59.21997956991491918, 2.204892369787495365 ) ) ;
#1182 = LINE ( 'NONE', #1061, #1737 ) ;
#1183 = CARTESIAN_POINT ( 'NONE',  ( 17.49999999999999645, 45.45433532071144356, 0.000000000000000000 ) ) ;
#1184 = ORIENTED_EDGE ( 'NONE', *, *, #584, .F. ) ;
#1185 = FACE_OUTER_BOUND ( 'NONE', #1359, .T. ) ;
#1186 = FACE_OUTER_BOUND ( 'NONE', #402, .T. ) ;
#1187 = ADVANCED_FACE ( 'NONE', ( #1018 ), #708, .T. ) ;
#1188 = CARTESIAN_POINT ( 'NONE',  ( -16.02349579046673966, -59.94794534432822530, 2.738252104766541795 ) ) ;
#1189 = EDGE_CURVE ( 'NONE', #185, #305, #658, .T. ) ;
#1190 = CARTESIAN_POINT ( 'NONE',  ( -15.50000000000000533, 60.00000000000001421, 3.000000000000000888 ) ) ;
#1191 = CARTESIAN_POINT ( 'NONE',  ( -16.50000000000000000, -57.99999999999997868, 1.000000000000000888 ) ) ;
#1192 = EDGE_LOOP ( 'NONE', ( #1087, #604, #370, #1159 ) ) ;
#1193 = CARTESIAN_POINT ( 'NONE',  ( -6.602116034141705931E-15, -55.25000000000000711, 4.999999999999998224 ) ) ;
#1194 = DATE_AND_TIME ( #1613, #1654 ) ;
#1195 = VECTOR ( 'NONE', #877, 1000.000000000000000 ) ;
#1196 = CARTESIAN_POINT ( 'NONE',  ( 16.49999999999999645, -32.34192325759247666, -10.00000000000000000 ) ) ;
#1197 = CYLINDRICAL_SURFACE ( 'NONE', #1371, 0.9999999999999991118 ) ;
#1198 = CIRCLE ( 'NONE', #711, 2.000000000000000000 ) ;
#1199 = EDGE_CURVE ( 'NONE', #267, #942, #1553, .T. ) ;
#1200 = AXIS2_PLACEMENT_3D ( 'NONE', #1442, #1330, #1701 ) ;
#1201 = LINE ( 'NONE', #530, #806 ) ;
#1202 = AXIS2_PLACEMENT_3D ( 'NONE', #1593, #609, #1275 ) ;
#1203 = DIRECTION ( 'NONE',  ( 0.000000000000000000, 0.000000000000000000, -1.000000000000000000 ) ) ;
#1204 = EDGE_LOOP ( 'NONE', ( #1575, #1703, #644 ) ) ;
#1205 =( BOUNDED_CURVE ( )  B_SPLINE_CURVE ( 3, ( #458, #1013, #868, #755 ),
 .UNSPECIFIED., .F., .T. ) 
 B_SPLINE_CURVE_WITH_KNOTS ( ( 4, 4 ),
 ( 0.000000000000000000, 1.570796326794895670 ),
 .UNSPECIFIED. ) 
 CURVE ( )  GEOMETRIC_REPRESENTATION_ITEM ( )  RATIONAL_B_SPLINE_CURVE ( ( 1.000000000000000000, 0.8047378541243652705, 0.8047378541243652705, 1.000000000000000000 ) ) 
 REPRESENTATION_ITEM ( '' )  );
#1206 = VECTOR ( 'NONE', #1370, 1000.000000000000000 ) ;
#1207 = CARTESIAN_POINT ( 'NONE',  ( 17.49999999999999645, -59.99999999999998579, 2.000000000000000000 ) ) ;
#1208 = PERSON_AND_ORGANIZATION_ROLE ( 'creator' ) ;
#1209 = DIRECTION ( 'NONE',  ( 0.000000000000000000, -1.000000000000000000, -0.000000000000000000 ) ) ;
#1210 = ORIENTED_EDGE ( 'NONE', *, *, #1100, .F. ) ;
#1211 = EDGE_CURVE ( 'NONE', #705, #30, #287, .T. ) ;
#1212 = DIRECTION ( 'NONE',  ( 0.000000000000000000, 0.000000000000000000, -1.000000000000000000 ) ) ;
#1213 = VERTEX_POINT ( 'NONE', #1323 ) ;
#1214 = SECURITY_CLASSIFICATION_LEVEL ( 'unclassified' ) ;
#1215 = CARTESIAN_POINT ( 'NONE',  ( -16.50000000000000355, 32.04533352225132603, -9.000000000000001776 ) ) ;
#1216 = CARTESIAN_POINT ( 'NONE',  ( -15.63092328659073793, -59.99999999999998579, 2.738153426818213720 ) ) ;
#1217 = ORIENTED_EDGE ( 'NONE', *, *, #1611, .T. ) ;
#1218 = CARTESIAN_POINT ( 'NONE',  ( -50.00000000000000000, 58.00000000000000711, 3.000000000000000888 ) ) ;
#1219 = ORIENTED_EDGE ( 'NONE', *, *, #347, .T. ) ;
#1220 = EDGE_CURVE ( 'NONE', #1155, #30, #916, .T. ) ;
#1221 = DIRECTION ( 'NONE',  ( 0.000000000000000000, 1.000000000000000000, 0.000000000000000000 ) ) ;
#1222 = AXIS2_PLACEMENT_3D ( 'NONE', #432, #426, #561 ) ;
#1223 = CARTESIAN_POINT ( 'NONE',  ( 16.11454673025928486, -59.59933366422752954, 1.770906539481360564 ) ) ;
#1224 = VECTOR ( 'NONE', #1339, 1000.000000000000000 ) ;
#1225 = ORIENTED_EDGE ( 'NONE', *, *, #1335, .T. ) ;
#1226 = CC_DESIGN_SECURITY_CLASSIFICATION ( #1005, ( #830 ) ) ;
#1227 = CYLINDRICAL_SURFACE ( 'NONE', #707, 1.000000000000000888 ) ;
#1228 = ORIENTED_EDGE ( 'NONE', *, *, #1356, .F. ) ;
#1229 = VECTOR ( 'NONE', #1269, 1000.000000000000000 ) ;
#1230 = PRODUCT_RELATED_PRODUCT_CATEGORY ( 'detail', '', ( #1515 ) ) ;
#1231 = CARTESIAN_POINT ( 'NONE',  ( -16.49999999998366107, 58.13090116331749613, 1.000000000000000888 ) ) ;
#1232 = AXIS2_PLACEMENT_3D ( 'NONE', #1266, #193, #326 ) ;
#1233 = CARTESIAN_POINT ( 'NONE',  ( -16.50000000000000000, 45.45433532071144356, 0.000000000000000000 ) ) ;
#1234 = EDGE_CURVE ( 'NONE', #948, #267, #774, .T. ) ;
#1235 = CARTESIAN_POINT ( 'NONE',  ( 17.49999999999999645, 45.45433532071144356, 2.000000000000000000 ) ) ;
#1236 = CARTESIAN_POINT ( 'NONE',  ( 17.31080415495208769, -58.90841389844803189, 1.189195845047990030 ) ) ;
#1237 = VERTEX_POINT ( 'NONE', #1047 ) ;
#1238 = DIRECTION ( 'NONE',  ( -1.000000000000000000, 0.000000000000000000, 0.000000000000000000 ) ) ;
#1239 = ORIENTED_EDGE ( 'NONE', *, *, #423, .T. ) ;
#1240 = DIRECTION ( 'NONE',  ( 0.000000000000000000, 0.000000000000000000, -1.000000000000000000 ) ) ;
#1241 = CARTESIAN_POINT ( 'NONE',  ( 17.49999999999999645, 58.00000000000000711, 2.000000000000000000 ) ) ;
#1242 = CARTESIAN_POINT ( 'NONE',  ( 16.00361896949656426, -59.74757278571703978, 1.992762061006736474 ) ) ;
#1243 = EDGE_CURVE ( 'NONE', #185, #740, #1443, .T. ) ;
#1244 = ORIENTED_EDGE ( 'NONE', *, *, #158, .F. ) ;
#1245 = SPHERICAL_SURFACE ( 'NONE', #336, 1.000000000000000000 ) ;
#1246 = ORIENTED_EDGE ( 'NONE', *, *, #1062, .T. ) ;
#1247 = EDGE_CURVE ( 'NONE', #591, #554, #1313, .T. ) ;
#1248 = CARTESIAN_POINT ( 'NONE',  ( -17.09021526042501193, 59.21997956991501155, 2.204892369787492701 ) ) ;
#1249 = DIRECTION ( 'NONE',  ( 1.000000000000000000, 0.000000000000000000, 0.000000000000000000 ) ) ;
#1250 = CYLINDRICAL_SURFACE ( 'NONE', #1461, 2.099999999999993872 ) ;
#1251 = CIRCLE ( 'NONE', #205, 58.54829972383764414 ) ;
#1252 = ORIENTED_EDGE ( 'NONE', *, *, #792, .T. ) ;
#1253 = VECTOR ( 'NONE', #758, 1000.000000000000000 ) ;
#1254 = CARTESIAN_POINT ( 'NONE',  ( 16.50000000000000000, -45.45433532071145777, 0.000000000000000000 ) ) ;
#1255 = ORIENTED_EDGE ( 'NONE', *, *, #573, .F. ) ;
#1256 = CARTESIAN_POINT ( 'NONE',  ( -16.87543637290920984, 59.50077375515757439, 1.624563627090721996 ) ) ;
#1257 =( BOUNDED_SURFACE ( )  B_SPLINE_SURFACE ( 3, 2, ( 
 ( #1112, #8, #1367 ),
 ( #1502, #172, #1231 ),
 ( #396, #17, #283 ),
 ( #547, #1513, #1659 ),
 ( #1096, #24, #156 ),
 ( #1377, #293, #1385 ),
 ( #712, #164, #702 ),
 ( #1248, #1256, #31 ),
 ( #566, #1520, #300 ),
 ( #428, #982, #846 ),
 ( #1626, #1285, #1148 ),
 ( #724, #734, #1427 ),
 ( #203, #332, #1274 ),
 ( #1573, #443, #888 ) ),
 .UNSPECIFIED., .F., .F., .F. ) 
 B_SPLINE_SURFACE_WITH_KNOTS ( ( 4, 2, 2, 2, 2, 2, 4 ),
 ( 3, 3 ),
 ( 6.283185307179586232, 6.479534848028948524, 6.675884388878310816, 6.872233929727672219, 7.068583470577034511, 7.461282552275758206, 7.853981633974482790 ),
 ( 0.000000000000000000, 1.000000000000000000 ),
 .UNSPECIFIED. ) 
 GEOMETRIC_REPRESENTATION_ITEM ( )  RATIONAL_B_SPLINE_SURFACE ( (
 ( 1.000000000000000000, 0.7071067811865475727, 1.000000000000000000),
 ( 1.000000000000000000, 0.7070717215218099705, 1.000000000000000000),
 ( 1.000000000000000000, 0.7117460116570654138, 1.000000000000000000),
 ( 1.000000000000000000, 0.7291288848862519378, 1.000000000000000000),
 ( 1.000000000000000000, 0.7418334301983394719, 1.000000000000000000),
 ( 1.000000000000000000, 0.7723968094988646893, 1.000000000000000000),
 ( 1.000000000000000000, 0.7902180193270899045, 1.000000000000000000),
 ( 1.000000000000000000, 0.8275942589162510465, 1.000000000000000000),
 ( 1.000000000000000000, 0.8471316681044386288, 1.000000000000000000),
 ( 1.000000000000000000, 0.9038128751444405307, 1.000000000000000000),
 ( 1.000000000000000000, 0.9386556568292556690, 1.000000000000000000),
 ( 1.000000000000000000, 0.9867291829330571140, 1.000000000000000000),
 ( 1.000000000000000000, 1.000158585517653131, 1.000000000000000000),
 ( 1.000000000000000000, 1.000000000000000000, 1.000000000000000000) ) ) 
 REPRESENTATION_ITEM ( '' )  SURFACE ( )  );
#1258 = CARTESIAN_POINT ( 'NONE',  ( -6.938893903907228378E-15, 52.49999999999998579, 4.999999999999998224 ) ) ;
#1259 = VECTOR ( 'NONE', #1328, 1000.000000000000000 ) ;
#1260 = ORIENTED_EDGE ( 'NONE', *, *, #613, .F. ) ;
#1261 = DIRECTION ( 'NONE',  ( 0.000000000000000000, -1.000000000000000000, 0.000000000000000000 ) ) ;
#1262 = ORIENTED_EDGE ( 'NONE', *, *, #800, .T. ) ;
#1263 = CARTESIAN_POINT ( 'NONE',  ( 15.76174789523361319, 59.94794534432810451, 2.476504209532901957 ) ) ;
#1264 = ORIENTED_EDGE ( 'NONE', *, *, #1302, .T. ) ;
#1265 = EDGE_CURVE ( 'NONE', #1299, #50, #36, .T. ) ;
#1266 = CARTESIAN_POINT ( 'NONE',  ( -6.938893903907228378E-15, -52.50000000000001421, 4.999999999999998224 ) ) ;
#1267 = CARTESIAN_POINT ( 'NONE',  ( 0.000000000000000000, 0.000000000000000000, -2.400000000000001243 ) ) ;
#1268 = FACE_OUTER_BOUND ( 'NONE', #200, .T. ) ;
#1269 = DIRECTION ( 'NONE',  ( 0.000000000000000000, -1.000000000000000000, 0.000000000000000000 ) ) ;
#1270 = CARTESIAN_POINT ( 'NONE',  ( 16.29510763021248820, 59.21997956991499734, 1.409784739574986512 ) ) ;
#1271 = EDGE_LOOP ( 'NONE', ( #674, #745, #1633, #227 ) ) ;
#1272 = CARTESIAN_POINT ( 'NONE',  ( -17.50000000000000355, -3.673940397442059178E-15, 40.00000000000001421 ) ) ;
#1273 = EDGE_CURVE ( 'NONE', #701, #1332, #393, .T. ) ;
#1274 = CARTESIAN_POINT ( 'NONE',  ( -15.63092328659112340, 60.00000000000001421, 2.738153426818567659 ) ) ;
#1275 = DIRECTION ( 'NONE',  ( 1.000000000000000000, 0.000000000000000000, 0.000000000000000000 ) ) ;
#1276 = ORIENTED_EDGE ( 'NONE', *, *, #646, .T. ) ;
#1277 = DIRECTION ( 'NONE',  ( 0.000000000000000000, 0.000000000000000000, -1.000000000000000000 ) ) ;
#1278 = LINE ( 'NONE', #479, #208 ) ;
#1279 = CIRCLE ( 'NONE', #1369, 1.000000000000000888 ) ;
#1280 = CARTESIAN_POINT ( 'NONE',  ( 17.43603330147201191, 58.51856511640500713, 2.031983349264016692 ) ) ;
#1281 = ORIENTED_EDGE ( 'NONE', *, *, #1265, .F. ) ;
#1282 = CIRCLE ( 'NONE', #512, 2.749999999999998224 ) ;
#1283 = CARTESIAN_POINT ( 'NONE',  ( -16.50000000000000355, -59.99999999999998579, 2.000000000000000000 ) ) ;
#1284 = AXIS2_PLACEMENT_3D ( 'NONE', #1152, #766, #631 ) ;
#1285 = CARTESIAN_POINT ( 'NONE',  ( -16.29066511088444003, 59.86499769986660624, 2.209334889115206924 ) ) ;
#1286 = COORDINATED_UNIVERSAL_TIME_OFFSET ( 8, 0, .AHEAD. ) ;
#1287 = APPROVAL ( #880, '未指定' ) ;
#1288 = ORIENTED_EDGE ( 'NONE', *, *, #1142, .F. ) ;
#1289 = CARTESIAN_POINT ( 'NONE',  ( -17.50000000000000355, -59.99999999999998579, 2.000000000000000000 ) ) ;
#1290 = VECTOR ( 'NONE', #491, 1000.000000000000000 ) ;
#1291 = EDGE_CURVE ( 'NONE', #554, #1139, #1343, .T. ) ;
#1292 = CIRCLE ( 'NONE', #752, 1.000000000000000000 ) ;
#1293 = ORIENTED_EDGE ( 'NONE', *, *, #99, .T. ) ;
#1294 = CARTESIAN_POINT ( 'NONE',  ( 16.49999999998365041, 58.13090116331749613, 1.000000000000000888 ) ) ;
#1295 = VERTEX_POINT ( 'NONE', #1191 ) ;
#1296 = CARTESIAN_POINT ( 'NONE',  ( -6.938893903907228378E-15, 52.49999999999998579, 4.999999999999998224 ) ) ;
#1297 = CARTESIAN_POINT ( 'NONE',  ( 17.49999999999999645, 32.04533352225132603, -9.000000000000003553 ) ) ;
#1298 =( NAMED_UNIT ( * ) PLANE_ANGLE_UNIT ( ) SI_UNIT ( $, .RADIAN. ) );
#1299 = VERTEX_POINT ( 'NONE', #1235 ) ;
#1300 = FACE_OUTER_BOUND ( 'NONE', #1050, .T. ) ;
#1301 = DIRECTION ( 'NONE',  ( 1.000000000000000000, -0.000000000000000000, -0.000000000000000000 ) ) ;
#1302 = EDGE_CURVE ( 'NONE', #218, #498, #1590, .T. ) ;
#1303 = DIRECTION ( 'NONE',  ( -1.000000000000000000, 0.000000000000000000, 0.000000000000000000 ) ) ;
#1304 = CARTESIAN_POINT ( 'NONE',  ( 16.02349579046726546, 59.94794534432803346, 2.738252104766502271 ) ) ;
#1305 = ORIENTED_EDGE ( 'NONE', *, *, #1731, .F. ) ;
#1306 = CARTESIAN_POINT ( 'NONE',  ( -5.050000000000007816, 52.49999999999998579, 9.999999999999998224 ) ) ;
#1307 = DIRECTION ( 'NONE',  ( -1.000000000000000000, 0.000000000000000000, 0.000000000000000000 ) ) ;
#1308 = DATE_AND_TIME ( #221, #342 ) ;
#1309 = ORIENTED_EDGE ( 'NONE', *, *, #238, .T. ) ;
#1310 = DIRECTION ( 'NONE',  ( 0.000000000000000000, 0.000000000000000000, 1.000000000000000000 ) ) ;
#1311 = DIRECTION ( 'NONE',  ( -0.000000000000000000, -0.000000000000000000, 1.000000000000000000 ) ) ;
#1312 = EDGE_CURVE ( 'NONE', #218, #1519, #565, .T. ) ;
#1313 = LINE ( 'NONE', #1476, #921 ) ;
#1314 = EDGE_LOOP ( 'NONE', ( #1490, #170, #310, #917 ) ) ;
#1315 = AXIS2_PLACEMENT_3D ( 'NONE', #1073, #1455, #505 ) ;
#1316 = DIRECTION ( 'NONE',  ( 0.000000000000000000, 0.000000000000000000, -1.000000000000000000 ) ) ;
#1317 = DIRECTION ( 'NONE',  ( 1.000000000000000000, 0.000000000000000000, 0.000000000000000000 ) ) ;
#1318 = AXIS2_PLACEMENT_3D ( 'NONE', #1462, #1322, #367 ) ;
#1319 = ORIENTED_EDGE ( 'NONE', *, *, #780, .F. ) ;
#1320 = VECTOR ( 'NONE', #796, 1000.000000000000000 ) ;
#1321 = CLOSED_SHELL ( 'NONE', ( #936, #1466, #1451, #685, #1561, #536, #828, #437, #790, #1528, #270, #520, #281, #1473, #1719, #981, #973, #1597, #956, #155, #110, #1366, #397, #495, #840, #41, #246, #63, #480, #318, #1091, #1552, #1030, #595, #984, #1331, #333, #1722, #168, #876, #1637, #540, #1164, #1376, #927, #884, #1645, #511, #1007, #1187, #1408, #322, #117, #819, #87, #368 ) ) ;
#1322 = DIRECTION ( 'NONE',  ( -0.000000000000000000, -1.000000000000000000, -0.000000000000000000 ) ) ;
#1323 = CARTESIAN_POINT ( 'NONE',  ( 17.49999999999999645, 58.00000000000000711, 10.00000000000000000 ) ) ;
#1324 = ORIENTED_EDGE ( 'NONE', *, *, #295, .T. ) ;
#1325 = AXIS2_PLACEMENT_3D ( 'NONE', #1029, #1696, #1127 ) ;
#1326 = PLANE ( 'NONE',  #564 ) ;
#1327 = EDGE_CURVE ( 'NONE', #167, #763, #235, .T. ) ;
#1328 = DIRECTION ( 'NONE',  ( 0.000000000000000000, 0.000000000000000000, 1.000000000000000000 ) ) ;
#1329 = CARTESIAN_POINT ( 'NONE',  ( -17.48710782014099152, -58.26179617165912106, 2.006446089929515342 ) ) ;
#1330 = DIRECTION ( 'NONE',  ( 0.000000000000000000, 0.000000000000000000, -1.000000000000000000 ) ) ;
#1331 = ADVANCED_FACE ( 'NONE', ( #1054 ), #1463, .T. ) ;
#1332 = VERTEX_POINT ( 'NONE', #925 ) ;
#1333 = DIRECTION ( 'NONE',  ( 0.000000000000000000, 0.000000000000000000, 1.000000000000000000 ) ) ;
#1334 = APPROVAL_DATE_TIME ( #1353, #1729 ) ;
#1335 = EDGE_CURVE ( 'NONE', #763, #670, #1032, .T. ) ;
#1336 = SPHERICAL_SURFACE ( 'NONE', #1546, 1.000000000000000000 ) ;
#1337 = FACE_OUTER_BOUND ( 'NONE', #971, .T. ) ;
#1338 = FACE_OUTER_BOUND ( 'NONE', #236, .T. ) ;
#1339 = DIRECTION ( 'NONE',  ( -0.000000000000000000, 6.938893903907230843E-17, -1.000000000000000000 ) ) ;
#1340 = ORIENTED_EDGE ( 'NONE', *, *, #721, .T. ) ;
#1341 = DIRECTION ( 'NONE',  ( 0.000000000000000000, 0.000000000000000000, 1.000000000000000000 ) ) ;
#1342 = AXIS2_PLACEMENT_3D ( 'NONE', #325, #1039, #209 ) ;
#1343 = CIRCLE ( 'NONE', #776, 2.000000000000000000 ) ;
#1344 = CARTESIAN_POINT ( 'NONE',  ( -17.50000000000000355, -57.99999999999997868, 1.000000000000000888 ) ) ;
#1345 = APPLICATION_CONTEXT ( 'configuration controlled 3d designs of mechanical parts and assemblies' ) ;
#1346 = EDGE_CURVE ( 'NONE', #1357, #881, #100, .T. ) ;
#1347 = CC_DESIGN_APPROVAL ( #1550, ( #1005 ) ) ;
#1348 = DIRECTION ( 'NONE',  ( 0.000000000000000000, 0.000000000000000000, 1.000000000000000000 ) ) ;
#1349 = ORIENTED_EDGE ( 'NONE', *, *, #1710, .T. ) ;
#1350 = AXIS2_PLACEMENT_3D ( 'NONE', #599, #1277, #84 ) ;
#1351 = CARTESIAN_POINT ( 'NONE',  ( -6.938893903907228378E-15, -49.75000000000001421, 1.000000000000001554 ) ) ;
#1352 = ORIENTED_EDGE ( 'NONE', *, *, #263, .F. ) ;
#1353 = DATE_AND_TIME ( #102, #1172 ) ;
#1354 = CARTESIAN_POINT ( 'NONE',  ( 16.49999999999999289, 59.17157287525382259, 1.000000000000000888 ) ) ;
#1355 = DIRECTION ( 'NONE',  ( -0.000000000000000000, -0.000000000000000000, 1.000000000000000000 ) ) ;
#1356 = EDGE_CURVE ( 'NONE', #1139, #1213, #1523, .T. ) ;
#1357 = VERTEX_POINT ( 'NONE', #1531 ) ;
#1358 = CARTESIAN_POINT ( 'NONE',  ( -16.50000000000000355, -32.04533352225134024, -9.000000000000001776 ) ) ;
#1359 = EDGE_LOOP ( 'NONE', ( #1477, #143, #576, #1217 ) ) ;
#1360 = DATE_AND_TIME ( #1619, #1543 ) ;
#1361 = CARTESIAN_POINT ( 'NONE',  ( 16.49999999999999645, -45.45433532071145777, 1.000000000000000888 ) ) ;
#1362 = DIRECTION ( 'NONE',  ( 0.000000000000000000, 0.000000000000000000, 1.000000000000000000 ) ) ;
#1363 = EDGE_LOOP ( 'NONE', ( #401, #1384, #324, #726 ) ) ;
#1364 = DIRECTION ( 'NONE',  ( 1.000000000000000000, 0.000000000000000000, -0.000000000000000000 ) ) ;
#1365 = ORIENTED_EDGE ( 'NONE', *, *, #144, .F. ) ;
#1366 = ADVANCED_FACE ( 'NONE', ( #308 ), #858, .F. ) ;
#1367 = CARTESIAN_POINT ( 'NONE',  ( -16.50000000000000711, 58.00000000000000711, 1.000000000000000888 ) ) ;
#1368 = CARTESIAN_POINT ( 'NONE',  ( 17.49999999999999645, -57.99999999999997868, 2.000000000000000000 ) ) ;
#1369 = AXIS2_PLACEMENT_3D ( 'NONE', #582, #61, #761 ) ;
#1370 = DIRECTION ( 'NONE',  ( -0.000000000000000000, -0.000000000000000000, 1.000000000000000000 ) ) ;
#1371 = AXIS2_PLACEMENT_3D ( 'NONE', #1741, #381, #148 ) ;
#1372 = EDGE_LOOP ( 'NONE', ( #1244, #130, #1591, #489 ) ) ;
#1373 = APPROVAL_PERSON_ORGANIZATION ( #890, #1287, #1574 ) ;
#1374 = ORIENTED_EDGE ( 'NONE', *, *, #552, .F. ) ;
#1375 = AXIS2_PLACEMENT_3D ( 'NONE', #793, #1614, #931 ) ;
#1376 = ADVANCED_FACE ( 'NONE', ( #1268 ), #68, .T. ) ;
#1377 = CARTESIAN_POINT ( 'NONE',  ( -17.29766592814780424, 58.88630239515508435, 2.101167035926042370 ) ) ;
#1378 = AXIS2_PLACEMENT_3D ( 'NONE', #1417, #1397, #1556 ) ;
#1379 = CARTESIAN_POINT ( 'NONE',  ( -16.50000000000000000, -3.673940397442059178E-15, 40.00000000000001421 ) ) ;
#1380 = EDGE_CURVE ( 'NONE', #740, #1179, #309, .T. ) ;
#1381 = DIRECTION ( 'NONE',  ( -0.000000000000000000, -0.000000000000000000, 1.000000000000000000 ) ) ;
#1382 = ORIENTED_EDGE ( 'NONE', *, *, #1291, .F. ) ;
#1383 = CYLINDRICAL_SURFACE ( 'NONE', #231, 2.000000000000000000 ) ;
#1384 = ORIENTED_EDGE ( 'NONE', *, *, #166, .T. ) ;
#1385 = CARTESIAN_POINT ( 'NONE',  ( -16.39883296407390745, 58.88630239515505593, 1.202334071852190878 ) ) ;
#1386 = DIRECTION ( 'NONE',  ( -0.000000000000000000, -0.000000000000000000, 1.000000000000000000 ) ) ;
#1387 = CARTESIAN_POINT ( 'NONE',  ( 17.23566318878518189, -59.00230136216338650, 2.132168405607419270 ) ) ;
#1388 = ORIENTED_EDGE ( 'NONE', *, *, #1312, .T. ) ;
#1389 = EDGE_LOOP ( 'NONE', ( #151, #827, #1527, #103 ) ) ;
#1390 = CARTESIAN_POINT ( 'NONE',  ( -6.938893903907228378E-15, 52.49999999999998579, 4.999999999999998224 ) ) ;
#1391 = FACE_OUTER_BOUND ( 'NONE', #1717, .T. ) ;
#1392 = AXIS2_PLACEMENT_3D ( 'NONE', #949, #661, #362 ) ;
#1393 = EDGE_LOOP ( 'NONE', ( #751, #12, #45, #818 ) ) ;
#1394 = EDGE_CURVE ( 'NONE', #1519, #705, #434, .T. ) ;
#1395 = CARTESIAN_POINT ( 'NONE',  ( 17.31080415495196334, 58.90841389844806031, 1.189195845047990030 ) ) ;
#1396 = ORIENTED_EDGE ( 'NONE', *, *, #1327, .T. ) ;
#1397 = DIRECTION ( 'NONE',  ( -1.000000000000000000, 0.000000000000000000, 0.000000000000000000 ) ) ;
#1398 = CARTESIAN_POINT ( 'NONE',  ( -16.50000000000000000, 60.00000000000001421, 1.000000000000000888 ) ) ;
#1399 = EDGE_CURVE ( 'NONE', #670, #1508, #895, .T. ) ;
#1400 = AXIS2_PLACEMENT_3D ( 'NONE', #1000, #210, #754 ) ;
#1401 = VERTEX_POINT ( 'NONE', #470 ) ;
#1402 = CARTESIAN_POINT ( 'NONE',  ( -6.938893903907228378E-15, 52.49999999999998579, 1.000000000000000888 ) ) ;
#1403 = LINE ( 'NONE', #56, #689 ) ;
#1404 = ORIENTED_EDGE ( 'NONE', *, *, #226, .T. ) ;
#1405 = EDGE_CURVE ( 'NONE', #881, #1413, #1084, .T. ) ;
#1406 = CARTESIAN_POINT ( 'NONE',  ( 16.29066511088443292, 59.86499769986595965, 2.209334889115248224 ) ) ;
#1407 = ORIENTED_EDGE ( 'NONE', *, *, #550, .F. ) ;
#1408 = ADVANCED_FACE ( 'NONE', ( #777 ), #107, .T. ) ;
#1409 = CARTESIAN_POINT ( 'NONE',  ( -17.50000000000000355, -57.99999999999997868, 2.000000000000000000 ) ) ;
#1410 = DIRECTION ( 'NONE',  ( -1.000000000000000000, 0.000000000000000000, 0.000000000000000000 ) ) ;
#1411 = EDGE_LOOP ( 'NONE', ( #578, #1688, #610, #562 ) ) ;
#1412 = DIRECTION ( 'NONE',  ( 0.000000000000000000, -0.7507120022862697750, 0.6606296160658706729 ) ) ;
#1413 = VERTEX_POINT ( 'NONE', #787 ) ;
#1414 = CARTESIAN_POINT ( 'NONE',  ( 16.46801665073598286, 58.51856511640500003, 1.063966698527988308 ) ) ;
#1415 = EDGE_LOOP ( 'NONE', ( #89, #341 ) ) ;
#1416 = DIRECTION ( 'NONE',  ( 0.000000000000000000, 0.000000000000000000, -1.000000000000000000 ) ) ;
#1417 = CARTESIAN_POINT ( 'NONE',  ( 16.50000000000000000, 45.45433532071144356, 0.000000000000000000 ) ) ;
#1418 = EDGE_CURVE ( 'NONE', #267, #948, #1282, .T. ) ;
#1419 = DATE_AND_TIME ( #1149, #602 ) ;
#1420 = VERTEX_POINT ( 'NONE', #216 ) ;
#1421 = CARTESIAN_POINT ( 'NONE',  ( -17.50000000000000355, -45.45433532071145777, 0.000000000000000000 ) ) ;
#1422 = AXIS2_PLACEMENT_3D ( 'NONE', #1707, #1562, #1425 ) ;
#1423 = CARTESIAN_POINT ( 'NONE',  ( 16.36783159439259805, 59.00230136216342913, 1.264336811214834544 ) ) ;
#1424 = VERTEX_POINT ( 'NONE', #1161 ) ;
#1425 = DIRECTION ( 'NONE',  ( 0.000000000000000000, 0.000000000000000000, -1.000000000000000000 ) ) ;
#1426 = CIRCLE ( 'NONE', #923, 2.099999999999998757 ) ;
#1427 = CARTESIAN_POINT ( 'NONE',  ( -15.76174789523362030, 59.94794534432810451, 2.476504209532901957 ) ) ;
#1428 = EDGE_CURVE ( 'NONE', #1155, #554, #1567, .T. ) ;
#1429 = ORIENTED_EDGE ( 'NONE', *, *, #1618, .F. ) ;
#1430 = DIRECTION ( 'NONE',  ( 0.000000000000000000, 6.938893903907228378E-15, -1.000000000000000000 ) ) ;
#1431 = EDGE_CURVE ( 'NONE', #30, #591, #1182, .T. ) ;
#1432 = AXIS2_PLACEMENT_3D ( 'NONE', #737, #1023, #1565 ) ;
#1433 = LINE ( 'NONE', #215, #687 ) ;
#1434 = DIRECTION ( 'NONE',  ( 1.000000000000000000, 0.000000000000000000, -0.000000000000000000 ) ) ;
#1435 = CARTESIAN_POINT ( 'NONE',  ( 17.15188955519626290, 59.18653773056912826, 1.348110444803777730 ) ) ;
#1436 = ORIENTED_EDGE ( 'NONE', *, *, #473, .T. ) ;
#1437 = CARTESIAN_POINT ( 'NONE',  ( -5.050000000000007816, -52.50000000000001421, 4.999999999999998224 ) ) ;
#1438 = CYLINDRICAL_SURFACE ( 'NONE', #1232, 5.050000000000000711 ) ;
#1439 = MECHANICAL_CONTEXT ( 'NONE', #583, 'mechanical' ) ;
#1440 = VERTEX_POINT ( 'NONE', #1732 ) ;
#1441 = CYLINDRICAL_SURFACE ( 'NONE', #425, 5.050000000000000711 ) ;
#1442 = CARTESIAN_POINT ( 'NONE',  ( -6.938893903907228378E-15, -52.50000000000001421, 4.999999999999998224 ) ) ;
#1443 = LINE ( 'NONE', #113, #681 ) ;
#1444 = ORIENTED_EDGE ( 'NONE', *, *, #1108, .F. ) ;
#1445 = CARTESIAN_POINT ( 'NONE',  ( -17.50000000000000355, 58.00000000000000711, 10.00000000000000000 ) ) ;
#1446 = CARTESIAN_POINT ( 'NONE',  ( -17.50000000000000355, 60.00000000000001421, 3.000000000000000888 ) ) ;
#1447 = COORDINATED_UNIVERSAL_TIME_OFFSET ( 8, 0, .AHEAD. ) ;
#1448 = ORIENTED_EDGE ( 'NONE', *, *, #748, .T. ) ;
#1449 = CARTESIAN_POINT ( 'NONE',  ( -17.50000000000000355, 58.00000000000000711, 2.000000000000000000 ) ) ;
#1450 = CARTESIAN_POINT ( 'NONE',  ( -17.50000000000000355, -45.45433532071145777, 2.000000000000000000 ) ) ;
#1451 = ADVANCED_FACE ( 'NONE', ( #1046 ), #1034, .F. ) ;
#1452 = DIRECTION ( 'NONE',  ( 0.000000000000000000, 0.000000000000000000, 1.000000000000000000 ) ) ;
#1453 = ORIENTED_EDGE ( 'NONE', *, *, #331, .F. ) ;
#1454 = AXIS2_PLACEMENT_3D ( 'NONE', #988, #844, #1526 ) ;
#1455 = DIRECTION ( 'NONE',  ( 0.000000000000000000, 0.000000000000000000, -1.000000000000000000 ) ) ;
#1456 = VECTOR ( 'NONE', #1053, 1000.000000000000000 ) ;
#1457 = AXIS2_PLACEMENT_3D ( 'NONE', #1379, #1650, #696 ) ;
#1458 = DIRECTION ( 'NONE',  ( -0.000000000000000000, 6.938893903907230843E-17, -1.000000000000000000 ) ) ;
#1459 = AXIS2_PLACEMENT_3D ( 'NONE', #255, #1355, #134 ) ;
#1460 = CARTESIAN_POINT ( 'NONE',  ( -16.39883296407390390, -58.88630239515458697, 1.202334071852007913 ) ) ;
#1461 = AXIS2_PLACEMENT_3D ( 'NONE', #35, #1381, #823 ) ;
#1462 = CARTESIAN_POINT ( 'NONE',  ( -16.50000000000000355, 45.45433532071144356, 2.000000000000000000 ) ) ;
#1463 = SPHERICAL_SURFACE ( 'NONE', #891, 1.000000000000000000 ) ;
#1464 = ORIENTED_EDGE ( 'NONE', *, *, #28, .F. ) ;
#1465 = VECTOR ( 'NONE', #220, 1000.000000000000000 ) ;
#1466 = ADVANCED_FACE ( 'NONE', ( #1724 ), #351, .F. ) ;
#1467 = CARTESIAN_POINT ( 'NONE',  ( 16.50000000000000000, 45.45433532071144356, 0.000000000000000000 ) ) ;
#1468 = CARTESIAN_POINT ( 'NONE',  ( -3.346177716092272873E-15, 0.000000000000000000, -3.661807299957879458 ) ) ;
#1469 = CARTESIAN_POINT ( 'NONE',  ( -15.50000000000000533, -59.99999999999998579, 3.000000000000000888 ) ) ;
#1470 = DIRECTION ( 'NONE',  ( -0.000000000000000000, 6.938893903907230843E-17, -1.000000000000000000 ) ) ;
#1471 = ORIENTED_EDGE ( 'NONE', *, *, #863, .F. ) ;
#1472 = DIRECTION ( 'NONE',  ( 0.000000000000000000, 0.000000000000000000, -1.000000000000000000 ) ) ;
#1473 = ADVANCED_FACE ( 'NONE', ( #232, #924 ), #243, .F. ) ;
#1474 = FACE_OUTER_BOUND ( 'NONE', #1204, .T. ) ;
#1475 = CARTESIAN_POINT ( 'NONE',  ( -16.49355391007047800, -58.26179617165911395, 1.012892179859013586 ) ) ;
#1476 = CARTESIAN_POINT ( 'NONE',  ( 15.49999999999999645, -59.99999999999998579, 10.00000000000000000 ) ) ;
#1477 = ORIENTED_EDGE ( 'NONE', *, *, #1482, .F. ) ;
#1478 = FACE_OUTER_BOUND ( 'NONE', #1271, .T. ) ;
#1479 = ORIENTED_EDGE ( 'NONE', *, *, #1678, .T. ) ;
#1480 = VECTOR ( 'NONE', #669, 1000.000000000000000 ) ;
#1481 = CARTESIAN_POINT ( 'NONE',  ( 15.49999999999999822, -57.99999999999997868, 10.00000000000000000 ) ) ;
#1482 = EDGE_CURVE ( 'NONE', #1072, #615, #914, .T. ) ;
#1483 = CIRCLE ( 'NONE', #803, 5.050000000000000711 ) ;
#1484 = CARTESIAN_POINT ( 'NONE',  ( -17.23566318878514281, -59.00230136216345045, 2.132168405607417050 ) ) ;
#1485 = AXIS2_PLACEMENT_3D ( 'NONE', #1358, #958, #153 ) ;
#1486 =( GEOMETRIC_REPRESENTATION_CONTEXT ( 3 ) GLOBAL_UNCERTAINTY_ASSIGNED_CONTEXT ( ( #606 ) ) GLOBAL_UNIT_ASSIGNED_CONTEXT ( ( #1031, #1298, #1158 ) ) REPRESENTATION_CONTEXT ( 'NONE', 'WORKASPACE' ) );
#1487 = ORIENTED_EDGE ( 'NONE', *, *, #214, .T. ) ;
#1488 = AXIS2_PLACEMENT_3D ( 'NONE', #321, #1301, #1045 ) ;
#1489 = LINE ( 'NONE', #1207, #1568 ) ;
#1490 = ORIENTED_EDGE ( 'NONE', *, *, #637, .F. ) ;
#1491 = CARTESIAN_POINT ( 'NONE',  ( -16.50000000000000355, -57.99999999999997868, 2.000000000000000888 ) ) ;
#1492 = CARTESIAN_POINT ( 'NONE',  ( -16.49999999998365752, -58.13090116331780166, 1.000000000000000888 ) ) ;
#1493 = EDGE_LOOP ( 'NONE', ( #1498, #1554, #1169 ) ) ;
#1494 = CARTESIAN_POINT ( 'NONE',  ( 17.49999999999999645, 32.34192325759248376, -9.000000000000003553 ) ) ;
#1495 = ORIENTED_EDGE ( 'NONE', *, *, #735, .T. ) ;
#1496 = PLANE ( 'NONE',  #398 ) ;
#1497 = DIRECTION ( 'NONE',  ( -1.000000000000000000, -0.000000000000000000, -0.000000000000000000 ) ) ;
#1498 = ORIENTED_EDGE ( 'NONE', *, *, #800, .F. ) ;
#1499 = EDGE_CURVE ( 'NONE', #1424, #167, #1677, .T. ) ;
#1500 = FACE_OUTER_BOUND ( 'NONE', #651, .T. ) ;
#1501 = EDGE_LOOP ( 'NONE', ( #959, #1219, #433, #963 ) ) ;
#1502 = CARTESIAN_POINT ( 'NONE',  ( -17.50000000000000711, 58.13090116331749613, 2.000000000016378898 ) ) ;
#1503 = CARTESIAN_POINT ( 'NONE',  ( -6.938893903907228378E-15, -52.50000000000001421, 4.999999999999998224 ) ) ;
#1504 = AXIS2_PLACEMENT_3D ( 'NONE', #935, #1472, #123 ) ;
#1505 = CARTESIAN_POINT ( 'NONE',  ( 16.49127640711926546, -59.77802397096309761, 2.008723592880676811 ) ) ;
#1506 = VECTOR ( 'NONE', #447, 1000.000000000000000 ) ;
#1507 = AXIS2_PLACEMENT_3D ( 'NONE', #817, #539, #794 ) ;
#1508 = VERTEX_POINT ( 'NONE', #1608 ) ;
#1509 = DIRECTION ( 'NONE',  ( 1.000000000000000000, 0.000000000000000000, 0.000000000000000000 ) ) ;
#1510 = EDGE_LOOP ( 'NONE', ( #965, #1239, #729 ) ) ;
#1511 = VECTOR ( 'NONE', #932, 1000.000000000000000 ) ;
#1512 = CIRCLE ( 'NONE', #1350, 5.050000000000000711 ) ;
#1513 = CARTESIAN_POINT ( 'NONE',  ( -17.37831487708639600, 58.74763398995410313, 1.121685122913659072 ) ) ;
#1514 = FACE_OUTER_BOUND ( 'NONE', #1010, .T. ) ;
#1515 = PRODUCT ( 'RM-JJ-00083707-01', 'RM-JJ-00083707-01', '', ( #1439 ) ) ;
#1516 = CARTESIAN_POINT ( 'NONE',  ( 15.76174789523360964, -59.94794534432807609, 2.476504209532901957 ) ) ;
#1517 = EDGE_LOOP ( 'NONE', ( #406, #519 ) ) ;
#1518 = DIRECTION ( 'NONE',  ( 0.000000000000000000, 0.000000000000000000, 1.000000000000000000 ) ) ;
#1519 = VERTEX_POINT ( 'NONE', #1450 ) ;
#1520 = CARTESIAN_POINT ( 'NONE',  ( -16.77839265160777771, 59.58157591876751979, 1.721607348392383718 ) ) ;
#1521 = DIRECTION ( 'NONE',  ( 1.000000000000000000, 0.000000000000000000, 0.000000000000000000 ) ) ;
#1522 = EDGE_CURVE ( 'NONE', #1237, #812, #450, .T. ) ;
#1523 = LINE ( 'NONE', #46, #1506 ) ;
#1524 = LINE ( 'NONE', #704, #1630 ) ;
#1525 = VERTEX_POINT ( 'NONE', #251 ) ;
#1526 = DIRECTION ( 'NONE',  ( 0.000000000000000000, 0.000000000000000000, -1.000000000000000000 ) ) ;
#1527 = ORIENTED_EDGE ( 'NONE', *, *, #587, .F. ) ;
#1528 = ADVANCED_FACE ( 'NONE', ( #1338 ), #119, .F. ) ;
#1529 = CARTESIAN_POINT ( 'NONE',  ( -6.938893903907228378E-15, -52.50000000000001421, 9.999999999999998224 ) ) ;
#1530 = CARTESIAN_POINT ( 'NONE',  ( 5.049999999999993605, 52.49999999999998579, 4.999999999999998224 ) ) ;
#1531 = CARTESIAN_POINT ( 'NONE',  ( -17.50000000000000355, 43.95291131613889490, 1.321259232131741790 ) ) ;
#1532 = CARTESIAN_POINT ( 'NONE',  ( -6.602116034141705931E-15, -55.25000000000000711, 1.000000000000000666 ) ) ;
#1533 = EDGE_CURVE ( 'NONE', #1440, #188, #1201, .T. ) ;
#1534 = AXIS2_PLACEMENT_3D ( 'NONE', #999, #1136, #1695 ) ;
#1535 = ORIENTED_EDGE ( 'NONE', *, *, #158, .T. ) ;
#1536 = EDGE_CURVE ( 'NONE', #1017, #1750, #714, .T. ) ;
#1537 =( BOUNDED_SURFACE ( )  B_SPLINE_SURFACE ( 3, 2, ( 
 ( #1469, #388, #641 ),
 ( #1076, #250, #1216 ),
 ( #1188, #1621, #946 ),
 ( #1749, #1596, #118 ),
 ( #523, #655, #242 ),
 ( #1742, #365, #1 ),
 ( #1181, #801, #1723 ),
 ( #1484, #518, #382 ),
 ( #112, #938, #1460 ),
 ( #1607, #501, #1730 ),
 ( #922, #507, #786 ),
 ( #1329, #262, #1475 ),
 ( #811, #955, #1492 ),
 ( #664, #1344, #648 ) ),
 .UNSPECIFIED., .F., .F., .F. ) 
 B_SPLINE_SURFACE_WITH_KNOTS ( ( 4, 2, 2, 2, 2, 2, 4 ),
 ( 3, 3 ),
 ( 1.570796326794896558, 1.963495408493620697, 2.356194490192344837, 2.552544031041707129, 2.748893571891068976, 2.945243112740430824, 3.141592653589793116 ),
 ( 0.000000000000000000, 1.000000000000000000 ),
 .UNSPECIFIED. ) 
 GEOMETRIC_REPRESENTATION_ITEM ( )  RATIONAL_B_SPLINE_SURFACE ( (
 ( 1.000000000000000000, 1.000000000000000000, 1.000000000000000000),
 ( 1.000000000000000000, 1.000158585517697540, 1.000000000000000000),
 ( 1.000000000000000000, 0.9867291829329978281, 1.000000000000000000),
 ( 1.000000000000000000, 0.9386556568293151770, 1.000000000000000000),
 ( 1.000000000000000000, 0.9038128751442686681, 1.000000000000000000),
 ( 1.000000000000000000, 0.8471316681045203412, 1.000000000000000000),
 ( 1.000000000000000000, 0.8275942589161316976, 1.000000000000000000),
 ( 1.000000000000000000, 0.7902180193272091424, 1.000000000000000000),
 ( 1.000000000000000000, 0.7723968094988064026, 1.000000000000000000),
 ( 1.000000000000000000, 0.7418334301983978696, 1.000000000000000000),
 ( 1.000000000000000000, 0.7291288848862775840, 1.000000000000000000),
 ( 1.000000000000000000, 0.7117460116570397677, 1.000000000000000000),
 ( 1.000000000000000000, 0.7070717215218290663, 1.000000000000000000),
 ( 1.000000000000000000, 0.7071067811865475727, 1.000000000000000000) ) ) 
 REPRESENTATION_ITEM ( '' )  SURFACE ( )  );
#1538 = AXIS2_PLACEMENT_3D ( 'NONE', #1254, #3, #277 ) ;
#1539 = CARTESIAN_POINT ( 'NONE',  ( 16.77839265160734783, 59.58157591876751269, 1.721607348392359293 ) ) ;
#1540 = ORIENTED_EDGE ( 'NONE', *, *, #233, .F. ) ;
#1541 = VECTOR ( 'NONE', #33, 1000.000000000000000 ) ;
#1542 = CIRCLE ( 'NONE', #1459, 2.099999999999988987 ) ;
#1543 = LOCAL_TIME ( 14, 53, 5.000000000000000000, #791 ) ;
#1544 = CARTESIAN_POINT ( 'NONE',  ( 16.50000000000000000, -59.99999999999998579, 1.000000000000000888 ) ) ;
#1545 = DIRECTION ( 'NONE',  ( 0.000000000000000000, 0.000000000000000000, -1.000000000000000000 ) ) ;
#1546 = AXIS2_PLACEMENT_3D ( 'NONE', #104, #647, #1586 ) ;
#1547 = AXIS2_PLACEMENT_3D ( 'NONE', #183, #1410, #457 ) ;
#1548 = DIRECTION ( 'NONE',  ( -0.000000000000000000, 6.938893903907230843E-17, -1.000000000000000000 ) ) ;
#1549 = LINE ( 'NONE', #619, #663 ) ;
#1550 = APPROVAL ( #1074, '未指定' ) ;
#1551 = DIRECTION ( 'NONE',  ( -1.000000000000000000, 0.000000000000000000, 0.000000000000000000 ) ) ;
#1552 = ADVANCED_FACE ( 'NONE', ( #1337 ), #1197, .T. ) ;
#1553 = LINE ( 'NONE', #323, #1224 ) ;
#1554 = ORIENTED_EDGE ( 'NONE', *, *, #1746, .T. ) ;
#1555 = FACE_OUTER_BOUND ( 'NONE', #934, .T. ) ;
#1556 = DIRECTION ( 'NONE',  ( 0.000000000000000000, 0.000000000000000000, 1.000000000000000000 ) ) ;
#1557 = DIRECTION ( 'NONE',  ( 1.000000000000000000, -6.338839315805139442E-15, 0.000000000000000000 ) ) ;
#1558 = CARTESIAN_POINT ( 'NONE',  ( -6.938893903907228378E-15, -49.75000000000001421, 4.999999999999998224 ) ) ;
#1559 = CARTESIAN_POINT ( 'NONE',  ( 17.49999999999999645, 58.13090116331749613, 2.000000000016378898 ) ) ;
#1560 = EDGE_LOOP ( 'NONE', ( #1570, #453, #1288, #276 ) ) ;
#1561 = ADVANCED_FACE ( 'NONE', ( #1113 ), #25, .F. ) ;
#1562 = DIRECTION ( 'NONE',  ( 1.000000000000000000, 0.000000000000000000, -0.000000000000000000 ) ) ;
#1563 = DIRECTION ( 'NONE',  ( 0.000000000000000000, 0.000000000000000000, 1.000000000000000000 ) ) ;
#1564 = CARTESIAN_POINT ( 'NONE',  ( -16.50000000000000000, -3.673940397442059178E-15, 40.00000000000001421 ) ) ;
#1565 = DIRECTION ( 'NONE',  ( 0.000000000000000000, 1.000000000000000000, 7.885106708985500127E-17 ) ) ;
#1566 = LINE ( 'NONE', #469, #1290 ) ;
#1567 = LINE ( 'NONE', #482, #744 ) ;
#1568 = VECTOR ( 'NONE', #1617, 1000.000000000000000 ) ;
#1569 = CARTESIAN_POINT ( 'NONE',  ( 17.47406081184859161, 58.38998141954184717, 1.025939188151357984 ) ) ;
#1570 = ORIENTED_EDGE ( 'NONE', *, *, #1346, .T. ) ;
#1571 = VECTOR ( 'NONE', #415, 1000.000000000000000 ) ;
#1572 = FACE_OUTER_BOUND ( 'NONE', #319, .T. ) ;
#1573 = CARTESIAN_POINT ( 'NONE',  ( -15.50000000000000533, 60.00000000000001421, 3.000000000000002665 ) ) ;
#1574 = APPROVAL_ROLE ( '' ) ;
#1575 = ORIENTED_EDGE ( 'NONE', *, *, #1063, .F. ) ;
#1576 = LINE ( 'NONE', #1130, #129 ) ;
#1577 = TOROIDAL_SURFACE ( 'NONE', #1004, 2.000000000000000000, 1.000000000000000000 ) ;
#1578 = AXIS2_PLACEMENT_3D ( 'NONE', #628, #187, #448 ) ;
#1579 = CARTESIAN_POINT ( 'NONE',  ( 0.000000000000000000, 0.000000000000000000, 10.00000000000000000 ) ) ;
#1580 = DIRECTION ( 'NONE',  ( 1.000000000000000000, -0.000000000000000000, -0.000000000000000000 ) ) ;
#1581 = ORIENTED_EDGE ( 'NONE', *, *, #1744, .T. ) ;
#1582 = CARTESIAN_POINT ( 'NONE',  ( 17.49999999999999645, -43.95291131613891622, 1.321259232131736905 ) ) ;
#1583 = CARTESIAN_POINT ( 'NONE',  ( -16.50000000000000000, 44.70362331842516568, 0.6606296160658730043 ) ) ;
#1584 = APPROVAL_ROLE ( '' ) ;
#1585 = ORIENTED_EDGE ( 'NONE', *, *, #1220, .T. ) ;
#1586 = DIRECTION ( 'NONE',  ( -3.469446951953611033E-15, 0.000000000000000000, 1.000000000000000000 ) ) ;
#1587 = EDGE_CURVE ( 'NONE', #1401, #772, #1171, .T. ) ;
#1588 = DIRECTION ( 'NONE',  ( 1.000000000000000000, 0.000000000000000000, 0.000000000000000000 ) ) ;
#1589 = CARTESIAN_POINT ( 'NONE',  ( -6.938893903907228378E-15, -52.50000000000001421, 1.000000000000000888 ) ) ;
#1590 = LINE ( 'NONE', #513, #369 ) ;
#1591 = ORIENTED_EDGE ( 'NONE', *, *, #311, .T. ) ;
#1592 = DIRECTION ( 'NONE',  ( 0.000000000000000000, 0.000000000000000000, 1.000000000000000000 ) ) ;
#1593 = CARTESIAN_POINT ( 'NONE',  ( 0.000000000000000000, 0.000000000000000000, 0.000000000000000000 ) ) ;
#1594 = EDGE_LOOP ( 'NONE', ( #1305, #161 ) ) ;
#1595 = CYLINDRICAL_SURFACE ( 'NONE', #400, 59.54829972383764414 ) ;
#1596 = CARTESIAN_POINT ( 'NONE',  ( -16.29066511088506175, -59.86499769986594544, 2.209334889115301959 ) ) ;
#1597 = ADVANCED_FACE ( 'NONE', ( #975, #157 ), #301, .F. ) ;
#1598 = DIRECTION ( 'NONE',  ( 1.000000000000000000, 0.000000000000000000, 0.000000000000000000 ) ) ;
#1599 = DIRECTION ( 'NONE',  ( 0.000000000000000000, 0.000000000000000000, 1.000000000000000000 ) ) ;
#1600 = ORIENTED_EDGE ( 'NONE', *, *, #1065, .T. ) ;
#1601 = AXIS2_PLACEMENT_3D ( 'NONE', #820, #298, #545 ) ;
#1602 = PERSON ( '未指定', '未指定', '未指定', ('未指定'), ('未指定'), ('未指定') ) ;
#1603 = FACE_OUTER_BOUND ( 'NONE', #1638, .T. ) ;
#1604 = APPROVAL_ROLE ( '' ) ;
#1605 = TOROIDAL_SURFACE ( 'NONE', #893, 58.54829972383764414, 1.000000000000000000 ) ;
#1606 = CARTESIAN_POINT ( 'NONE',  ( -15.50000000000000533, 60.00000000000001421, 3.000000000000000888 ) ) ;
#1607 = CARTESIAN_POINT ( 'NONE',  ( -17.39785220189716242, -58.64443133430572885, 2.051073899051385929 ) ) ;
#1608 = CARTESIAN_POINT ( 'NONE',  ( -17.50000000000000355, 58.00000000000000711, 2.000000000000000000 ) ) ;
#1609 = CARTESIAN_POINT ( 'NONE',  ( -15.50000000000000533, -59.99999999999998579, 3.000000000000000888 ) ) ;
#1610 = ORIENTED_EDGE ( 'NONE', *, *, #19, .T. ) ;
#1611 = EDGE_CURVE ( 'NONE', #1299, #615, #537, .T. ) ;
#1612 = FACE_OUTER_BOUND ( 'NONE', #439, .T. ) ;
#1613 = CALENDAR_DATE ( 2026, 24, 4 ) ;
#1614 = DIRECTION ( 'NONE',  ( 0.000000000000000000, 0.000000000000000000, -1.000000000000000000 ) ) ;
#1615 = DIRECTION ( 'NONE',  ( 0.000000000000000000, 0.000000000000000000, -1.000000000000000000 ) ) ;
#1616 = EDGE_LOOP ( 'NONE', ( #1429, #723, #252, #288 ) ) ;
#1617 = DIRECTION ( 'NONE',  ( 0.000000000000000000, 1.000000000000000000, 0.000000000000000000 ) ) ;
#1618 = EDGE_CURVE ( 'NONE', #1295, #218, #420, .T. ) ;
#1619 = CALENDAR_DATE ( 2026, 24, 4 ) ;
#1620 = FACE_OUTER_BOUND ( 'NONE', #676, .T. ) ;
#1621 = CARTESIAN_POINT ( 'NONE',  ( -15.89743864246464966, -59.97379281257624939, 2.602561357535014164 ) ) ;
#1622 = ORIENTED_EDGE ( 'NONE', *, *, #587, .T. ) ;
#1623 = DIRECTION ( 'NONE',  ( -0.000000000000000000, -0.000000000000000000, 1.000000000000000000 ) ) ;
#1624 = EDGE_LOOP ( 'NONE', ( #1276, #850, #667, #1085 ) ) ;
#1625 = VECTOR ( 'NONE', #1176, 1000.000000000000000 ) ;
#1626 = CARTESIAN_POINT ( 'NONE',  ( -16.50723793899310365, 59.74757278571713925, 2.496381030503317611 ) ) ;
#1627 = AXIS2_PLACEMENT_3D ( 'NONE', #1015, #1557, #1140 ) ;
#1628 = AXIS2_PLACEMENT_3D ( 'NONE', #1233, #1249, #1660 ) ;
#1629 = ORIENTED_EDGE ( 'NONE', *, *, #1100, .T. ) ;
#1630 = VECTOR ( 'NONE', #1497, 1000.000000000000000 ) ;
#1631 = CIRCLE ( 'NONE', #1090, 2.000000000000000000 ) ;
#1632 = CARTESIAN_POINT ( 'NONE',  ( -16.50000000000000355, 32.04533352225132603, -9.000000000000001776 ) ) ;
#1633 = ORIENTED_EDGE ( 'NONE', *, *, #1611, .F. ) ;
#1634 = DIRECTION ( 'NONE',  ( 0.000000000000000000, 1.000000000000000000, -0.000000000000000000 ) ) ;
#1635 =( BOUNDED_CURVE ( )  B_SPLINE_CURVE ( 3, ( #700, #571, #533, #979 ),
 .UNSPECIFIED., .F., .T. ) 
 B_SPLINE_CURVE_WITH_KNOTS ( ( 4, 4 ),
 ( 3.141592653589793116, 4.712388980384689674 ),
 .UNSPECIFIED. ) 
 CURVE ( )  GEOMETRIC_REPRESENTATION_ITEM ( )  RATIONAL_B_SPLINE_CURVE ( ( 1.000000000000000000, 0.8047378541243649375, 0.8047378541243649375, 1.000000000000000000 ) ) 
 REPRESENTATION_ITEM ( '' )  );
#1636 = CARTESIAN_POINT ( 'NONE',  ( 16.49355391007047089, -58.26179617165951896, 1.012892179859092190 ) ) ;
#1637 = ADVANCED_FACE ( 'NONE', ( #688 ), #240, .T. ) ;
#1638 = EDGE_LOOP ( 'NONE', ( #926, #1146, #21 ) ) ;
#1639 = CARTESIAN_POINT ( 'NONE',  ( -16.50000000000000000, -44.70362331842518699, 0.6606296160658681194 ) ) ;
#1640 = ORIENTED_EDGE ( 'NONE', *, *, #233, .T. ) ;
#1641 = CARTESIAN_POINT ( 'NONE',  ( 17.49999999999999645, -3.673940397442059178E-15, 40.00000000000001421 ) ) ;
#1642 = DIRECTION ( 'NONE',  ( 0.000000000000000000, -0.000000000000000000, 1.000000000000000000 ) ) ;
#1643 = DIRECTION ( 'NONE',  ( -1.000000000000000000, 0.000000000000000000, 0.000000000000000000 ) ) ;
#1644 = CARTESIAN_POINT ( 'NONE',  ( 17.00677361330035353, -59.32165351144580967, 2.246613193349856097 ) ) ;
#1645 = ADVANCED_FACE ( 'NONE', ( #1514 ), #294, .T. ) ;
#1646 = ORIENTED_EDGE ( 'NONE', *, *, #863, .T. ) ;
#1647 = DIRECTION ( 'NONE',  ( 1.000000000000000000, -0.000000000000000000, -0.000000000000000000 ) ) ;
#1648 = ORIENTED_EDGE ( 'NONE', *, *, #1129, .T. ) ;
#1649 = DIRECTION ( 'NONE',  ( 0.000000000000000000, 0.000000000000000000, 1.000000000000000000 ) ) ;
#1650 = DIRECTION ( 'NONE',  ( 1.000000000000000000, 0.000000000000000000, 0.000000000000000000 ) ) ;
#1651 = CARTESIAN_POINT ( 'NONE',  ( 17.48710782014090626, -58.26179617165951186, 2.006446089929523779 ) ) ;
#1652 = AXIS2_PLACEMENT_3D ( 'NONE', #1183, #1716, #1599 ) ;
#1653 = VERTEX_POINT ( 'NONE', #1368 ) ;
#1654 = LOCAL_TIME ( 14, 53, 5.000000000000000000, #394 ) ;
#1655 = DIRECTION ( 'NONE',  ( -0.000000000000000000, -0.000000000000000000, 1.000000000000000000 ) ) ;
#1656 = VERTEX_POINT ( 'NONE', #1530 ) ;
#1657 = EDGE_CURVE ( 'NONE', #514, #498, #69, .T. ) ;
#1658 = AXIS2_PLACEMENT_3D ( 'NONE', #968, #1261, #438 ) ;
#1659 = CARTESIAN_POINT ( 'NONE',  ( -16.46801665073598997, 58.51856511640500003, 1.063966698527988308 ) ) ;
#1660 = DIRECTION ( 'NONE',  ( 0.000000000000000000, 0.000000000000000000, -1.000000000000000000 ) ) ;
#1661 = CARTESIAN_POINT ( 'NONE',  ( 16.49999999999999645, -57.99999999999997868, 1.000000000000000888 ) ) ;
#1662 = ORIENTED_EDGE ( 'NONE', *, *, #248, .F. ) ;
#1663 = DIRECTION ( 'NONE',  ( 0.000000000000000000, 0.000000000000000000, -1.000000000000000000 ) ) ;
#1664 = VERTEX_POINT ( 'NONE', #847 ) ;
#1665 = EDGE_CURVE ( 'NONE', #1424, #1072, #18, .T. ) ;
#1666 = CARTESIAN_POINT ( 'NONE',  ( -6.938893903907228378E-15, 52.49999999999998579, 4.999999999999998224 ) ) ;
#1667 = ORIENTED_EDGE ( 'NONE', *, *, #1335, .F. ) ;
#1668 = CARTESIAN_POINT ( 'NONE',  ( 15.49999999999999289, -59.99999999999998579, 3.000000000000003553 ) ) ;
#1669 = ORIENTED_EDGE ( 'NONE', *, *, #136, .F. ) ;
#1670 = CARTESIAN_POINT ( 'NONE',  ( 16.25338680665004176, 59.32165351144586651, 1.493226386699672226 ) ) ;
#1671 = ORIENTED_EDGE ( 'NONE', *, *, #905, .F. ) ;
#1672 = DIRECTION ( 'NONE',  ( -1.000000000000000000, 0.000000000000000000, 0.000000000000000000 ) ) ;
#1673 = CARTESIAN_POINT ( 'NONE',  ( 16.49999999999999645, 32.04533352225132603, -9.000000000000003553 ) ) ;
#1674 = CARTESIAN_POINT ( 'NONE',  ( -5.050000000000007816, 52.49999999999998579, 4.999999999999998224 ) ) ;
#1675 = DIRECTION ( 'NONE',  ( -0.000000000000000000, -0.000000000000000000, 1.000000000000000000 ) ) ;
#1676 = CARTESIAN_POINT ( 'NONE',  ( -16.50000000000000355, -45.45433532071145777, 1.000000000000000888 ) ) ;
#1677 =( BOUNDED_CURVE ( )  B_SPLINE_CURVE ( 3, ( #649, #97, #359, #1190 ),
 .UNSPECIFIED., .F., .T. ) 
 B_SPLINE_CURVE_WITH_KNOTS ( ( 4, 4 ),
 ( 0.000000000000000000, 1.570796326794896780 ),
 .UNSPECIFIED. ) 
 CURVE ( )  GEOMETRIC_REPRESENTATION_ITEM ( )  RATIONAL_B_SPLINE_CURVE ( ( 1.000000000000000000, 0.8047378541243649375, 0.8047378541243649375, 1.000000000000000000 ) ) 
 REPRESENTATION_ITEM ( '' )  );
#1678 = EDGE_CURVE ( 'NONE', #1420, #812, #832, .T. ) ;
#1679 = VECTOR ( 'NONE', #503, 1000.000000000000000 ) ;
#1680 = AXIS2_PLACEMENT_3D ( 'NONE', #1120, #983, #445 ) ;
#1681 = CARTESIAN_POINT ( 'NONE',  ( 17.09021526042500128, 59.21997956991501155, 2.204892369787492701 ) ) ;
#1682 = ORIENTED_EDGE ( 'NONE', *, *, #1063, .T. ) ;
#1683 = DIRECTION ( 'NONE',  ( -0.000000000000000000, 1.000000000000000000, 0.000000000000000000 ) ) ;
#1684 = FACE_OUTER_BOUND ( 'NONE', #531, .T. ) ;
#1685 = AXIS2_PLACEMENT_3D ( 'NONE', #785, #773, #1721 ) ;
#1686 = PERSON_AND_ORGANIZATION_ROLE ( 'design_owner' ) ;
#1687 = AXIS2_PLACEMENT_3D ( 'NONE', #585, #475, #1021 ) ;
#1688 = ORIENTED_EDGE ( 'NONE', *, *, #1665, .T. ) ;
#1689 = CARTESIAN_POINT ( 'NONE',  ( 16.50000000000000000, -3.673940397442059178E-15, 40.00000000000001421 ) ) ;
#1690 = DIRECTION ( 'NONE',  ( -1.000000000000000000, 0.000000000000000000, 0.000000000000000000 ) ) ;
#1691 = FACE_OUTER_BOUND ( 'NONE', #710, .T. ) ;
#1692 = EDGE_CURVE ( 'NONE', #1413, #1424, #856, .T. ) ;
#1693 = CARTESIAN_POINT ( 'NONE',  ( -50.00000000000000000, 45.45433532071144356, 0.000000000000000000 ) ) ;
#1694 = ORIENTED_EDGE ( 'NONE', *, *, #1665, .F. ) ;
#1695 = DIRECTION ( 'NONE',  ( 0.000000000000000000, 0.000000000000000000, -1.000000000000000000 ) ) ;
#1696 = DIRECTION ( 'NONE',  ( -1.000000000000000000, -0.000000000000000000, -0.000000000000000000 ) ) ;
#1697 = PERSON_AND_ORGANIZATION ( #1602, #261 ) ;
#1698 = EDGE_CURVE ( 'NONE', #305, #623, #1002, .T. ) ;
#1699 = CARTESIAN_POINT ( 'NONE',  ( -2.099999999999998757, 2.571758278209439985E-16, -2.400000000000001243 ) ) ;
#1700 = CARTESIAN_POINT ( 'NONE',  ( -15.50000000000000533, -59.99999999999998579, 3.000000000000000888 ) ) ;
#1701 = DIRECTION ( 'NONE',  ( -1.000000000000000000, 0.000000000000000000, -0.000000000000000000 ) ) ;
#1702 = CARTESIAN_POINT ( 'NONE',  ( 17.49999999999999645, -57.99999999999997868, 10.00000000000000000 ) ) ;
#1703 = ORIENTED_EDGE ( 'NONE', *, *, #780, .T. ) ;
#1704 = PLANE ( 'NONE',  #42 ) ;
#1705 = AXIS2_PLACEMENT_3D ( 'NONE', #1028, #769, #1011 ) ;
#1706 = VERTEX_POINT ( 'NONE', #1241 ) ;
#1707 = CARTESIAN_POINT ( 'NONE',  ( -17.50000000000000355, -57.99999999999997868, 3.000000000000000888 ) ) ;
#1708 = AXIS2_PLACEMENT_3D ( 'NONE', #1503, #429, #184 ) ;
#1709 = DIRECTION ( 'NONE',  ( 0.000000000000000000, 0.000000000000000000, -1.000000000000000000 ) ) ;
#1710 = EDGE_CURVE ( 'NONE', #1656, #1420, #237, .T. ) ;
#1711 = EDGE_LOOP ( 'NONE', ( #1669, #639, #141, #1396 ) ) ;
#1712 = LINE ( 'NONE', #1532, #264 ) ;
#1713 = VECTOR ( 'NONE', #1209, 1000.000000000000000 ) ;
#1714 = CARTESIAN_POINT ( 'NONE',  ( -6.938893903907228378E-15, -52.50000000000001421, 4.999999999999998224 ) ) ;
#1715 = EDGE_CURVE ( 'NONE', #1664, #271, #1426, .T. ) ;
#1716 = DIRECTION ( 'NONE',  ( 1.000000000000000000, -0.000000000000000000, -0.000000000000000000 ) ) ;
#1717 = EDGE_LOOP ( 'NONE', ( #361, #1464, #392, #441 ) ) ;
#1718 = DIRECTION ( 'NONE',  ( -1.000000000000000000, 0.000000000000000000, 0.000000000000000000 ) ) ;
#1719 = ADVANCED_FACE ( 'NONE', ( #174 ), #713, .F. ) ;
#1720 = ORIENTED_EDGE ( 'NONE', *, *, #735, .F. ) ;
#1721 = DIRECTION ( 'NONE',  ( 0.000000000000000000, 0.5473315821877680065, 0.8369158494973284457 ) ) ;
#1722 = ADVANCED_FACE ( 'NONE', ( #586 ), #1605, .T. ) ;
#1723 = CARTESIAN_POINT ( 'NONE',  ( -16.29510763021260900, -59.21997956991501866, 1.409784739575021817 ) ) ;
#1724 = FACE_OUTER_BOUND ( 'NONE', #48, .T. ) ;
#1725 = DIRECTION ( 'NONE',  ( -1.000000000000000000, 0.000000000000000000, 0.000000000000000000 ) ) ;
#1726 = ORIENTED_EDGE ( 'NONE', *, *, #1035, .F. ) ;
#1727 = DIRECTION ( 'NONE',  ( 0.000000000000000000, 1.000000000000000000, -0.000000000000000000 ) ) ;
#1728 = CYLINDRICAL_SURFACE ( 'NONE', #928, 2.000000000000000000 ) ;
#1729 = APPROVAL ( #1041, '未指定' ) ;
#1730 = CARTESIAN_POINT ( 'NONE',  ( -16.44892610094867891, -58.64443133430574306, 1.102147798102848242 ) ) ;
#1731 = EDGE_CURVE ( 'NONE', #942, #679, #285, .T. ) ;
#1732 = CARTESIAN_POINT ( 'NONE',  ( 16.49999999999999645, -32.04533352225134024, -10.00000000000000000 ) ) ;
#1733 = DIRECTION ( 'NONE',  ( 1.000000000000000000, -0.000000000000000000, -0.000000000000000000 ) ) ;
#1734 = EDGE_LOOP ( 'NONE', ( #1210, #138, #1123, #1255 ) ) ;
#1735 = AXIS2_PLACEMENT_3D ( 'NONE', #315, #1683, #465 ) ;
#1736 = FACE_OUTER_BOUND ( 'NONE', #1411, .T. ) ;
#1737 = VECTOR ( 'NONE', #1434, 1000.000000000000000 ) ;
#1738 = PERSON_AND_ORGANIZATION ( #1602, #261 ) ;
#1739 = AXIS2_PLACEMENT_3D ( 'NONE', #1258, #1001, #44 ) ;
#1740 = CARTESIAN_POINT ( 'NONE',  ( 15.49999999999999645, 60.00000000000001421, 3.000000000000000888 ) ) ;
#1741 = CARTESIAN_POINT ( 'NONE',  ( -16.50000000000000355, -59.99999999999998579, -9.000000000000003553 ) ) ;
#1742 = CARTESIAN_POINT ( 'NONE',  ( -17.00677361330001602, -59.32165351144615784, 2.246613193349857429 ) ) ;
#1743 = CIRCLE ( 'NONE', #691, 2.099999999999988987 ) ;
#1744 = EDGE_CURVE ( 'NONE', #265, #1017, #346, .T. ) ;
#1745 = ORIENTED_EDGE ( 'NONE', *, *, #1618, .T. ) ;
#1746 = EDGE_CURVE ( 'NONE', #1653, #591, #1205, .T. ) ;
#1747 = CARTESIAN_POINT ( 'NONE',  ( 16.49999999999999645, -59.99999999999998579, 2.000000000000000000 ) ) ;
#1748 = CARTESIAN_POINT ( 'NONE',  ( -16.50000000000000000, 32.59266510443909226, -9.836915849497328779 ) ) ;
#1749 = CARTESIAN_POINT ( 'NONE',  ( -16.50723793899363301, -59.74757278571688346, 2.496381030503280307 ) ) ;
#1750 = VERTEX_POINT ( 'NONE', #901 ) ;
#1751 = CYLINDRICAL_SURFACE ( 'NONE', #851, 1.000000000000000000 ) ;
#1752 = ORIENTED_EDGE ( 'NONE', *, *, #601, .F. ) ;
#1753 = CARTESIAN_POINT ( 'NONE',  ( -16.67157287525381548, 60.00000000000002132, 2.414213562373097144 ) ) ;
ENDSEC;
END-ISO-10303-21;
