ISO-10303-21;
HEADER;
FILE_DESCRIPTION (( 'STEP AP203' ),
    '1' );
FILE_NAME ('RM-JJ-00084398-01.step',
    '2026-04-24T07:28:14',
    ( 'user' ),
    ( '' ),
    'SwSTEP 2.0',
    'SolidWorks 2022',
    '' );
FILE_SCHEMA (( 'CONFIG_CONTROL_DESIGN' ));
ENDSEC;

DATA;
#1 = DIRECTION ( 'NONE',  ( -1.000000000000000000, -1.224646799147353207E-16, -0.000000000000000000 ) ) ;
#2 = DIRECTION ( 'NONE',  ( -1.000000000000000000, -5.968940992608368126E-17, -3.421138828918010427E-49 ) ) ;
#3 = VERTEX_POINT ( 'NONE', #1324 ) ;
#4 = FACE_OUTER_BOUND ( 'NONE', #2327, .T. ) ;
#5 = AXIS2_PLACEMENT_3D ( 'NONE', #36, #5048, #4027 ) ;
#6 = CARTESIAN_POINT ( 'NONE',  ( 63.75000000000007105, 465.0000000000000000, 16.24999999999999289 ) ) ;
#7 = EDGE_CURVE ( 'NONE', #1657, #3247, #1753, .T. ) ;
#8 = CARTESIAN_POINT ( 'NONE',  ( -80.00000000000009948, -31.99999999999999289, 86.99999999999998579 ) ) ;
#9 = DIRECTION ( 'NONE',  ( -0.000000000000000000, -1.000000000000000000, -0.000000000000000000 ) ) ;
#10 = DIRECTION ( 'NONE',  ( -1.000000000000000000, -0.000000000000000000, -0.000000000000000000 ) ) ;
#11 = VERTEX_POINT ( 'NONE', #3315 ) ;
#12 = DIRECTION ( 'NONE',  ( 0.000000000000000000, 0.000000000000000000, -1.000000000000000000 ) ) ;
#13 = CARTESIAN_POINT ( 'NONE',  ( 80.00000000000009948, -16.24999999999997868, -16.25000000000000000 ) ) ;
#14 = DIRECTION ( 'NONE',  ( -1.000000000000000000, 0.000000000000000000, 0.000000000000000000 ) ) ;
#15 = EDGE_LOOP ( 'NONE', ( #598, #1163, #575, #2521, #247, #5931, #889, #2166 ) ) ;
#16 = PLANE ( 'NONE',  #5038 ) ;
#17 = EDGE_LOOP ( 'NONE', ( #2190, #4010, #5819, #5891 ) ) ;
#18 = CARTESIAN_POINT ( 'NONE',  ( -80.00000000000009948, -31.99999999999999289, 73.00000000000000000 ) ) ;
#19 = VERTEX_POINT ( 'NONE', #4791 ) ;
#20 = VERTEX_POINT ( 'NONE', #2290 ) ;
#21 = ORIENTED_EDGE ( 'NONE', *, *, #6148, .T. ) ;
#22 = EDGE_CURVE ( 'NONE', #1719, #5129, #1458, .T. ) ;
#23 = LINE ( 'NONE', #4504, #3735 ) ;
#24 = CARTESIAN_POINT ( 'NONE',  ( -125.0000000000000284, 524.3052788474357158, -30.00000000000000000 ) ) ;
#25 = ORIENTED_EDGE ( 'NONE', *, *, #2172, .F. ) ;
#26 = ORIENTED_EDGE ( 'NONE', *, *, #4641, .F. ) ;
#27 = PLANE ( 'NONE',  #2715 ) ;
#28 = DIRECTION ( 'NONE',  ( -0.000000000000000000, -0.000000000000000000, -1.000000000000000000 ) ) ;
#29 = EDGE_CURVE ( 'NONE', #2230, #2696, #3904, .T. ) ;
#30 = ORIENTED_EDGE ( 'NONE', *, *, #446, .F. ) ;
#31 = DIRECTION ( 'NONE',  ( -1.000000000000000000, 0.000000000000000000, 0.000000000000000000 ) ) ;
#32 = CARTESIAN_POINT ( 'NONE',  ( 117.0000000000001137, 524.3052788474358294, -30.00000000000000000 ) ) ;
#33 = CIRCLE ( 'NONE', #348, 6.999999999999992006 ) ;
#34 = DIRECTION ( 'NONE',  ( -0.000000000000000000, -0.000000000000000000, -1.000000000000000000 ) ) ;
#35 = DIRECTION ( 'NONE',  ( 1.224646799147353207E-16, -1.000000000000000000, 7.495956825746694590E-50 ) ) ;
#36 = CARTESIAN_POINT ( 'NONE',  ( 96.25000000000007105, 465.0000000000000000, -16.25000000000000000 ) ) ;
#37 = VECTOR ( 'NONE', #1089, 1000.000000000000000 ) ;
#38 = VERTEX_POINT ( 'NONE', #2813 ) ;
#39 = DIRECTION ( 'NONE',  ( 1.000000000000000000, 0.000000000000000000, 0.000000000000000000 ) ) ;
#40 = ADVANCED_FACE ( 'NONE', ( #5894 ), #1386, .F. ) ;
#41 = EDGE_CURVE ( 'NONE', #2982, #382, #3785, .T. ) ;
#42 = CYLINDRICAL_SURFACE ( 'NONE', #5150, 10.00000000000000000 ) ;
#43 = DIRECTION ( 'NONE',  ( 1.968757127242515241E-32, 0.000000000000000000, -1.000000000000000000 ) ) ;
#44 = MANIFOLD_SOLID_BREP ( '方形管 40 X 40 X 2[2]', #101 ) ;
#45 = EDGE_LOOP ( 'NONE', ( #5639, #4830, #567, #156 ) ) ;
#46 = AXIS2_PLACEMENT_3D ( 'NONE', #3696, #5753, #5785 ) ;
#47 = FACE_OUTER_BOUND ( 'NONE', #3508, .T. ) ;
#48 = ORIENTED_EDGE ( 'NONE', *, *, #3706, .F. ) ;
#49 = CARTESIAN_POINT ( 'NONE',  ( 117.0000000000001563, 473.0000000000001137, -30.00000000000000000 ) ) ;
#50 = EDGE_CURVE ( 'NONE', #585, #2228, #315, .T. ) ;
#51 = ORIENTED_EDGE ( 'NONE', *, *, #1164, .F. ) ;
#52 = ORIENTED_EDGE ( 'NONE', *, *, #3732, .F. ) ;
#53 = ORIENTED_EDGE ( 'NONE', *, *, #4557, .F. ) ;
#54 = AXIS2_PLACEMENT_3D ( 'NONE', #2483, #409, #1420 ) ;
#55 = LINE ( 'NONE', #6136, #3973 ) ;
#56 = DIRECTION ( 'NONE',  ( 6.844255435263898992E-34, 0.000000000000000000, -1.000000000000000000 ) ) ;
#57 = ADVANCED_FACE ( 'NONE', ( #408 ), #2550, .T. ) ;
#58 = DIRECTION ( 'NONE',  ( -2.387576397043347250E-16, 1.000000000000000000, -3.566332975710173193E-48 ) ) ;
#59 = AXIS2_PLACEMENT_3D ( 'NONE', #5005, #3071, #1080 ) ;
#60 = ORIENTED_EDGE ( 'NONE', *, *, #799, .F. ) ;
#61 = ADVANCED_FACE ( 'NONE', ( #497, #2950 ), #6487, .T. ) ;
#62 = EDGE_LOOP ( 'NONE', ( #1436, #1789, #3611, #3646 ) ) ;
#63 = DIRECTION ( 'NONE',  ( 5.968940992608368126E-17, -1.000000000000000000, 3.271334946041490653E-50 ) ) ;
#64 = DIRECTION ( 'NONE',  ( 0.000000000000000000, 0.000000000000000000, -1.000000000000000000 ) ) ;
#65 = AXIS2_PLACEMENT_3D ( 'NONE', #5887, #1477, #819 ) ;
#66 = ORIENTED_EDGE ( 'NONE', *, *, #116, .F. ) ;
#67 = CARTESIAN_POINT ( 'NONE',  ( -59.99999999999991473, -18.00000000000000000, -16.25000000000000000 ) ) ;
#68 = LINE ( 'NONE', #622, #1841 ) ;
#69 = ADVANCED_FACE ( 'NONE', ( #5504, #1454 ), #1485, .F. ) ;
#70 = EDGE_CURVE ( 'NONE', #5181, #2097, #1983, .T. ) ;
#71 = CARTESIAN_POINT ( 'NONE',  ( 80.00000000000009948, -20.00000000000003553, -79.99999999999998579 ) ) ;
#72 = CARTESIAN_POINT ( 'NONE',  ( -80.00000000000009948, -20.00000000000003553, 71.49999999999998579 ) ) ;
#73 = DIRECTION ( 'NONE',  ( 1.000000000000000000, -4.625929269271477039E-16, 0.000000000000000000 ) ) ;
#74 = ORIENTED_EDGE ( 'NONE', *, *, #6469, .F. ) ;
#75 = DIRECTION ( 'NONE',  ( -0.000000000000000000, -0.000000000000000000, 1.000000000000000000 ) ) ;
#76 = FACE_OUTER_BOUND ( 'NONE', #2865, .T. ) ;
#77 = CARTESIAN_POINT ( 'NONE',  ( -63.74999999999995737, 20.00000000000001776, -17.99999999999999645 ) ) ;
#78 = EDGE_CURVE ( 'NONE', #4668, #207, #5145, .T. ) ;
#79 = AXIS2_PLACEMENT_3D ( 'NONE', #2900, #4908, #393 ) ;
#80 = ORIENTED_EDGE ( 'NONE', *, *, #4030, .F. ) ;
#81 = EDGE_CURVE ( 'NONE', #3285, #6435, #4837, .T. ) ;
#82 = DIRECTION ( 'NONE',  ( 0.000000000000000000, 1.000000000000000000, 0.000000000000000000 ) ) ;
#83 = VECTOR ( 'NONE', #781, 1000.000000000000000 ) ;
#84 = ORIENTED_EDGE ( 'NONE', *, *, #3229, .T. ) ;
#85 = CARTESIAN_POINT ( 'NONE',  ( -67.99999999999990052, -15.99999999999999645, 95.00000000000000000 ) ) ;
#86 = ORIENTED_EDGE ( 'NONE', *, *, #5895, .F. ) ;
#87 = ORIENTED_EDGE ( 'NONE', *, *, #2591, .F. ) ;
#88 = VECTOR ( 'NONE', #4084, 1000.000000000000000 ) ;
#89 = EDGE_CURVE ( 'NONE', #804, #317, #1948, .T. ) ;
#90 = AXIS2_PLACEMENT_3D ( 'NONE', #2496, #5557, #4506 ) ;
#91 = ORIENTED_EDGE ( 'NONE', *, *, #5780, .T. ) ;
#92 = DIRECTION ( 'NONE',  ( 0.000000000000000000, -1.000000000000000000, 0.000000000000000000 ) ) ;
#93 = CIRCLE ( 'NONE', #5553, 3.999999999999989786 ) ;
#94 = CARTESIAN_POINT ( 'NONE',  ( -80.00000000000009948, -31.99999999999999289, 79.99999999999998579 ) ) ;
#95 = CARTESIAN_POINT ( 'NONE',  ( -80.00000000000009948, -20.00000000000003553, -79.99999999999998579 ) ) ;
#96 = ORIENTED_EDGE ( 'NONE', *, *, #917, .F. ) ;
#97 = ORIENTED_EDGE ( 'NONE', *, *, #3862, .T. ) ;
#98 = CARTESIAN_POINT ( 'NONE',  ( 96.25000000000007105, 465.0000000000000000, -17.99999999999999645 ) ) ;
#99 = VECTOR ( 'NONE', #2863, 1000.000000000000000 ) ;
#101 = CLOSED_SHELL ( 'NONE', ( #5671, #6262, #2193, #962, #4430, #4274, #4243, #5788, #3347, #2040, #4129, #6025, #5075, #1608, #3513, #6500, #3828, #6100 ) ) ;
#100 = FACE_OUTER_BOUND ( 'NONE', #1713, .T. ) ;
#102 = DIRECTION ( 'NONE',  ( 0.000000000000000000, 1.000000000000000000, 0.000000000000000000 ) ) ;
#103 = CARTESIAN_POINT ( 'NONE',  ( 118.0000000000000711, 603.0000000000003411, 18.49999999999897682 ) ) ;
#104 = DIRECTION ( 'NONE',  ( -1.000000000000000000, 0.000000000000000000, 0.000000000000000000 ) ) ;
#105 = LINE ( 'NONE', #3106, #4621 ) ;
#106 = DIRECTION ( 'NONE',  ( 0.000000000000000000, -1.000000000000000000, 0.000000000000000000 ) ) ;
#107 = ORIENTED_EDGE ( 'NONE', *, *, #3497, .T. ) ;
#108 = CARTESIAN_POINT ( 'NONE',  ( -91.99999999999991473, -16.00000000000000000, -100.0000000000000000 ) ) ;
#109 = EDGE_CURVE ( 'NONE', #574, #1009, #5013, .T. ) ;
#110 = CARTESIAN_POINT ( 'NONE',  ( 67.99999999999991473, -12.00000000000000000, 95.00000000000000000 ) ) ;
#111 = ORIENTED_EDGE ( 'NONE', *, *, #4152, .T. ) ;
#112 = DIRECTION ( 'NONE',  ( 1.000000000000000000, 2.775557561562888886E-16, -0.000000000000000000 ) ) ;
#113 = CARTESIAN_POINT ( 'NONE',  ( -122.0000000000000284, 524.3052788474357158, 30.00000000000000000 ) ) ;
#114 = ORIENTED_EDGE ( 'NONE', *, *, #3790, .F. ) ;
#115 = DIRECTION ( 'NONE',  ( 0.000000000000000000, 0.000000000000000000, 1.000000000000000000 ) ) ;
#116 = EDGE_CURVE ( 'NONE', #6424, #6360, #1987, .T. ) ;
#117 = VERTEX_POINT ( 'NONE', #5961 ) ;
#118 = ORIENTED_EDGE ( 'NONE', *, *, #2745, .T. ) ;
#119 = EDGE_LOOP ( 'NONE', ( #3286, #2078 ) ) ;
#120 = DATE_AND_TIME ( #1627, #268 ) ;
#121 = DIRECTION ( 'NONE',  ( 1.000000000000000000, -2.220446049250311188E-14, 0.000000000000000000 ) ) ;
#122 = CARTESIAN_POINT ( 'NONE',  ( 122.0000000000001279, 524.3052788474358294, -30.00000000000000000 ) ) ;
#123 = EDGE_CURVE ( 'NONE', #6208, #3444, #2833, .T. ) ;
#124 = ADVANCED_FACE ( 'NONE', ( #5998 ), #5477, .F. ) ;
#125 = DIRECTION ( 'NONE',  ( 0.000000000000000000, 0.000000000000000000, -1.000000000000000000 ) ) ;
#126 = ORIENTED_EDGE ( 'NONE', *, *, #1018, .T. ) ;
#127 = EDGE_LOOP ( 'NONE', ( #5118, #3974 ) ) ;
#128 = DIRECTION ( 'NONE',  ( 1.000000000000000000, 2.220446049250311109E-16, 0.000000000000000000 ) ) ;
#129 = DIRECTION ( 'NONE',  ( -5.968940992608368126E-17, 1.000000000000000000, -3.271334946041490653E-50 ) ) ;
#130 = MANIFOLD_SOLID_BREP ( '凸台-拉伸1[1]', #1773 ) ;
#131 = DIRECTION ( 'NONE',  ( 0.000000000000000000, -1.000000000000000000, 0.000000000000000000 ) ) ;
#132 = CARTESIAN_POINT ( 'NONE',  ( -122.0000000000000568, 473.0000000000000568, -30.00000000000000000 ) ) ;
#133 = DIRECTION ( 'NONE',  ( -0.000000000000000000, 0.000000000000000000, -1.000000000000000000 ) ) ;
#134 = CARTESIAN_POINT ( 'NONE',  ( -63.75000000000001421, 465.0000000000000000, -17.99999999999999645 ) ) ;
#135 = DIRECTION ( 'NONE',  ( 0.000000000000000000, 1.000000000000000000, 0.000000000000000000 ) ) ;
#136 = EDGE_LOOP ( 'NONE', ( #2086, #6037 ) ) ;
#137 = LINE ( 'NONE', #108, #6235 ) ;
#138 = CARTESIAN_POINT ( 'NONE',  ( 68.00000000000009948, 20.00000000000002132, 0.000000000000000000 ) ) ;
#139 = EDGE_CURVE ( 'NONE', #3987, #3014, #2047, .T. ) ;
#140 = ORIENTED_EDGE ( 'NONE', *, *, #1445, .F. ) ;
#141 = EDGE_CURVE ( 'NONE', #11, #1234, #3269, .T. ) ;
#142 = CARTESIAN_POINT ( 'NONE',  ( -114.9999999999999858, 603.0000000000003411, 14.99999999999896971 ) ) ;
#143 = AXIS2_PLACEMENT_3D ( 'NONE', #1424, #2357, #5969 ) ;
#144 = CARTESIAN_POINT ( 'NONE',  ( -63.74999999999990052, 20.00000000000001776, -16.25000000000000000 ) ) ;
#145 = ORIENTED_EDGE ( 'NONE', *, *, #5147, .F. ) ;
#146 = LINE ( 'NONE', #2555, #1606 ) ;
#147 = ORIENTED_EDGE ( 'NONE', *, *, #5948, .T. ) ;
#148 = ORIENTED_EDGE ( 'NONE', *, *, #1790, .T. ) ;
#149 = ORIENTED_EDGE ( 'NONE', *, *, #749, .F. ) ;
#150 = ADVANCED_FACE ( 'NONE', ( #437 ), #2421, .F. ) ;
#151 = PERSON_AND_ORGANIZATION ( #410, #6463 ) ;
#152 = AXIS2_PLACEMENT_3D ( 'NONE', #5367, #6378, #2866 ) ;
#153 = CARTESIAN_POINT ( 'NONE',  ( 123.0000000000000568, 565.4342007203531466, 30.00000000000000000 ) ) ;
#154 = CARTESIAN_POINT ( 'NONE',  ( 118.0000000000000568, 565.4342007203531466, 30.00000000000000000 ) ) ;
#155 = DIRECTION ( 'NONE',  ( 0.000000000000000000, 0.000000000000000000, -1.000000000000000000 ) ) ;
#156 = ORIENTED_EDGE ( 'NONE', *, *, #109, .F. ) ;
#157 = VECTOR ( 'NONE', #328, 1000.000000000000000 ) ;
#158 = ORIENTED_EDGE ( 'NONE', *, *, #6231, .T. ) ;
#159 = FACE_OUTER_BOUND ( 'NONE', #1892, .T. ) ;
#160 = EDGE_CURVE ( 'NONE', #5937, #2982, #4457, .T. ) ;
#161 = DIRECTION ( 'NONE',  ( 0.000000000000000000, 1.000000000000000000, 0.000000000000000000 ) ) ;
#162 = VECTOR ( 'NONE', #2281, 1000.000000000000000 ) ;
#163 = CARTESIAN_POINT ( 'NONE',  ( -63.99999999999990763, -12.00000000000000178, 95.00000000000000000 ) ) ;
#164 = LINE ( 'NONE', #1174, #3650 ) ;
#165 = DIRECTION ( 'NONE',  ( -1.000000000000000000, 0.000000000000000000, 0.000000000000000000 ) ) ;
#166 = AXIS2_PLACEMENT_3D ( 'NONE', #2743, #2772, #5794 ) ;
#167 = ADVANCED_FACE ( 'NONE', ( #3542 ), #42, .T. ) ;
#168 = LINE ( 'NONE', #1705, #1772 ) ;
#169 = CARTESIAN_POINT ( 'NONE',  ( 62.00000000000007105, 465.0000000000000000, 16.25000000000000000 ) ) ;
#170 = ORIENTED_EDGE ( 'NONE', *, *, #681, .F. ) ;
#171 = FACE_OUTER_BOUND ( 'NONE', #2352, .T. ) ;
#172 = CARTESIAN_POINT ( 'NONE',  ( 118.0000000000000568, 565.0000000000001137, 30.00000000000000000 ) ) ;
#173 = ORIENTED_EDGE ( 'NONE', *, *, #1519, .F. ) ;
#174 = DIRECTION ( 'NONE',  ( -1.000000000000000000, -2.387576397043347250E-16, -6.842277657836020854E-49 ) ) ;
#175 = CARTESIAN_POINT ( 'NONE',  ( -91.99999999999991473, 16.00000000000000000, 95.00000000000000000 ) ) ;
#176 = EDGE_LOOP ( 'NONE', ( #3118, #540 ) ) ;
#177 = DIRECTION ( 'NONE',  ( 2.387576397043347250E-16, -1.000000000000000000, 3.566332975710173193E-48 ) ) ;
#178 = ORIENTED_EDGE ( 'NONE', *, *, #1522, .T. ) ;
#179 = VERTEX_POINT ( 'NONE', #891 ) ;
#180 = ORIENTED_EDGE ( 'NONE', *, *, #282, .F. ) ;
#181 = VECTOR ( 'NONE', #2468, 1000.000000000000000 ) ;
#182 = AXIS2_PLACEMENT_3D ( 'NONE', #1406, #1376, #2864 ) ;
#183 = DIRECTION ( 'NONE',  ( -1.000000000000000000, 0.000000000000000000, 0.000000000000000000 ) ) ;
#184 = ORIENTED_EDGE ( 'NONE', *, *, #5417, .T. ) ;
#185 = DIRECTION ( 'NONE',  ( -1.000000000000000000, 0.000000000000000000, 1.968757127242515241E-32 ) ) ;
#186 = EDGE_CURVE ( 'NONE', #4124, #4007, #3589, .T. ) ;
#187 = CARTESIAN_POINT ( 'NONE',  ( -80.00000000000009948, -20.00000000000003553, 71.49999999999998579 ) ) ;
#188 = AXIS2_PLACEMENT_3D ( 'NONE', #2492, #6364, #6467 ) ;
#189 = VECTOR ( 'NONE', #2089, 1000.000000000000000 ) ;
#190 = EDGE_LOOP ( 'NONE', ( #6103, #3842, #2331, #1895 ) ) ;
#191 = ORIENTED_EDGE ( 'NONE', *, *, #4267, .T. ) ;
#192 = CARTESIAN_POINT ( 'NONE',  ( -59.99999999999991473, 16.25000000000000000, -16.25000000000000000 ) ) ;
#193 = CARTESIAN_POINT ( 'NONE',  ( -63.99999999999990763, -12.00000000000000000, -95.00000000000000000 ) ) ;
#194 = VECTOR ( 'NONE', #3521, 1000.000000000000000 ) ;
#195 = CIRCLE ( 'NONE', #2829, 10.00000000000000888 ) ;
#196 = DIRECTION ( 'NONE',  ( 0.000000000000000000, -1.000000000000000000, 0.000000000000000000 ) ) ;
#197 = ADVANCED_FACE ( 'NONE', ( #3579 ), #5081, .F. ) ;
#198 = CARTESIAN_POINT ( 'NONE',  ( 118.0000000000000711, 603.0000000000003411, 14.99999999999896971 ) ) ;
#199 = ADVANCED_FACE ( 'NONE', ( #76 ), #2080, .F. ) ;
#200 = AXIS2_PLACEMENT_3D ( 'NONE', #5526, #619, #649 ) ;
#201 = CIRCLE ( 'NONE', #5752, 1.750000000000001554 ) ;
#202 = VECTOR ( 'NONE', #5614, 1000.000000000000000 ) ;
#203 = CARTESIAN_POINT ( 'NONE',  ( 80.00000000000009948, -31.99999999999999289, -94.99999999999998579 ) ) ;
#204 = CYLINDRICAL_SURFACE ( 'NONE', #932, 1.750000000000001554 ) ;
#205 = DIRECTION ( 'NONE',  ( 1.000000000000000000, -2.775557561562888886E-16, -0.000000000000000000 ) ) ;
#206 = AXIS2_PLACEMENT_3D ( 'NONE', #4241, #1700, #5228 ) ;
#207 = VERTEX_POINT ( 'NONE', #3288 ) ;
#208 = LINE ( 'NONE', #2179, #6445 ) ;
#209 = LINE ( 'NONE', #2220, #5936 ) ;
#210 = EDGE_CURVE ( 'NONE', #5608, #6222, #318, .T. ) ;
#211 = EDGE_CURVE ( 'NONE', #3014, #4758, #4888, .T. ) ;
#212 = ORIENTED_EDGE ( 'NONE', *, *, #4615, .T. ) ;
#213 = CIRCLE ( 'NONE', #1779, 4.000000000000003553 ) ;
#214 = CARTESIAN_POINT ( 'NONE',  ( -61.99999999999990763, 20.00000000000001776, 16.25000000000000000 ) ) ;
#215 = DIRECTION ( 'NONE',  ( -1.000000000000000000, 2.775557561562888886E-16, 0.000000000000000000 ) ) ;
#216 = ORIENTED_EDGE ( 'NONE', *, *, #5475, .F. ) ;
#217 = DIRECTION ( 'NONE',  ( 0.000000000000000000, 0.000000000000000000, -1.000000000000000000 ) ) ;
#218 = ORIENTED_EDGE ( 'NONE', *, *, #3584, .F. ) ;
#219 = ORIENTED_EDGE ( 'NONE', *, *, #2679, .F. ) ;
#220 = CARTESIAN_POINT ( 'NONE',  ( 80.00000000000009948, -15.99999999999997868, -79.99999999999998579 ) ) ;
#221 = EDGE_LOOP ( 'NONE', ( #2663, #1322, #5214, #933 ) ) ;
#222 = LINE ( 'NONE', #4208, #5307 ) ;
#223 = CARTESIAN_POINT ( 'NONE',  ( 60.00000000000009237, 20.00000000000002132, 16.24999999999999289 ) ) ;
#224 = EDGE_LOOP ( 'NONE', ( #4232, #1806, #5546, #4464, #6139, #2526, #5760, #909 ) ) ;
#225 = ORIENTED_EDGE ( 'NONE', *, *, #4336, .T. ) ;
#226 = CARTESIAN_POINT ( 'NONE',  ( -67.99999999999991473, -20.00000000000000000, 8.673617379884035472E-16 ) ) ;
#227 = ADVANCED_FACE ( 'NONE', ( #832 ), #5351, .F. ) ;
#228 = CARTESIAN_POINT ( 'NONE',  ( -91.99999999999991473, -16.00000000000000000, -100.0000000000000000 ) ) ;
#229 = CARTESIAN_POINT ( 'NONE',  ( 122.0000000000001279, 524.3052788474358294, 30.00000000000000000 ) ) ;
#230 = PLANE ( 'NONE',  #2274 ) ;
#231 = DIRECTION ( 'NONE',  ( 0.000000000000000000, 1.000000000000000000, 0.000000000000000000 ) ) ;
#232 = EDGE_CURVE ( 'NONE', #2066, #5551, #2317, .T. ) ;
#233 = LINE ( 'NONE', #753, #4510 ) ;
#234 = DIRECTION ( 'NONE',  ( 0.000000000000000000, 1.000000000000000000, 0.000000000000000000 ) ) ;
#235 = ORIENTED_EDGE ( 'NONE', *, *, #1569, .T. ) ;
#236 = DIRECTION ( 'NONE',  ( 0.000000000000000000, 1.000000000000000000, 0.000000000000000000 ) ) ;
#237 = DIRECTION ( 'NONE',  ( 0.000000000000000000, 1.000000000000000000, 0.000000000000000000 ) ) ;
#238 = ORIENTED_EDGE ( 'NONE', *, *, #327, .T. ) ;
#239 = CARTESIAN_POINT ( 'NONE',  ( 91.99999999999991473, 16.00000000000000000, -100.0000000000000000 ) ) ;
#240 = CARTESIAN_POINT ( 'NONE',  ( -62.00000000000001421, 465.0000000000000000, -16.25000000000000000 ) ) ;
#241 = EDGE_CURVE ( 'NONE', #2302, #4068, #4893, .T. ) ;
#242 = ADVANCED_FACE ( 'NONE', ( #2851 ), #5804, .T. ) ;
#243 = FACE_BOUND ( 'NONE', #127, .T. ) ;
#244 = ORIENTED_EDGE ( 'NONE', *, *, #4539, .F. ) ;
#245 = FACE_BOUND ( 'NONE', #376, .T. ) ;
#246 = DIRECTION ( 'NONE',  ( -1.000000000000000000, 0.000000000000000000, 0.000000000000000000 ) ) ;
#247 = ORIENTED_EDGE ( 'NONE', *, *, #1889, .F. ) ;
#248 = AXIS2_PLACEMENT_3D ( 'NONE', #414, #2389, #3447 ) ;
#249 = EDGE_CURVE ( 'NONE', #5041, #6058, #5284, .T. ) ;
#250 = CARTESIAN_POINT ( 'NONE',  ( -67.99999999999991473, 12.00000000000000000, -95.00000000000000000 ) ) ;
#251 = DIRECTION ( 'NONE',  ( 6.844255435263898992E-34, 0.000000000000000000, -1.000000000000000000 ) ) ;
#252 = ORIENTED_EDGE ( 'NONE', *, *, #343, .F. ) ;
#253 = AXIS2_PLACEMENT_3D ( 'NONE', #890, #958, #4357 ) ;
#254 = CARTESIAN_POINT ( 'NONE',  ( -80.00000000000009948, -31.99999999999999289, 79.99999999999998579 ) ) ;
#255 = VERTEX_POINT ( 'NONE', #5379 ) ;
#256 = ORIENTED_EDGE ( 'NONE', *, *, #4710, .F. ) ;
#257 = DIRECTION ( 'NONE',  ( -1.000000000000000000, -1.224646799147353207E-16, -0.000000000000000000 ) ) ;
#258 = VECTOR ( 'NONE', #3070, 1000.000000000000000 ) ;
#259 = CARTESIAN_POINT ( 'NONE',  ( -80.00000000000009948, -19.99999999999999289, -86.99999999999998579 ) ) ;
#260 = EDGE_CURVE ( 'NONE', #5514, #3617, #2388, .T. ) ;
#261 = DIRECTION ( 'NONE',  ( -1.000000000000000000, 0.000000000000000000, 0.000000000000000000 ) ) ;
#262 = DIRECTION ( 'NONE',  ( 0.000000000000000000, 1.000000000000000000, 0.000000000000000000 ) ) ;
#263 = VECTOR ( 'NONE', #5095, 1000.000000000000000 ) ;
#264 = DIRECTION ( 'NONE',  ( -0.000000000000000000, -0.000000000000000000, -1.000000000000000000 ) ) ;
#265 = LINE ( 'NONE', #1804, #3359 ) ;
#266 = VECTOR ( 'NONE', #535, 1000.000000000000000 ) ;
#267 = DIRECTION ( 'NONE',  ( 0.000000000000000000, -7.456161113735056834E-51, -1.000000000000000000 ) ) ;
#268 = LOCAL_TIME ( 15, 28, 14.00000000000000000, #4168 ) ;
#269 = EDGE_LOOP ( 'NONE', ( #3291, #2969, #3692, #3029 ) ) ;
#270 = DIRECTION ( 'NONE',  ( 0.000000000000000000, -1.000000000000000000, 0.000000000000000000 ) ) ;
#271 = CARTESIAN_POINT ( 'NONE',  ( 63.75000000000007105, 465.0000000000000000, 20.00000000000000355 ) ) ;
#272 = EDGE_CURVE ( 'NONE', #2686, #1855, #5985, .T. ) ;
#273 = AXIS2_PLACEMENT_3D ( 'NONE', #4881, #5991, #6480 ) ;
#274 = VERTEX_POINT ( 'NONE', #1890 ) ;
#275 = DIRECTION ( 'NONE',  ( -1.000000000000000000, 0.000000000000000000, 0.000000000000000000 ) ) ;
#276 = CARTESIAN_POINT ( 'NONE',  ( 60.00000000000009237, -17.99999999999998579, -16.25000000000000000 ) ) ;
#277 = DIRECTION ( 'NONE',  ( 0.000000000000000000, -1.000000000000000000, 0.000000000000000000 ) ) ;
#278 = VECTOR ( 'NONE', #4245, 1000.000000000000000 ) ;
#279 = EDGE_LOOP ( 'NONE', ( #4039, #3680, #6318, #91 ) ) ;
#280 = CARTESIAN_POINT ( 'NONE',  ( -63.75000000000001421, 465.0000000000000000, -16.25000000000000000 ) ) ;
#281 = ORIENTED_EDGE ( 'NONE', *, *, #2619, .T. ) ;
#282 = EDGE_CURVE ( 'NONE', #5897, #3324, #2754, .T. ) ;
#283 = EDGE_CURVE ( 'NONE', #1956, #5453, #770, .T. ) ;
#284 = ORIENTED_EDGE ( 'NONE', *, *, #5410, .T. ) ;
#285 = DIRECTION ( 'NONE',  ( -1.000000000000000000, 0.000000000000000000, 0.000000000000000000 ) ) ;
#286 = CARTESIAN_POINT ( 'NONE',  ( 80.00000000000009948, 20.00000000000002487, 16.24999999999999289 ) ) ;
#287 = VERTEX_POINT ( 'NONE', #1792 ) ;
#288 = EDGE_CURVE ( 'NONE', #2278, #1264, #732, .T. ) ;
#289 = ORIENTED_EDGE ( 'NONE', *, *, #2297, .T. ) ;
#290 = ORIENTED_EDGE ( 'NONE', *, *, #3271, .F. ) ;
#291 = VECTOR ( 'NONE', #267, 1000.000000000000000 ) ;
#292 = CARTESIAN_POINT ( 'NONE',  ( -80.00000000000009948, -31.99999999999999289, -79.99999999999998579 ) ) ;
#293 = CARTESIAN_POINT ( 'NONE',  ( 80.00000000000009948, -31.99999999999999289, -79.99999999999998579 ) ) ;
#294 = AXIS2_PLACEMENT_3D ( 'NONE', #4469, #1959, #3979 ) ;
#295 = CARTESIAN_POINT ( 'NONE',  ( -95.99999999999990052, -11.99999999999999645, 95.00000000000000000 ) ) ;
#296 = DIRECTION ( 'NONE',  ( 1.224646799147353207E-16, -1.000000000000000000, 7.495956825746694590E-50 ) ) ;
#297 = PLANE ( 'NONE',  #602 ) ;
#298 = VECTOR ( 'NONE', #1636, 1000.000000000000000 ) ;
#299 = VECTOR ( 'NONE', #5033, 1000.000000000000000 ) ;
#300 = CARTESIAN_POINT ( 'NONE',  ( -62.00000000000001421, 465.0000000000000000, 16.25000000000000000 ) ) ;
#301 = DIRECTION ( 'NONE',  ( 0.000000000000000000, -1.000000000000000000, 0.000000000000000000 ) ) ;
#302 = ORIENTED_EDGE ( 'NONE', *, *, #5225, .F. ) ;
#303 = DIRECTION ( 'NONE',  ( 1.000000000000000000, 0.000000000000000000, -0.000000000000000000 ) ) ;
#304 = DIRECTION ( 'NONE',  ( 1.000000000000000000, 0.000000000000000000, 0.000000000000000000 ) ) ;
#305 = VECTOR ( 'NONE', #1511, 1000.000000000000000 ) ;
#306 = CIRCLE ( 'NONE', #1768, 5.000000000000004441 ) ;
#307 = ORIENTED_EDGE ( 'NONE', *, *, #4956, .F. ) ;
#308 = CARTESIAN_POINT ( 'NONE',  ( 95.99999999999988631, -12.00000000000000000, 95.00000000000000000 ) ) ;
#309 = FACE_OUTER_BOUND ( 'NONE', #865, .T. ) ;
#310 = VECTOR ( 'NONE', #4249, 1000.000000000000000 ) ;
#311 = CARTESIAN_POINT ( 'NONE',  ( -63.99999999999990763, -11.99999999999999822, -100.0000000000000000 ) ) ;
#312 = EDGE_CURVE ( 'NONE', #4443, #1586, #5876, .T. ) ;
#313 = EDGE_LOOP ( 'NONE', ( #3641, #5588, #1912, #1425 ) ) ;
#314 = DIRECTION ( 'NONE',  ( 1.000000000000000000, 0.000000000000000000, 0.000000000000000000 ) ) ;
#315 = LINE ( 'NONE', #2326, #4730 ) ;
#316 = AXIS2_PLACEMENT_3D ( 'NONE', #5799, #5698, #3180 ) ;
#317 = VERTEX_POINT ( 'NONE', #1292 ) ;
#318 = LINE ( 'NONE', #4363, #1462 ) ;
#319 = CARTESIAN_POINT ( 'NONE',  ( -125.0000000000000568, 473.0000000000000568, 30.00000000000000000 ) ) ;
#320 = AXIS2_PLACEMENT_3D ( 'NONE', #3834, #5826, #3865 ) ;
#321 = ORIENTED_EDGE ( 'NONE', *, *, #6034, .T. ) ;
#322 = EDGE_LOOP ( 'NONE', ( #4721, #4536, #3279, #5003 ) ) ;
#323 = ORIENTED_EDGE ( 'NONE', *, *, #2704, .T. ) ;
#324 = CARTESIAN_POINT ( 'NONE',  ( -117.9999999999999858, 565.0000000000001137, 30.00000000000000000 ) ) ;
#325 = DIRECTION ( 'NONE',  ( -1.000000000000000000, 0.000000000000000000, 0.000000000000000000 ) ) ;
#326 = ADVANCED_FACE ( 'NONE', ( #5255, #740, #4799 ), #1819, .T. ) ;
#327 = EDGE_CURVE ( 'NONE', #3247, #255, #213, .T. ) ;
#328 = DIRECTION ( 'NONE',  ( 0.000000000000000000, 1.000000000000000000, 0.000000000000000000 ) ) ;
#329 = FACE_OUTER_BOUND ( 'NONE', #4082, .T. ) ;
#330 = DIRECTION ( 'NONE',  ( 0.000000000000000000, 1.000000000000000000, 0.000000000000000000 ) ) ;
#331 = PLANE ( 'NONE',  #820 ) ;
#332 = CARTESIAN_POINT ( 'NONE',  ( -96.25000000000001421, 465.0000000000000000, -20.00000000000000355 ) ) ;
#333 = ORIENTED_EDGE ( 'NONE', *, *, #1847, .F. ) ;
#334 = CARTESIAN_POINT ( 'NONE',  ( 80.00000000000009948, -31.99999999999999289, 86.99999999999998579 ) ) ;
#335 = FACE_OUTER_BOUND ( 'NONE', #4533, .T. ) ;
#336 = CARTESIAN_POINT ( 'NONE',  ( 100.0000000000000995, -11.99999999999997868, 0.000000000000000000 ) ) ;
#337 = CARTESIAN_POINT ( 'NONE',  ( -80.00000000000009948, -31.99999999999999289, 94.99999999999998579 ) ) ;
#338 = DIRECTION ( 'NONE',  ( 0.000000000000000000, -1.000000000000000000, 0.000000000000000000 ) ) ;
#339 = VERTEX_POINT ( 'NONE', #4270 ) ;
#340 = CARTESIAN_POINT ( 'NONE',  ( 96.25000000000007105, 465.0000000000000000, -19.99999999999999645 ) ) ;
#341 = VERTEX_POINT ( 'NONE', #6265 ) ;
#342 = LINE ( 'NONE', #2198, #5729 ) ;
#343 = EDGE_CURVE ( 'NONE', #5587, #444, #5319, .T. ) ;
#344 = VERTEX_POINT ( 'NONE', #5834 ) ;
#345 = DIRECTION ( 'NONE',  ( 1.000000000000000000, 0.000000000000000000, -0.000000000000000000 ) ) ;
#346 = DIRECTION ( 'NONE',  ( 1.000000000000000000, 2.775557561562888886E-16, -0.000000000000000000 ) ) ;
#347 = ORIENTED_EDGE ( 'NONE', *, *, #6001, .T. ) ;
#348 = AXIS2_PLACEMENT_3D ( 'NONE', #3154, #506, #571 ) ;
#349 = ADVANCED_FACE ( 'NONE', ( #4197, #2185 ), #5769, .F. ) ;
#350 = VERTEX_POINT ( 'NONE', #2252 ) ;
#351 = ORIENTED_EDGE ( 'NONE', *, *, #2850, .T. ) ;
#352 = CARTESIAN_POINT ( 'NONE',  ( -67.99999999999991473, -12.00000000000000000, 0.000000000000000000 ) ) ;
#353 = CARTESIAN_POINT ( 'NONE',  ( -67.99999999999990052, -15.99999999999999645, 95.00000000000000000 ) ) ;
#354 = AXIS2_PLACEMENT_3D ( 'NONE', #1584, #6122, #4652 ) ;
#355 = CARTESIAN_POINT ( 'NONE',  ( -80.00000000000009948, -31.99999999999999289, 79.99999999999998579 ) ) ;
#356 = PLANE ( 'NONE',  #3875 ) ;
#357 = ADVANCED_FACE ( 'NONE', ( #1653 ), #2810, .F. ) ;
#358 = ADVANCED_FACE ( 'NONE', ( #2681 ), #1716, .F. ) ;
#359 = DIRECTION ( 'NONE',  ( 0.1723803317522503709, -0.9850304671557038594, 0.000000000000000000 ) ) ;
#360 = LINE ( 'NONE', #1309, #5768 ) ;
#361 = FACE_OUTER_BOUND ( 'NONE', #4507, .T. ) ;
#362 = CIRCLE ( 'NONE', #152, 3.500000000000058620 ) ;
#363 = ORIENTED_EDGE ( 'NONE', *, *, #6458, .F. ) ;
#364 = LINE ( 'NONE', #1838, #4360 ) ;
#365 = DIRECTION ( 'NONE',  ( 0.000000000000000000, -1.000000000000000000, 0.000000000000000000 ) ) ;
#366 = EDGE_CURVE ( 'NONE', #1645, #3083, #4419, .T. ) ;
#367 = DIRECTION ( 'NONE',  ( 1.000000000000000000, 2.775557561562888886E-16, -0.000000000000000000 ) ) ;
#368 = CARTESIAN_POINT ( 'NONE',  ( 60.00000000000009237, -19.99999999999998579, -16.24999999999999289 ) ) ;
#369 = CC_DESIGN_APPROVAL ( #6090, ( #3925 ) ) ;
#370 = DIRECTION ( 'NONE',  ( 0.000000000000000000, 7.456161113735056834E-51, 1.000000000000000000 ) ) ;
#371 = VERTEX_POINT ( 'NONE', #175 ) ;
#372 = CARTESIAN_POINT ( 'NONE',  ( 125.0000000000001705, 465.0000000000000568, -30.00000000000000000 ) ) ;
#373 = CARTESIAN_POINT ( 'NONE',  ( -91.99999999999991473, 16.00000000000000000, -95.00000000000000000 ) ) ;
#374 = CYLINDRICAL_SURFACE ( 'NONE', #3846, 4.000000000000003553 ) ;
#375 = VECTOR ( 'NONE', #6137, 1000.000000000000000 ) ;
#376 = EDGE_LOOP ( 'NONE', ( #5928, #290 ) ) ;
#377 = VECTOR ( 'NONE', #4817, 1000.000000000000000 ) ;
#378 = CARTESIAN_POINT ( 'NONE',  ( -117.9999999999999858, 565.4342007203525782, 30.00000000000000000 ) ) ;
#379 = DIRECTION ( 'NONE',  ( -2.387576397043347250E-16, 1.000000000000000000, -1.532218811828647824E-49 ) ) ;
#380 = VERTEX_POINT ( 'NONE', #6225 ) ;
#381 = EDGE_LOOP ( 'NONE', ( #302, #5415, #3809, #457 ) ) ;
#382 = VERTEX_POINT ( 'NONE', #2223 ) ;
#383 = LINE ( 'NONE', #902, #3033 ) ;
#384 = DIRECTION ( 'NONE',  ( 0.000000000000000000, 0.000000000000000000, -1.000000000000000000 ) ) ;
#385 = EDGE_CURVE ( 'NONE', #19, #3845, #3282, .T. ) ;
#386 = DIRECTION ( 'NONE',  ( 1.224646799147353207E-16, -1.000000000000000000, 2.899348569094233810E-49 ) ) ;
#387 = CARTESIAN_POINT ( 'NONE',  ( 100.0000000000000711, 465.0000000000000000, -16.24999999999999289 ) ) ;
#388 = AXIS2_PLACEMENT_3D ( 'NONE', #784, #4812, #301 ) ;
#389 = VERTEX_POINT ( 'NONE', #5279 ) ;
#390 = CARTESIAN_POINT ( 'NONE',  ( 115.0000000000000568, 565.0000000000001137, 30.00000000000000000 ) ) ;
#391 = DIRECTION ( 'NONE',  ( 1.000000000000000000, 0.000000000000000000, 0.000000000000000000 ) ) ;
#392 = CIRCLE ( 'NONE', #5846, 10.00000000000000888 ) ;
#393 = DIRECTION ( 'NONE',  ( 1.000000000000000000, 0.000000000000000000, 0.000000000000000000 ) ) ;
#394 = CIRCLE ( 'NONE', #388, 10.00000000000000888 ) ;
#395 = ORIENTED_EDGE ( 'NONE', *, *, #2534, .T. ) ;
#396 = FACE_OUTER_BOUND ( 'NONE', #4224, .T. ) ;
#397 = DIRECTION ( 'NONE',  ( -1.968757127242515241E-32, 0.000000000000000000, 1.000000000000000000 ) ) ;
#398 = VECTOR ( 'NONE', #1488, 1000.000000000000000 ) ;
#399 = CARTESIAN_POINT ( 'NONE',  ( 80.00000000000009948, -15.99999999999997868, 79.99999999999998579 ) ) ;
#400 = FACE_OUTER_BOUND ( 'NONE', #2362, .T. ) ;
#401 = FACE_OUTER_BOUND ( 'NONE', #4535, .T. ) ;
#402 = VECTOR ( 'NONE', #4787, 1000.000000000000000 ) ;
#403 = ORIENTED_EDGE ( 'NONE', *, *, #5475, .T. ) ;
#404 = CARTESIAN_POINT ( 'NONE',  ( -59.99999999999990763, 20.00000000000001776, -16.24999999999999289 ) ) ;
#405 = EDGE_CURVE ( 'NONE', #4203, #4018, #4000, .T. ) ;
#406 = AXIS2_PLACEMENT_3D ( 'NONE', #6447, #5532, #1976 ) ;
#407 = ADVANCED_FACE ( 'NONE', ( #4788 ), #3737, .T. ) ;
#408 = FACE_OUTER_BOUND ( 'NONE', #4925, .T. ) ;
#409 = DIRECTION ( 'NONE',  ( 0.000000000000000000, 1.000000000000000000, 0.000000000000000000 ) ) ;
#410 = PERSON ( '未指定', '未指定', '未指定', ('未指定'), ('未指定'), ('未指定') ) ;
#411 = ORIENTED_EDGE ( 'NONE', *, *, #5865, .F. ) ;
#412 = CIRCLE ( 'NONE', #6292, 8.500000000000007105 ) ;
#413 = ORIENTED_EDGE ( 'NONE', *, *, #1397, .F. ) ;
#414 = CARTESIAN_POINT ( 'NONE',  ( 123.0000000000000568, 565.4342007203531466, 30.00000000000000000 ) ) ;
#415 = ORIENTED_EDGE ( 'NONE', *, *, #1218, .T. ) ;
#416 = ORIENTED_EDGE ( 'NONE', *, *, #5417, .F. ) ;
#417 = EDGE_LOOP ( 'NONE', ( #1660, #4437, #244, #6163 ) ) ;
#418 = LINE ( 'NONE', #4868, #6280 ) ;
#419 = DIRECTION ( 'NONE',  ( 0.000000000000000000, -1.000000000000000000, 0.000000000000000000 ) ) ;
#420 = EDGE_CURVE ( 'NONE', #447, #4429, #940, .T. ) ;
#421 = LINE ( 'NONE', #6407, #2188 ) ;
#422 = EDGE_LOOP ( 'NONE', ( #5130, #3252, #3615, #3109 ) ) ;
#423 = EDGE_CURVE ( 'NONE', #4429, #3076, #4822, .T. ) ;
#424 = ORIENTED_EDGE ( 'NONE', *, *, #2289, .F. ) ;
#425 = DIRECTION ( 'NONE',  ( -6.844255435263898992E-34, 0.000000000000000000, 1.000000000000000000 ) ) ;
#426 = CARTESIAN_POINT ( 'NONE',  ( -80.00000000000009948, -16.00000000000000000, -88.50000000000000000 ) ) ;
#427 = LINE ( 'NONE', #5331, #4394 ) ;
#428 = ORIENTED_EDGE ( 'NONE', *, *, #2156, .F. ) ;
#429 = LINE ( 'NONE', #6316, #4043 ) ;
#430 = CARTESIAN_POINT ( 'NONE',  ( 92.00000000000009948, -11.99999999999998046, -100.0000000000000000 ) ) ;
#431 = ADVANCED_FACE ( 'NONE', ( #694 ), #1785, .T. ) ;
#432 = CARTESIAN_POINT ( 'NONE',  ( 96.25000000000007105, 465.0000000000000000, -17.99999999999999645 ) ) ;
#433 = CARTESIAN_POINT ( 'NONE',  ( -99.99999999999990052, -12.00000000000000000, 100.0000000000000000 ) ) ;
#434 = FACE_OUTER_BOUND ( 'NONE', #452, .T. ) ;
#435 = ORIENTED_EDGE ( 'NONE', *, *, #2474, .T. ) ;
#436 = LINE ( 'NONE', #4002, #5296 ) ;
#437 = FACE_OUTER_BOUND ( 'NONE', #5316, .T. ) ;
#438 = CYLINDRICAL_SURFACE ( 'NONE', #4475, 15.00000000000000000 ) ;
#439 = ORIENTED_EDGE ( 'NONE', *, *, #1199, .F. ) ;
#440 = EDGE_CURVE ( 'NONE', #3520, #5224, #4107, .T. ) ;
#441 = EDGE_CURVE ( 'NONE', #2491, #574, #5248, .T. ) ;
#442 = VERTEX_POINT ( 'NONE', #3679 ) ;
#443 = CARTESIAN_POINT ( 'NONE',  ( 96.25000000000007105, 465.0000000000000000, 16.24999999999999289 ) ) ;
#444 = VERTEX_POINT ( 'NONE', #2150 ) ;
#445 = EDGE_LOOP ( 'NONE', ( #3155, #1957 ) ) ;
#446 = EDGE_CURVE ( 'NONE', #4478, #1219, #5177, .T. ) ;
#447 = VERTEX_POINT ( 'NONE', #734 ) ;
#448 = DIRECTION ( 'NONE',  ( 0.9850304671557039704, -0.1723803317522496770, 0.000000000000000000 ) ) ;
#449 = APPLICATION_PROTOCOL_DEFINITION ( 'international standard', 'config_control_design', 1994, #1127 ) ;
#450 = CARTESIAN_POINT ( 'NONE',  ( 100.0000000000000995, 12.00000000000001776, -100.0000000000000000 ) ) ;
#451 = CARTESIAN_POINT ( 'NONE',  ( -122.0000000000000568, 473.0000000000000568, 30.00000000000000000 ) ) ;
#452 = EDGE_LOOP ( 'NONE', ( #862, #3738, #3122, #6303 ) ) ;
#453 = VERTEX_POINT ( 'NONE', #2749 ) ;
#454 = CARTESIAN_POINT ( 'NONE',  ( 62.00000000000009948, 20.00000000000001776, 16.25000000000000000 ) ) ;
#455 = CIRCLE ( 'NONE', #974, 4.000000000000003553 ) ;
#456 = FACE_BOUND ( 'NONE', #2629, .T. ) ;
#457 = ORIENTED_EDGE ( 'NONE', *, *, #6277, .F. ) ;
#458 = CARTESIAN_POINT ( 'NONE',  ( 118.0000000000000711, 605.0000000000001137, -30.00000000000000000 ) ) ;
#459 = CARTESIAN_POINT ( 'NONE',  ( 80.00000000000009948, -19.99999999999999289, -79.99999999999998579 ) ) ;
#460 = CIRCLE ( 'NONE', #1295, 8.000000000000000000 ) ;
#461 = DIRECTION ( 'NONE',  ( -1.968757127242515241E-32, 0.000000000000000000, 1.000000000000000000 ) ) ;
#462 = CARTESIAN_POINT ( 'NONE',  ( 62.00000000000007105, 465.0000000000000000, -16.25000000000000000 ) ) ;
#463 = DIRECTION ( 'NONE',  ( 0.000000000000000000, -1.000000000000000000, 0.000000000000000000 ) ) ;
#464 = ORIENTED_EDGE ( 'NONE', *, *, #3287, .T. ) ;
#465 = DIRECTION ( 'NONE',  ( 0.000000000000000000, -1.000000000000000000, 0.000000000000000000 ) ) ;
#466 = ADVANCED_FACE ( 'NONE', ( #243, #1286, #793 ), #4161, .F. ) ;
#467 = CARTESIAN_POINT ( 'NONE',  ( -80.00000000000009948, -20.00000000000003553, -79.99999999999998579 ) ) ;
#468 = DIRECTION ( 'NONE',  ( 1.224646799147353207E-16, -1.000000000000000000, 7.495956825746694590E-50 ) ) ;
#469 = AXIS2_PLACEMENT_3D ( 'NONE', #2136, #2271, #2764 ) ;
#470 = ORIENTED_EDGE ( 'NONE', *, *, #5149, .F. ) ;
#471 = AXIS2_PLACEMENT_3D ( 'NONE', #4392, #6393, #6488 ) ;
#472 = ORIENTED_EDGE ( 'NONE', *, *, #1484, .F. ) ;
#473 = CARTESIAN_POINT ( 'NONE',  ( 124.8802437372457348, 525.6843215014538373, -30.00000000000000000 ) ) ;
#474 = VERTEX_POINT ( 'NONE', #3404 ) ;
#475 = EDGE_CURVE ( 'NONE', #4631, #4361, #936, .T. ) ;
#476 = ORIENTED_EDGE ( 'NONE', *, *, #4557, .T. ) ;
#477 = ORIENTED_EDGE ( 'NONE', *, *, #5235, .F. ) ;
#478 = CARTESIAN_POINT ( 'NONE',  ( -95.99999999999990052, -11.99999999999999645, -100.0000000000000000 ) ) ;
#479 = COORDINATED_UNIVERSAL_TIME_OFFSET ( 8, 0, .AHEAD. ) ;
#480 = FACE_OUTER_BOUND ( 'NONE', #1821, .T. ) ;
#481 = EDGE_CURVE ( 'NONE', #5175, #4545, #6387, .T. ) ;
#482 = DIRECTION ( 'NONE',  ( 0.000000000000000000, 0.000000000000000000, -1.000000000000000000 ) ) ;
#483 = EDGE_LOOP ( 'NONE', ( #5884, #5156, #6356, #6095 ) ) ;
#484 = ORIENTED_EDGE ( 'NONE', *, *, #5208, .T. ) ;
#485 = CARTESIAN_POINT ( 'NONE',  ( 122.0000000000001705, 465.0000000000000568, -30.00000000000000000 ) ) ;
#486 = CARTESIAN_POINT ( 'NONE',  ( -114.9999999999999858, 615.0000000000001137, -19.99999999999999645 ) ) ;
#487 = ORIENTED_EDGE ( 'NONE', *, *, #50, .F. ) ;
#488 = DIRECTION ( 'NONE',  ( 0.000000000000000000, 0.000000000000000000, 1.000000000000000000 ) ) ;
#489 = DIRECTION ( 'NONE',  ( 0.000000000000000000, -1.000000000000000000, 0.000000000000000000 ) ) ;
#490 = DIRECTION ( 'NONE',  ( 2.387576397043347250E-16, -1.000000000000000000, 3.566332975710173193E-48 ) ) ;
#491 = AXIS2_PLACEMENT_3D ( 'NONE', #2371, #425, #2437 ) ;
#493 = VECTOR ( 'NONE', #6120, 1000.000000000000000 ) ;
#492 = DIRECTION ( 'NONE',  ( 0.000000000000000000, 0.000000000000000000, 1.000000000000000000 ) ) ;
#494 = CARTESIAN_POINT ( 'NONE',  ( 125.0000000000001705, 603.0000000000003411, -11.49999999999995737 ) ) ;
#495 = ORIENTED_EDGE ( 'NONE', *, *, #4030, .T. ) ;
#496 = CARTESIAN_POINT ( 'NONE',  ( -63.75000000000001421, 465.0000000000000000, 16.24999999999999289 ) ) ;
#497 = FACE_BOUND ( 'NONE', #2684, .T. ) ;
#498 = CARTESIAN_POINT ( 'NONE',  ( 68.00000000000008527, 16.00000000000002132, 95.00000000000000000 ) ) ;
#499 = CIRCLE ( 'NONE', #2616, 1.749999999999999778 ) ;
#500 = ORIENTED_EDGE ( 'NONE', *, *, #766, .F. ) ;
#501 = EDGE_CURVE ( 'NONE', #1965, #453, #3477, .T. ) ;
#502 = CIRCLE ( 'NONE', #811, 3.500000000000058620 ) ;
#503 = VECTOR ( 'NONE', #2232, 1000.000000000000000 ) ;
#504 = FACE_OUTER_BOUND ( 'NONE', #1492, .T. ) ;
#505 = ORIENTED_EDGE ( 'NONE', *, *, #5740, .F. ) ;
#506 = DIRECTION ( 'NONE',  ( -0.000000000000000000, -1.000000000000000000, -0.000000000000000000 ) ) ;
#507 = VERTEX_POINT ( 'NONE', #3901 ) ;
#508 = CIRCLE ( 'NONE', #5657, 8.500000000000007105 ) ;
#509 = AXIS2_PLACEMENT_3D ( 'NONE', #5797, #4883, #6347 ) ;
#510 = AXIS2_PLACEMENT_3D ( 'NONE', #1103, #4567, #6108 ) ;
#511 = ORIENTED_EDGE ( 'NONE', *, *, #3393, .T. ) ;
#512 = VERTEX_POINT ( 'NONE', #2348 ) ;
#513 = EDGE_CURVE ( 'NONE', #1501, #5849, #5668, .T. ) ;
#514 = CARTESIAN_POINT ( 'NONE',  ( 63.75000000000007105, 465.0000000000000000, 16.24999999999999289 ) ) ;
#515 = VECTOR ( 'NONE', #5621, 1000.000000000000000 ) ;
#516 = CLOSED_SHELL ( 'NONE', ( #6307, #4625, #2543, #2360, #1922, #2504, #2884, #4213, #5310, #466, #5318, #3749, #5703, #4511, #980, #1594, #326, #2010, #3386, #3379, #69, #2617, #5688, #2479, #6023, #4226, #199 ) ) ;
#517 = FACE_BOUND ( 'NONE', #6478, .T. ) ;
#518 = CARTESIAN_POINT ( 'NONE',  ( -125.0000000000000568, 468.0000000000000000, 30.00000000000000000 ) ) ;
#519 = ORIENTED_EDGE ( 'NONE', *, *, #3984, .T. ) ;
#520 = ORIENTED_EDGE ( 'NONE', *, *, #2569, .T. ) ;
#521 = VECTOR ( 'NONE', #1852, 1000.000000000000000 ) ;
#522 = DIRECTION ( 'NONE',  ( 0.000000000000000000, 0.000000000000000000, -1.000000000000000000 ) ) ;
#523 = EDGE_CURVE ( 'NONE', #5551, #2066, #3165, .T. ) ;
#524 = ADVANCED_FACE ( 'NONE', ( #401 ), #6450, .T. ) ;
#525 = DIRECTION ( 'NONE',  ( 0.000000000000000000, 0.000000000000000000, 1.000000000000000000 ) ) ;
#526 = VERTEX_POINT ( 'NONE', #853 ) ;
#527 = PLANE ( 'NONE',  #4048 ) ;
#528 = DIRECTION ( 'NONE',  ( 0.000000000000000000, 1.000000000000000000, 0.000000000000000000 ) ) ;
#529 = CARTESIAN_POINT ( 'NONE',  ( -80.00000000000009948, -20.00000000000003553, 88.50000000000000000 ) ) ;
#530 = DIRECTION ( 'NONE',  ( 0.000000000000000000, 0.000000000000000000, -1.000000000000000000 ) ) ;
#531 = CARTESIAN_POINT ( 'NONE',  ( -96.25000000000001421, 20.00000000000001776, -17.99999999999999645 ) ) ;
#532 = ORIENTED_EDGE ( 'NONE', *, *, #5157, .F. ) ;
#533 = FACE_OUTER_BOUND ( 'NONE', #3414, .T. ) ;
#534 = DIRECTION ( 'NONE',  ( 0.000000000000000000, 0.000000000000000000, 1.000000000000000000 ) ) ;
#535 = DIRECTION ( 'NONE',  ( 1.968757127242515241E-32, 0.000000000000000000, -1.000000000000000000 ) ) ;
#536 = VERTEX_POINT ( 'NONE', #1415 ) ;
#537 = CARTESIAN_POINT ( 'NONE',  ( -123.0000000000000000, 565.4342007203525782, 30.00000000000000000 ) ) ;
#538 = ORIENTED_EDGE ( 'NONE', *, *, #1120, .T. ) ;
#539 = DIRECTION ( 'NONE',  ( -1.968757127242515241E-32, 0.000000000000000000, 1.000000000000000000 ) ) ;
#540 = ORIENTED_EDGE ( 'NONE', *, *, #2125, .T. ) ;
#541 = EDGE_CURVE ( 'NONE', #1408, #3564, #4885, .T. ) ;
#542 = EDGE_LOOP ( 'NONE', ( #1096, #925, #1392, #511 ) ) ;
#543 = VERTEX_POINT ( 'NONE', #6350 ) ;
#544 = DIRECTION ( 'NONE',  ( 0.000000000000000000, 0.000000000000000000, -1.000000000000000000 ) ) ;
#545 = DIRECTION ( 'NONE',  ( 6.844255435263898992E-34, 0.000000000000000000, -1.000000000000000000 ) ) ;
#546 = EDGE_CURVE ( 'NONE', #6047, #474, #2975, .T. ) ;
#547 = DIRECTION ( 'NONE',  ( 0.000000000000000000, 0.000000000000000000, 1.000000000000000000 ) ) ;
#548 = EDGE_CURVE ( 'NONE', #1234, #3649, #4326, .T. ) ;
#549 = ORIENTED_EDGE ( 'NONE', *, *, #1907, .F. ) ;
#550 = ORIENTED_EDGE ( 'NONE', *, *, #2404, .T. ) ;
#551 = CARTESIAN_POINT ( 'NONE',  ( 60.00000000000009237, -16.24999999999997868, -20.00000000000000000 ) ) ;
#552 = LINE ( 'NONE', #193, #3043 ) ;
#553 = ORIENTED_EDGE ( 'NONE', *, *, #5059, .T. ) ;
#554 = CARTESIAN_POINT ( 'NONE',  ( -67.99999999999990052, 16.00000000000000000, -95.00000000000000000 ) ) ;
#555 = EDGE_CURVE ( 'NONE', #6133, #536, #1945, .T. ) ;
#556 = CARTESIAN_POINT ( 'NONE',  ( 124.8802437372457348, 525.6843215014538373, -30.00000000000000000 ) ) ;
#557 = ADVANCED_FACE ( 'NONE', ( #4916 ), #2417, .F. ) ;
#558 = CARTESIAN_POINT ( 'NONE',  ( 118.0748476642214939, 564.5722990615919343, 30.00000000000000000 ) ) ;
#559 = CARTESIAN_POINT ( 'NONE',  ( 95.99999999999988631, -12.00000000000000000, -100.0000000000000000 ) ) ;
#560 = CARTESIAN_POINT ( 'NONE',  ( 115.0000000000000711, 615.0000000000001137, -19.99999999999999645 ) ) ;
#561 = CIRCLE ( 'NONE', #2251, 8.000000000000007105 ) ;
#562 = EDGE_LOOP ( 'NONE', ( #6075, #5535, #5636, #84 ) ) ;
#563 = CARTESIAN_POINT ( 'NONE',  ( 60.00000000000009237, 18.00000000000001776, 16.25000000000000000 ) ) ;
#564 = DIRECTION ( 'NONE',  ( 0.000000000000000000, 0.000000000000000000, -1.000000000000000000 ) ) ;
#565 = CARTESIAN_POINT ( 'NONE',  ( 67.99999999999991473, 12.00000000000000000, -95.00000000000000000 ) ) ;
#566 = EDGE_CURVE ( 'NONE', #2623, #5302, #956, .T. ) ;
#567 = ORIENTED_EDGE ( 'NONE', *, *, #1282, .T. ) ;
#568 = VECTOR ( 'NONE', #6479, 1000.000000000000000 ) ;
#569 = CARTESIAN_POINT ( 'NONE',  ( -114.9999999999999858, 615.0000000000001137, 30.00000000000000000 ) ) ;
#570 = ORIENTED_EDGE ( 'NONE', *, *, #4049, .F. ) ;
#571 = DIRECTION ( 'NONE',  ( 0.000000000000000000, 0.000000000000000000, -1.000000000000000000 ) ) ;
#572 = ORIENTED_EDGE ( 'NONE', *, *, #1639, .T. ) ;
#573 = AXIS2_PLACEMENT_3D ( 'NONE', #355, #842, #4341 ) ;
#574 = VERTEX_POINT ( 'NONE', #311 ) ;
#575 = ORIENTED_EDGE ( 'NONE', *, *, #2033, .F. ) ;
#576 = VECTOR ( 'NONE', #2115, 1000.000000000000000 ) ;
#577 = PERSON_AND_ORGANIZATION ( #410, #6463 ) ;
#578 = CIRCLE ( 'NONE', #5725, 6.999999999999992006 ) ;
#579 = DIRECTION ( 'NONE',  ( 6.844255435263898992E-34, 0.000000000000000000, -1.000000000000000000 ) ) ;
#580 = CARTESIAN_POINT ( 'NONE',  ( 96.25000000000007105, 465.0000000000000000, 19.99999999999999645 ) ) ;
#581 = DIRECTION ( 'NONE',  ( -6.844255435263898992E-34, 0.000000000000000000, 1.000000000000000000 ) ) ;
#582 = AXIS2_PLACEMENT_3D ( 'NONE', #6, #6088, #2009 ) ;
#583 = AXIS2_PLACEMENT_3D ( 'NONE', #5805, #1293, #5219 ) ;
#584 = VERTEX_POINT ( 'NONE', #2323 ) ;
#585 = VERTEX_POINT ( 'NONE', #2944 ) ;
#586 = DIRECTION ( 'NONE',  ( 0.000000000000000000, 1.000000000000000000, 0.000000000000000000 ) ) ;
#587 = EDGE_CURVE ( 'NONE', #4690, #4041, #1466, .T. ) ;
#588 = DIRECTION ( 'NONE',  ( 1.000000000000000000, 5.968940992608368126E-17, 3.421138828918010427E-49 ) ) ;
#589 = AXIS2_PLACEMENT_3D ( 'NONE', #5814, #2861, #2399 ) ;
#590 = CARTESIAN_POINT ( 'NONE',  ( 63.99999999999990763, -12.00000000000000000, -95.00000000000000000 ) ) ;
#591 = DIRECTION ( 'NONE',  ( 4.625929269271481969E-16, -1.000000000000000000, 0.000000000000000000 ) ) ;
#592 = CARTESIAN_POINT ( 'NONE',  ( 80.00000000000009948, -31.99999999999999289, 79.99999999999998579 ) ) ;
#593 = CARTESIAN_POINT ( 'NONE',  ( 121.9251523357786198, 525.1671805061970417, 30.00000000000000000 ) ) ;
#594 = CARTESIAN_POINT ( 'NONE',  ( -91.99999999999991473, 16.00000000000000000, -95.00000000000000000 ) ) ;
#595 = ORIENTED_EDGE ( 'NONE', *, *, #3278, .T. ) ;
#596 = CARTESIAN_POINT ( 'NONE',  ( 92.00000000000009948, 12.00000000000001954, 8.673617379884035472E-16 ) ) ;
#597 = CARTESIAN_POINT ( 'NONE',  ( -59.99999999999991473, 16.24999999999973710, 17.99999999999999645 ) ) ;
#598 = ORIENTED_EDGE ( 'NONE', *, *, #3957, .F. ) ;
#599 = ADVANCED_FACE ( 'NONE', ( #434 ), #4453, .F. ) ;
#600 = ADVANCED_FACE ( 'NONE', ( #1844 ), #6321, .F. ) ;
#601 = DIRECTION ( 'NONE',  ( -0.000000000000000000, -0.000000000000000000, -1.000000000000000000 ) ) ;
#602 = AXIS2_PLACEMENT_3D ( 'NONE', #1211, #3854, #2213 ) ;
#603 = ORIENTED_EDGE ( 'NONE', *, *, #4311, .T. ) ;
#604 = DIRECTION ( 'NONE',  ( 6.844255435263898992E-34, 0.000000000000000000, -1.000000000000000000 ) ) ;
#605 = EDGE_LOOP ( 'NONE', ( #333, #1531 ) ) ;
#606 = ORIENTED_EDGE ( 'NONE', *, *, #953, .F. ) ;
#607 = CIRCLE ( 'NONE', #1338, 8.500000000000007105 ) ;
#608 = ORIENTED_EDGE ( 'NONE', *, *, #1631, .T. ) ;
#609 = COORDINATED_UNIVERSAL_TIME_OFFSET ( 8, 0, .AHEAD. ) ;
#610 = DIRECTION ( 'NONE',  ( 6.844255435263898992E-34, 0.000000000000000000, 1.000000000000000000 ) ) ;
#611 = AXIS2_PLACEMENT_3D ( 'NONE', #2477, #35, #1479 ) ;
#612 = FACE_OUTER_BOUND ( 'NONE', #322, .T. ) ;
#613 = VECTOR ( 'NONE', #3474, 1000.000000000000000 ) ;
#614 = FACE_OUTER_BOUND ( 'NONE', #6369, .T. ) ;
#615 = ORIENTED_EDGE ( 'NONE', *, *, #2208, .F. ) ;
#616 = ORIENTED_EDGE ( 'NONE', *, *, #3829, .F. ) ;
#617 = CARTESIAN_POINT ( 'NONE',  ( -61.99999999999990763, 20.00000000000001776, -16.25000000000000000 ) ) ;
#618 = VECTOR ( 'NONE', #878, 1000.000000000000000 ) ;
#619 = DIRECTION ( 'NONE',  ( -1.000000000000000000, -1.224646799147353207E-16, -0.000000000000000000 ) ) ;
#620 = EDGE_CURVE ( 'NONE', #4103, #2264, #5676, .T. ) ;
#621 = DIRECTION ( 'NONE',  ( 0.000000000000000000, 0.000000000000000000, -1.000000000000000000 ) ) ;
#622 = CARTESIAN_POINT ( 'NONE',  ( -91.99999999999990052, -19.99999999999999289, -100.0000000000000000 ) ) ;
#623 = EDGE_CURVE ( 'NONE', #585, #1037, #1152, .T. ) ;
#624 = VECTOR ( 'NONE', #2285, 1000.000000000000000 ) ;
#625 = DIRECTION ( 'NONE',  ( 0.000000000000000000, 1.000000000000000000, 0.000000000000000000 ) ) ;
#626 = DIRECTION ( 'NONE',  ( 0.000000000000000000, 1.000000000000000000, 0.000000000000000000 ) ) ;
#627 = CARTESIAN_POINT ( 'NONE',  ( -59.99999999999990052, 20.00000000000001776, -16.25000000000000000 ) ) ;
#628 = AXIS2_PLACEMENT_3D ( 'NONE', #1881, #2382, #5856 ) ;
#629 = EDGE_LOOP ( 'NONE', ( #25, #1289, #6134, #1215 ) ) ;
#630 = DIRECTION ( 'NONE',  ( 0.000000000000000000, 1.000000000000000000, 0.000000000000000000 ) ) ;
#631 = CARTESIAN_POINT ( 'NONE',  ( -67.99999999999991473, -12.00000000000000178, 100.0000000000000000 ) ) ;
#632 = EDGE_CURVE ( 'NONE', #3866, #380, #5570, .T. ) ;
#633 = VERTEX_POINT ( 'NONE', #4552 ) ;
#634 = LINE ( 'NONE', #4195, #194 ) ;
#635 = CARTESIAN_POINT ( 'NONE',  ( 80.00000000000009948, -19.99999999999998224, -16.24999999999999289 ) ) ;
#636 = VERTEX_POINT ( 'NONE', #1017 ) ;
#637 = DIRECTION ( 'NONE',  ( -6.844255435263898992E-34, 0.000000000000000000, 1.000000000000000000 ) ) ;
#638 = ORIENTED_EDGE ( 'NONE', *, *, #6106, .F. ) ;
#639 = EDGE_CURVE ( 'NONE', #1345, #5153, #2842, .T. ) ;
#640 = ORIENTED_EDGE ( 'NONE', *, *, #2580, .F. ) ;
#641 = ORIENTED_EDGE ( 'NONE', *, *, #5537, .F. ) ;
#642 = LINE ( 'NONE', #3653, #1036 ) ;
#643 = FACE_OUTER_BOUND ( 'NONE', #6198, .T. ) ;
#644 = CARTESIAN_POINT ( 'NONE',  ( -63.75000000000001421, 465.0000000000000000, -19.99999999999999645 ) ) ;
#645 = EDGE_CURVE ( 'NONE', #1657, #2928, #5009, .T. ) ;
#646 = EDGE_LOOP ( 'NONE', ( #2123, #2430, #6121, #1730, #3129, #1373, #1475, #4188 ) ) ;
#647 = ORIENTED_EDGE ( 'NONE', *, *, #645, .F. ) ;
#648 = CARTESIAN_POINT ( 'NONE',  ( -67.99999999999990052, -16.00000000000000000, -95.00000000000000000 ) ) ;
#649 = DIRECTION ( 'NONE',  ( 0.000000000000000000, -1.000000000000000000, 0.000000000000000000 ) ) ;
#650 = DIRECTION ( 'NONE',  ( 6.844255435263898992E-34, 0.000000000000000000, -1.000000000000000000 ) ) ;
#651 = DIRECTION ( 'NONE',  ( -1.000000000000000000, -0.000000000000000000, -0.000000000000000000 ) ) ;
#652 = CYLINDRICAL_SURFACE ( 'NONE', #2725, 8.500000000000007105 ) ;
#653 = DIRECTION ( 'NONE',  ( 0.000000000000000000, 0.000000000000000000, 1.000000000000000000 ) ) ;
#654 = DIRECTION ( 'NONE',  ( 0.000000000000000000, 0.000000000000000000, -1.000000000000000000 ) ) ;
#655 = VERTEX_POINT ( 'NONE', #5995 ) ;
#656 = DIRECTION ( 'NONE',  ( -1.000000000000000000, 0.000000000000000000, 2.407412430484042627E-32 ) ) ;
#657 = DIRECTION ( 'NONE',  ( -0.000000000000000000, -0.000000000000000000, -1.000000000000000000 ) ) ;
#658 = ORIENTED_EDGE ( 'NONE', *, *, #6277, .T. ) ;
#659 = LINE ( 'NONE', #6196, #3779 ) ;
#660 = CIRCLE ( 'NONE', #4350, 5.000000000000004441 ) ;
#661 = DIRECTION ( 'NONE',  ( 1.000000000000000000, 0.000000000000000000, 0.000000000000000000 ) ) ;
#662 = ADVANCED_FACE ( 'NONE', ( #1480 ), #3042, .F. ) ;
#663 = EDGE_LOOP ( 'NONE', ( #4319, #3787, #6462, #4542 ) ) ;
#664 = DIRECTION ( 'NONE',  ( 0.000000000000000000, 0.000000000000000000, 1.000000000000000000 ) ) ;
#665 = ORIENTED_EDGE ( 'NONE', *, *, #1029, .F. ) ;
#666 = VERTEX_POINT ( 'NONE', #531 ) ;
#667 = ORIENTED_EDGE ( 'NONE', *, *, #1569, .F. ) ;
#668 = EDGE_CURVE ( 'NONE', #2278, #4323, #1086, .T. ) ;
#669 = CIRCLE ( 'NONE', #6241, 6.999999999999992006 ) ;
#670 = EDGE_CURVE ( 'NONE', #2429, #344, #5747, .T. ) ;
#671 = CARTESIAN_POINT ( 'NONE',  ( 95.99999999999990052, 11.99999999999999645, -100.0000000000000000 ) ) ;
#672 = ORIENTED_EDGE ( 'NONE', *, *, #3219, .T. ) ;
#673 = LINE ( 'NONE', #4736, #3635 ) ;
#674 = CARTESIAN_POINT ( 'NONE',  ( 63.99999999999990763, 12.00000000000000000, -95.00000000000000000 ) ) ;
#675 = VERTEX_POINT ( 'NONE', #3507 ) ;
#676 = AXIS2_PLACEMENT_3D ( 'NONE', #5230, #4178, #2170 ) ;
#677 = VERTEX_POINT ( 'NONE', #4061 ) ;
#678 = PRODUCT_DEFINITION_FORMATION_WITH_SPECIFIED_SOURCE ( '任何', '', #1431, .NOT_KNOWN. ) ;
#679 = PLANE ( 'NONE',  #1237 ) ;
#680 = DIRECTION ( 'NONE',  ( 0.000000000000000000, 1.000000000000000000, 0.000000000000000000 ) ) ;
#681 = EDGE_CURVE ( 'NONE', #4142, #3764, #6057, .T. ) ;
#682 = EDGE_CURVE ( 'NONE', #873, #3076, #6167, .T. ) ;
#683 = DIRECTION ( 'NONE',  ( 1.000000000000000000, 2.775557561562888886E-16, -0.000000000000000000 ) ) ;
#684 = DIRECTION ( 'NONE',  ( -0.000000000000000000, -0.000000000000000000, -1.000000000000000000 ) ) ;
#685 = LINE ( 'NONE', #3570, #4617 ) ;
#686 = VECTOR ( 'NONE', #3704, 1000.000000000000000 ) ;
#687 = DIRECTION ( 'NONE',  ( -1.000000000000000000, -1.224646799147353207E-16, -0.000000000000000000 ) ) ;
#688 = CARTESIAN_POINT ( 'NONE',  ( -80.00000000000009948, -31.99999999999999289, -79.99999999999998579 ) ) ;
#689 = EDGE_LOOP ( 'NONE', ( #3730, #4338, #4268, #4692 ) ) ;
#690 = CYLINDRICAL_SURFACE ( 'NONE', #3310, 4.000000000000003553 ) ;
#691 = DIRECTION ( 'NONE',  ( 0.000000000000000000, 1.000000000000000000, 0.000000000000000000 ) ) ;
#692 = ORIENTED_EDGE ( 'NONE', *, *, #1389, .F. ) ;
#693 = FACE_OUTER_BOUND ( 'NONE', #663, .T. ) ;
#694 = FACE_OUTER_BOUND ( 'NONE', #1422, .T. ) ;
#695 = ORIENTED_EDGE ( 'NONE', *, *, #2280, .T. ) ;
#696 = LINE ( 'NONE', #6261, #1710 ) ;
#697 = ORIENTED_EDGE ( 'NONE', *, *, #2859, .F. ) ;
#698 = EDGE_CURVE ( 'NONE', #3444, #2613, #4522, .T. ) ;
#699 = EDGE_LOOP ( 'NONE', ( #2131, #3816 ) ) ;
#700 = ORIENTED_EDGE ( 'NONE', *, *, #3473, .T. ) ;
#701 = CIRCLE ( 'NONE', #4393, 6.999999999999992006 ) ;
#702 = CIRCLE ( 'NONE', #5438, 6.999999999999992006 ) ;
#703 = DIRECTION ( 'NONE',  ( 1.000000000000000000, 0.000000000000000000, 0.000000000000000000 ) ) ;
#704 = ORIENTED_EDGE ( 'NONE', *, *, #4912, .F. ) ;
#705 = PLANE ( 'NONE',  #6140 ) ;
#706 = CARTESIAN_POINT ( 'NONE',  ( -91.99999999999990052, -12.00000000000000000, -8.673617379884035472E-16 ) ) ;
#707 = CIRCLE ( 'NONE', #2300, 15.00000000000000000 ) ;
#708 = EDGE_CURVE ( 'NONE', #3824, #1487, #5078, .T. ) ;
#709 = ORIENTED_EDGE ( 'NONE', *, *, #2165, .T. ) ;
#710 = EDGE_LOOP ( 'NONE', ( #5356, #990, #6128, #5366 ) ) ;
#711 = CARTESIAN_POINT ( 'NONE',  ( -115.1197562627543931, 564.0551580663345703, -30.00000000000000000 ) ) ;
#712 = DIRECTION ( 'NONE',  ( 1.000000000000000000, 0.000000000000000000, 0.000000000000000000 ) ) ;
#713 = AXIS2_PLACEMENT_3D ( 'NONE', #514, #2222, #174 ) ;
#714 = CIRCLE ( 'NONE', #6079, 8.500000000000007105 ) ;
#715 = CARTESIAN_POINT ( 'NONE',  ( -117.0000000000000426, 468.0000000000000000, 30.00000000000000000 ) ) ;
#716 = DIRECTION ( 'NONE',  ( 1.000000000000000000, 0.000000000000000000, 0.000000000000000000 ) ) ;
#717 = AXIS2_PLACEMENT_3D ( 'NONE', #3606, #4122, #4185 ) ;
#718 = EDGE_CURVE ( 'NONE', #6466, #1951, #3607, .T. ) ;
#719 = AXIS2_PLACEMENT_3D ( 'NONE', #2273, #5268, #1249 ) ;
#720 = ADVANCED_FACE ( 'NONE', ( #1546 ), #3108, .T. ) ;
#721 = CIRCLE ( 'NONE', #4408, 3.500000000000058620 ) ;
#722 = CARTESIAN_POINT ( 'NONE',  ( -91.99999999999991473, 16.00000000000000000, -100.0000000000000000 ) ) ;
#723 = CARTESIAN_POINT ( 'NONE',  ( 92.00000000000009948, 20.00000000000001421, -100.0000000000000000 ) ) ;
#724 = LINE ( 'NONE', #6217, #907 ) ;
#725 = VERTEX_POINT ( 'NONE', #6026 ) ;
#726 = PLANE ( 'NONE',  #2995 ) ;
#727 = AXIS2_PLACEMENT_3D ( 'NONE', #6421, #1915, #4003 ) ;
#728 = LINE ( 'NONE', #3435, #6151 ) ;
#729 = ADVANCED_FACE ( 'NONE', ( #1582, #1513 ), #1610, .T. ) ;
#730 = ORIENTED_EDGE ( 'NONE', *, *, #3170, .F. ) ;
#731 = CARTESIAN_POINT ( 'NONE',  ( 100.0000000000000995, -11.99999999999998046, 100.0000000000000000 ) ) ;
#732 = CIRCLE ( 'NONE', #3160, 4.000000000000003553 ) ;
#733 = CARTESIAN_POINT ( 'NONE',  ( -125.0000000000000568, 468.0000000000000000, -30.00000000000000000 ) ) ;
#734 = CARTESIAN_POINT ( 'NONE',  ( -91.99999999999990052, 20.00000000000000000, 100.0000000000000000 ) ) ;
#735 = ORIENTED_EDGE ( 'NONE', *, *, #4112, .T. ) ;
#736 = FACE_BOUND ( 'NONE', #176, .T. ) ;
#737 = ORIENTED_EDGE ( 'NONE', *, *, #2885, .F. ) ;
#738 = ORIENTED_EDGE ( 'NONE', *, *, #210, .F. ) ;
#739 = EDGE_CURVE ( 'NONE', #4203, #4361, #6484, .T. ) ;
#740 = FACE_BOUND ( 'NONE', #1068, .T. ) ;
#741 = LINE ( 'NONE', #4833, #2511 ) ;
#742 = ORIENTED_EDGE ( 'NONE', *, *, #2494, .F. ) ;
#743 = FACE_BOUND ( 'NONE', #4999, .T. ) ;
#744 = DIRECTION ( 'NONE',  ( 0.000000000000000000, 0.000000000000000000, -1.000000000000000000 ) ) ;
#745 = ORIENTED_EDGE ( 'NONE', *, *, #2591, .T. ) ;
#746 = ORIENTED_EDGE ( 'NONE', *, *, #4336, .F. ) ;
#747 = LINE ( 'NONE', #226, #5337 ) ;
#748 = CARTESIAN_POINT ( 'NONE',  ( 96.00000000000009948, -11.99999999999997691, -100.0000000000000000 ) ) ;
#749 = EDGE_CURVE ( 'NONE', #4668, #6046, #3539, .T. ) ;
#750 = CYLINDRICAL_SURFACE ( 'NONE', #469, 8.500000000000007105 ) ;
#751 = DIRECTION ( 'NONE',  ( 0.1723803317522496492, 0.9850304671557039704, 0.000000000000000000 ) ) ;
#752 = DIRECTION ( 'NONE',  ( 0.000000000000000000, 0.000000000000000000, 1.000000000000000000 ) ) ;
#753 = CARTESIAN_POINT ( 'NONE',  ( 68.00000000000008527, -15.99999999999997868, -100.0000000000000000 ) ) ;
#754 = CARTESIAN_POINT ( 'NONE',  ( 96.25000000000007105, 465.0000000000000000, 18.00000000000000355 ) ) ;
#755 = ADVANCED_FACE ( 'NONE', ( #3728 ), #3202, .T. ) ;
#756 = ORIENTED_EDGE ( 'NONE', *, *, #260, .F. ) ;
#757 = DIRECTION ( 'NONE',  ( -1.000000000000000000, 0.000000000000000000, 0.000000000000000000 ) ) ;
#758 = EDGE_CURVE ( 'NONE', #772, #2132, #1858, .T. ) ;
#759 = DIRECTION ( 'NONE',  ( -1.000000000000000000, -1.162929597895994043E-16, -6.842277657836020854E-49 ) ) ;
#760 = VERTEX_POINT ( 'NONE', #627 ) ;
#761 = DIRECTION ( 'NONE',  ( 1.968757127242515241E-32, 0.000000000000000000, -1.000000000000000000 ) ) ;
#762 = DIRECTION ( 'NONE',  ( -0.000000000000000000, -0.000000000000000000, -1.000000000000000000 ) ) ;
#763 = DIRECTION ( 'NONE',  ( -1.000000000000000000, -0.000000000000000000, -0.000000000000000000 ) ) ;
#764 = ORIENTED_EDGE ( 'NONE', *, *, #3337, .F. ) ;
#765 = DIRECTION ( 'NONE',  ( -2.775557561562888886E-16, 1.000000000000000000, 0.000000000000000000 ) ) ;
#766 = EDGE_CURVE ( 'NONE', #5610, #4454, #3235, .T. ) ;
#767 = ORIENTED_EDGE ( 'NONE', *, *, #4233, .T. ) ;
#768 = ORIENTED_EDGE ( 'NONE', *, *, #4413, .F. ) ;
#769 = VECTOR ( 'NONE', #2881, 1000.000000000000000 ) ;
#770 = LINE ( 'NONE', #3908, #1361 ) ;
#771 = LINE ( 'NONE', #2789, #4299 ) ;
#772 = VERTEX_POINT ( 'NONE', #5170 ) ;
#773 = VERTEX_POINT ( 'NONE', #2740 ) ;
#774 = VERTEX_POINT ( 'NONE', #3762 ) ;
#775 = CARTESIAN_POINT ( 'NONE',  ( -97.99999999999990052, 20.00000000000001776, 16.25000000000000000 ) ) ;
#776 = VECTOR ( 'NONE', #3923, 1000.000000000000000 ) ;
#777 = FACE_OUTER_BOUND ( 'NONE', #4285, .T. ) ;
#778 = DIRECTION ( 'NONE',  ( 1.968757127242515241E-32, 0.000000000000000000, 1.000000000000000000 ) ) ;
#779 = CARTESIAN_POINT ( 'NONE',  ( 80.00000000000009948, -31.99999999999999289, 79.99999999999998579 ) ) ;
#780 = EDGE_CURVE ( 'NONE', #2846, #4758, #724, .T. ) ;
#781 = DIRECTION ( 'NONE',  ( -0.000000000000000000, -0.000000000000000000, -1.000000000000000000 ) ) ;
#782 = DIRECTION ( 'NONE',  ( -0.1723803317522496770, -0.9850304671557039704, 0.000000000000000000 ) ) ;
#783 = AXIS2_PLACEMENT_3D ( 'NONE', #6031, #1022, #1614 ) ;
#784 = CARTESIAN_POINT ( 'NONE',  ( 115.0000000000000711, 605.0000000000001137, 19.99999999999999645 ) ) ;
#785 = LOCAL_TIME ( 15, 28, 14.00000000000000000, #609 ) ;
#786 = ORIENTED_EDGE ( 'NONE', *, *, #670, .F. ) ;
#787 = DIRECTION ( 'NONE',  ( 0.000000000000000000, 1.000000000000000000, 0.000000000000000000 ) ) ;
#788 = LINE ( 'NONE', #2805, #4582 ) ;
#789 = AXIS2_PLACEMENT_3D ( 'NONE', #1973, #4484, #397 ) ;
#790 = ORIENTED_EDGE ( 'NONE', *, *, #3593, .T. ) ;
#791 = CYLINDRICAL_SURFACE ( 'NONE', #6288, 3.750000000000003553 ) ;
#792 = PLANE ( 'NONE',  #2931 ) ;
#793 = FACE_OUTER_BOUND ( 'NONE', #6401, .T. ) ;
#794 = ORIENTED_EDGE ( 'NONE', *, *, #2052, .F. ) ;
#795 = DIRECTION ( 'NONE',  ( 0.000000000000000000, 0.000000000000000000, -1.000000000000000000 ) ) ;
#796 = DIRECTION ( 'NONE',  ( 1.968757127242515241E-32, 0.000000000000000000, -1.000000000000000000 ) ) ;
#797 = ORIENTED_EDGE ( 'NONE', *, *, #698, .F. ) ;
#798 = EDGE_CURVE ( 'NONE', #474, #2419, #1754, .T. ) ;
#799 = EDGE_CURVE ( 'NONE', #5482, #3193, #5238, .T. ) ;
#800 = DIRECTION ( 'NONE',  ( 0.000000000000000000, 0.000000000000000000, 1.000000000000000000 ) ) ;
#801 = CARTESIAN_POINT ( 'NONE',  ( -63.99999999999990763, 11.99999999999999645, 0.000000000000000000 ) ) ;
#802 = ORIENTED_EDGE ( 'NONE', *, *, #5821, .T. ) ;
#803 = ORIENTED_EDGE ( 'NONE', *, *, #3230, .F. ) ;
#804 = VERTEX_POINT ( 'NONE', #1644 ) ;
#805 = AXIS2_PLACEMENT_3D ( 'NONE', #3668, #6153, #5724 ) ;
#806 = CARTESIAN_POINT ( 'NONE',  ( 96.25000000000007105, 465.0000000000000000, -17.99999999999999645 ) ) ;
#807 = LINE ( 'NONE', #2827, #887 ) ;
#808 = CARTESIAN_POINT ( 'NONE',  ( -97.99999999999990052, 20.00000000000001776, -16.25000000000000000 ) ) ;
#809 = CARTESIAN_POINT ( 'NONE',  ( -95.99999999999988631, -12.00000000000000000, -100.0000000000000000 ) ) ;
#810 = CARTESIAN_POINT ( 'NONE',  ( 123.0000000000000568, 565.4342007203531466, 30.00000000000000000 ) ) ;
#811 = AXIS2_PLACEMENT_3D ( 'NONE', #5994, #982, #3004 ) ;
#812 = AXIS2_PLACEMENT_3D ( 'NONE', #3116, #82, #3514 ) ;
#813 = ADVANCED_FACE ( 'NONE', ( #1214 ), #2242, .F. ) ;
#814 = DIRECTION ( 'NONE',  ( 1.000000000000000000, 0.000000000000000000, -1.968757127242515241E-32 ) ) ;
#815 = DIRECTION ( 'NONE',  ( -1.000000000000000000, 0.000000000000000000, 0.000000000000000000 ) ) ;
#816 = ORIENTED_EDGE ( 'NONE', *, *, #4255, .F. ) ;
#817 = CARTESIAN_POINT ( 'NONE',  ( -80.00000000000009948, -19.99999999999999289, 79.99999999999998579 ) ) ;
#818 = ADVANCED_FACE ( 'NONE', ( #3173 ), #5661, .T. ) ;
#819 = DIRECTION ( 'NONE',  ( 1.968757127242515241E-32, 0.000000000000000000, -1.000000000000000000 ) ) ;
#820 = AXIS2_PLACEMENT_3D ( 'NONE', #1870, #3822, #5269 ) ;
#821 = CIRCLE ( 'NONE', #2517, 8.500000000000007105 ) ;
#822 = CARTESIAN_POINT ( 'NONE',  ( -80.00000000000009948, -31.99999999999999289, -79.99999999999998579 ) ) ;
#823 = CARTESIAN_POINT ( 'NONE',  ( 80.00000000000009948, -19.99999999999999289, 94.99999999999998579 ) ) ;
#824 = AXIS2_PLACEMENT_3D ( 'NONE', #3695, #680, #2700 ) ;
#825 = CARTESIAN_POINT ( 'NONE',  ( -95.99999999999990052, 11.99999999999999645, -95.00000000000000000 ) ) ;
#826 = EDGE_LOOP ( 'NONE', ( #3334, #5333, #3226, #1075 ) ) ;
#827 = DIRECTION ( 'NONE',  ( 0.000000000000000000, 0.000000000000000000, -1.000000000000000000 ) ) ;
#828 = ADVANCED_FACE ( 'NONE', ( #4187 ), #3799, .F. ) ;
#829 = ORIENTED_EDGE ( 'NONE', *, *, #3177, .F. ) ;
#830 = VECTOR ( 'NONE', #1757, 1000.000000000000000 ) ;
#831 = ORIENTED_EDGE ( 'NONE', *, *, #1326, .F. ) ;
#832 = FACE_OUTER_BOUND ( 'NONE', #629, .T. ) ;
#833 = DIRECTION ( 'NONE',  ( 0.000000000000000000, 1.000000000000000000, 0.000000000000000000 ) ) ;
#834 = EDGE_CURVE ( 'NONE', #1427, #773, #702, .T. ) ;
#835 = VECTOR ( 'NONE', #1321, 1000.000000000000000 ) ;
#836 = ORIENTED_EDGE ( 'NONE', *, *, #2806, .F. ) ;
#837 = EDGE_CURVE ( 'NONE', #5730, #2485, #1227, .T. ) ;
#838 = ORIENTED_EDGE ( 'NONE', *, *, #3330, .T. ) ;
#839 = ORIENTED_EDGE ( 'NONE', *, *, #441, .T. ) ;
#840 = CYLINDRICAL_SURFACE ( 'NONE', #3773, 4.000000000000003553 ) ;
#841 = CARTESIAN_POINT ( 'NONE',  ( 80.00000000000009948, -19.99999999999999289, 86.99999999999998579 ) ) ;
#842 = DIRECTION ( 'NONE',  ( 0.000000000000000000, 1.000000000000000000, 0.000000000000000000 ) ) ;
#843 = EDGE_CURVE ( 'NONE', #5054, #4909, #4715, .T. ) ;
#844 = PLANE ( 'NONE',  #4273 ) ;
#845 = FACE_OUTER_BOUND ( 'NONE', #6377, .T. ) ;
#846 = CARTESIAN_POINT ( 'NONE',  ( -91.99999999999990052, -15.99999999999999289, -95.00000000000000000 ) ) ;
#847 = DIRECTION ( 'NONE',  ( 0.000000000000000000, -0.000000000000000000, 1.000000000000000000 ) ) ;
#848 = ORIENTED_EDGE ( 'NONE', *, *, #843, .F. ) ;
#849 = DIRECTION ( 'NONE',  ( 0.000000000000000000, -1.000000000000000000, 0.000000000000000000 ) ) ;
#850 = DIRECTION ( 'NONE',  ( 1.968757127242515241E-32, 0.000000000000000000, -1.000000000000000000 ) ) ;
#851 = LINE ( 'NONE', #1220, #5243 ) ;
#852 = DIRECTION ( 'NONE',  ( -1.000000000000000000, -4.625929269271481969E-16, 0.000000000000000000 ) ) ;
#853 = CARTESIAN_POINT ( 'NONE',  ( -63.75000000000001421, 465.0000000000000000, 18.00000000000000355 ) ) ;
#854 = ORIENTED_EDGE ( 'NONE', *, *, #3797, .F. ) ;
#855 = CARTESIAN_POINT ( 'NONE',  ( -80.00000000000009948, 15.99999999999999645, 79.99999999999998579 ) ) ;
#856 = ORIENTED_EDGE ( 'NONE', *, *, #5780, .F. ) ;
#857 = DIRECTION ( 'NONE',  ( -0.000000000000000000, 0.000000000000000000, -1.000000000000000000 ) ) ;
#858 = ORIENTED_EDGE ( 'NONE', *, *, #5067, .F. ) ;
#859 = EDGE_CURVE ( 'NONE', #2687, #5346, #2498, .T. ) ;
#860 = DIRECTION ( 'NONE',  ( 0.000000000000000000, -1.000000000000000000, 0.000000000000000000 ) ) ;
#861 = DIRECTION ( 'NONE',  ( 1.000000000000000000, 0.000000000000000000, 0.000000000000000000 ) ) ;
#862 = ORIENTED_EDGE ( 'NONE', *, *, #4311, .F. ) ;
#863 = AXIS2_PLACEMENT_3D ( 'NONE', #2782, #795, #3213 ) ;
#864 = ORIENTED_EDGE ( 'NONE', *, *, #4218, .T. ) ;
#865 = EDGE_LOOP ( 'NONE', ( #4982, #5837, #4986, #538 ) ) ;
#866 = EDGE_CURVE ( 'NONE', #6041, #117, #1333, .T. ) ;
#867 = CYLINDRICAL_SURFACE ( 'NONE', #3456, 7.999999999999992895 ) ;
#868 = EDGE_CURVE ( 'NONE', #3193, #3302, #6283, .T. ) ;
#869 = APPROVAL_ROLE ( '' ) ;
#870 = VECTOR ( 'NONE', #6453, 1000.000000000000000 ) ;
#871 = CARTESIAN_POINT ( 'NONE',  ( 64.00000000000009948, -11.99999999999997691, -8.673617379884035472E-16 ) ) ;
#872 = CARTESIAN_POINT ( 'NONE',  ( 63.99999999999990763, 12.00000000000000000, -100.0000000000000000 ) ) ;
#873 = VERTEX_POINT ( 'NONE', #2644 ) ;
#874 = VECTOR ( 'NONE', #3205, 999.9999999999998863 ) ;
#875 = DIRECTION ( 'NONE',  ( -2.387576397043347250E-16, 1.000000000000000000, -1.532218811828647824E-49 ) ) ;
#876 = EDGE_CURVE ( 'NONE', #3778, #3717, #2215, .T. ) ;
#877 = ADVANCED_FACE ( 'NONE', ( #4154 ), #3398, .F. ) ;
#878 = DIRECTION ( 'NONE',  ( 0.000000000000000000, 1.000000000000000000, 0.000000000000000000 ) ) ;
#879 = CARTESIAN_POINT ( 'NONE',  ( 96.00000000000009948, 12.00000000000001599, 8.673617379884035472E-16 ) ) ;
#880 = CIRCLE ( 'NONE', #4679, 6.999999999999992006 ) ;
#881 = ORIENTED_EDGE ( 'NONE', *, *, #4844, .T. ) ;
#882 = DIRECTION ( 'NONE',  ( -0.000000000000000000, -0.000000000000000000, -1.000000000000000000 ) ) ;
#883 = DIRECTION ( 'NONE',  ( -1.000000000000000000, 0.000000000000000000, 0.000000000000000000 ) ) ;
#884 = CYLINDRICAL_SURFACE ( 'NONE', #927, 3.999999999999989786 ) ;
#885 = AXIS2_PLACEMENT_3D ( 'NONE', #2615, #2583, #4624 ) ;
#886 = LINE ( 'NONE', #2843, #1974 ) ;
#887 = VECTOR ( 'NONE', #4841, 1000.000000000000114 ) ;
#888 = CARTESIAN_POINT ( 'NONE',  ( 100.0000000000000995, 20.00000000000001776, -16.24999999999999289 ) ) ;
#889 = ORIENTED_EDGE ( 'NONE', *, *, #682, .F. ) ;
#890 = CARTESIAN_POINT ( 'NONE',  ( -117.0000000000000426, 473.0000000000000568, 30.00000000000000000 ) ) ;
#891 = CARTESIAN_POINT ( 'NONE',  ( -80.00000000000009948, 20.00000000000001421, 71.49999999999998579 ) ) ;
#892 = DIRECTION ( 'NONE',  ( -0.000000000000000000, 0.000000000000000000, 1.000000000000000000 ) ) ;
#893 = AXIS2_PLACEMENT_3D ( 'NONE', #6020, #528, #3534 ) ;
#894 = ORIENTED_EDGE ( 'NONE', *, *, #6054, .T. ) ;
#895 = AXIS2_PLACEMENT_3D ( 'NONE', #779, #2798, #5232 ) ;
#896 = ORIENTED_EDGE ( 'NONE', *, *, #2451, .F. ) ;
#897 = LINE ( 'NONE', #6496, #2668 ) ;
#898 = ORIENTED_EDGE ( 'NONE', *, *, #1685, .F. ) ;
#899 = ADVANCED_FACE ( 'NONE', ( #3823 ), #5395, .T. ) ;
#900 = ORIENTED_EDGE ( 'NONE', *, *, #6509, .F. ) ;
#901 = ORIENTED_EDGE ( 'NONE', *, *, #3898, .T. ) ;
#902 = CARTESIAN_POINT ( 'NONE',  ( 117.0000000000001563, 465.0000000000000568, 30.00000000000000000 ) ) ;
#903 = DIRECTION ( 'NONE',  ( 1.000000000000000000, -0.000000000000000000, -0.000000000000000000 ) ) ;
#904 = CARTESIAN_POINT ( 'NONE',  ( -63.99999999999990763, 11.99999999999999645, 0.000000000000000000 ) ) ;
#905 = EDGE_CURVE ( 'NONE', #4073, #675, #2342, .T. ) ;
#906 = LINE ( 'NONE', #2831, #6259 ) ;
#907 = VECTOR ( 'NONE', #2277, 1000.000000000000000 ) ;
#908 = ORIENTED_EDGE ( 'NONE', *, *, #423, .T. ) ;
#909 = ORIENTED_EDGE ( 'NONE', *, *, #481, .T. ) ;
#910 = PLANE ( 'NONE',  #5128 ) ;
#911 = DIRECTION ( 'NONE',  ( -1.000000000000000000, 0.000000000000000000, 6.844255435263898992E-34 ) ) ;
#912 = CIRCLE ( 'NONE', #5229, 4.000000000000003553 ) ;
#913 = FACE_OUTER_BOUND ( 'NONE', #998, .T. ) ;
#914 = ORIENTED_EDGE ( 'NONE', *, *, #6345, .F. ) ;
#915 = FACE_OUTER_BOUND ( 'NONE', #3217, .T. ) ;
#916 = DIRECTION ( 'NONE',  ( 0.000000000000000000, 0.000000000000000000, -1.000000000000000000 ) ) ;
#917 = EDGE_CURVE ( 'NONE', #371, #2019, #3333, .T. ) ;
#918 = ADVANCED_FACE ( 'NONE', ( #2407 ), #1937, .T. ) ;
#919 = VECTOR ( 'NONE', #5783, 1000.000000000000000 ) ;
#920 = CIRCLE ( 'NONE', #2509, 15.00000000000000000 ) ;
#921 = CYLINDRICAL_SURFACE ( 'NONE', #3465, 4.000000000000003553 ) ;
#922 = DIRECTION ( 'NONE',  ( -1.968757127242515241E-32, 0.000000000000000000, 1.000000000000000000 ) ) ;
#923 = DIRECTION ( 'NONE',  ( 1.000000000000000000, -0.000000000000000000, -0.000000000000000000 ) ) ;
#924 = AXIS2_PLACEMENT_3D ( 'NONE', #2284, #852, #1285 ) ;
#925 = ORIENTED_EDGE ( 'NONE', *, *, #3504, .F. ) ;
#926 = FACE_OUTER_BOUND ( 'NONE', #3453, .T. ) ;
#927 = AXIS2_PLACEMENT_3D ( 'NONE', #4025, #981, #3040 ) ;
#928 = DIRECTION ( 'NONE',  ( 0.000000000000000000, 0.000000000000000000, 1.000000000000000000 ) ) ;
#929 = CARTESIAN_POINT ( 'NONE',  ( 64.00000000000009948, -11.99999999999997691, -100.0000000000000000 ) ) ;
#930 = ADVANCED_FACE ( 'NONE', ( #361 ), #5818, .T. ) ;
#931 = ORIENTED_EDGE ( 'NONE', *, *, #5795, .T. ) ;
#932 = AXIS2_PLACEMENT_3D ( 'NONE', #4153, #5141, #2670 ) ;
#933 = ORIENTED_EDGE ( 'NONE', *, *, #2699, .T. ) ;
#934 = CARTESIAN_POINT ( 'NONE',  ( -122.0000000000000284, 524.3052788474357158, -30.00000000000000000 ) ) ;
#935 = ORIENTED_EDGE ( 'NONE', *, *, #953, .T. ) ;
#936 = CIRCLE ( 'NONE', #2632, 3.750000000000004885 ) ;
#937 = VERTEX_POINT ( 'NONE', #2935 ) ;
#938 = ORIENTED_EDGE ( 'NONE', *, *, #1405, .F. ) ;
#939 = DIRECTION ( 'NONE',  ( 0.000000000000000000, -1.000000000000000000, 0.000000000000000000 ) ) ;
#940 = CIRCLE ( 'NONE', #316, 7.999999999999992895 ) ;
#941 = LINE ( 'NONE', #6109, #1194 ) ;
#942 = CARTESIAN_POINT ( 'NONE',  ( 91.99999999999990052, -15.99999999999999289, -100.0000000000000000 ) ) ;
#943 = ORIENTED_EDGE ( 'NONE', *, *, #548, .F. ) ;
#944 = EDGE_LOOP ( 'NONE', ( #3581, #786 ) ) ;
#945 = CARTESIAN_POINT ( 'NONE',  ( -80.00000000000009948, -31.99999999999999289, -86.99999999999998579 ) ) ;
#946 = EDGE_CURVE ( 'NONE', #1918, #4391, #2916, .T. ) ;
#947 = FACE_OUTER_BOUND ( 'NONE', #4961, .T. ) ;
#948 = DIRECTION ( 'NONE',  ( -0.000000000000000000, -1.000000000000000000, -0.000000000000000000 ) ) ;
#949 = ORIENTED_EDGE ( 'NONE', *, *, #5476, .F. ) ;
#950 = DIRECTION ( 'NONE',  ( -0.000000000000000000, -1.000000000000000000, -0.000000000000000000 ) ) ;
#951 = DIRECTION ( 'NONE',  ( 0.000000000000000000, -1.000000000000000000, 0.000000000000000000 ) ) ;
#952 = CARTESIAN_POINT ( 'NONE',  ( -114.9999999999999858, 603.0000000000003411, 14.99999999999896971 ) ) ;
#953 = EDGE_CURVE ( 'NONE', #341, #526, #427, .T. ) ;
#954 = FACE_BOUND ( 'NONE', #2455, .T. ) ;
#955 = EDGE_CURVE ( 'NONE', #1786, #3324, #4346, .T. ) ;
#956 = LINE ( 'NONE', #5439, #2637 ) ;
#957 = ORIENTED_EDGE ( 'NONE', *, *, #2165, .F. ) ;
#958 = DIRECTION ( 'NONE',  ( -0.000000000000000000, -0.000000000000000000, -1.000000000000000000 ) ) ;
#959 = CARTESIAN_POINT ( 'NONE',  ( -80.00000000000009948, -31.99999999999999289, -79.99999999999998579 ) ) ;
#960 = FACE_OUTER_BOUND ( 'NONE', #5988, .T. ) ;
#961 = EDGE_LOOP ( 'NONE', ( #5975, #3214, #2058, #4814 ) ) ;
#962 = ADVANCED_FACE ( 'NONE', ( #913 ), #2373, .F. ) ;
#963 = ORIENTED_EDGE ( 'NONE', *, *, #2972, .T. ) ;
#964 = CARTESIAN_POINT ( 'NONE',  ( 80.00000000000009948, -19.99999999999999289, 79.99999999999998579 ) ) ;
#965 = VERTEX_POINT ( 'NONE', #332 ) ;
#966 = VERTEX_POINT ( 'NONE', #1871 ) ;
#967 = ORIENTED_EDGE ( 'NONE', *, *, #6231, .F. ) ;
#968 = DIRECTION ( 'NONE',  ( -1.000000000000000000, 0.000000000000000000, 6.844255435263896426E-34 ) ) ;
#969 = CARTESIAN_POINT ( 'NONE',  ( 60.00000000000009237, -16.25000000000088107, 18.00000000000000000 ) ) ;
#970 = CARTESIAN_POINT ( 'NONE',  ( -80.00000000000009948, -31.99999999999999289, -79.99999999999998579 ) ) ;
#971 = ORIENTED_EDGE ( 'NONE', *, *, #2043, .T. ) ;
#972 = ORIENTED_EDGE ( 'NONE', *, *, #3849, .T. ) ;
#973 = LINE ( 'NONE', #1867, #3452 ) ;
#974 = AXIS2_PLACEMENT_3D ( 'NONE', #6129, #637, #2525 ) ;
#975 = CARTESIAN_POINT ( 'NONE',  ( -67.99999999999991473, 19.99999999999999289, -100.0000000000000000 ) ) ;
#976 = EDGE_LOOP ( 'NONE', ( #1707, #5974, #4570, #5742 ) ) ;
#977 = DIRECTION ( 'NONE',  ( 1.000000000000000000, 0.000000000000000000, 0.000000000000000000 ) ) ;
#978 = DIRECTION ( 'NONE',  ( 0.000000000000000000, 0.000000000000000000, -1.000000000000000000 ) ) ;
#979 = AXIS2_PLACEMENT_3D ( 'NONE', #5503, #5080, #12 ) ;
#980 = ADVANCED_FACE ( 'NONE', ( #3368 ), #6340, .T. ) ;
#981 = DIRECTION ( 'NONE',  ( 0.000000000000000000, 0.000000000000000000, -1.000000000000000000 ) ) ;
#982 = DIRECTION ( 'NONE',  ( -1.000000000000000000, 2.775557561562888886E-16, 0.000000000000000000 ) ) ;
#983 = CIRCLE ( 'NONE', #1826, 15.00000000000000000 ) ;
#984 = CARTESIAN_POINT ( 'NONE',  ( 80.00000000000009948, 16.00000000000002487, -79.99999999999998579 ) ) ;
#985 = EDGE_LOOP ( 'NONE', ( #5529, #4658, #5322, #6028 ) ) ;
#986 = DIRECTION ( 'NONE',  ( 0.000000000000000000, 0.000000000000000000, 1.000000000000000000 ) ) ;
#987 = CARTESIAN_POINT ( 'NONE',  ( 92.00000000000009948, 12.00000000000001954, -100.0000000000000000 ) ) ;
#988 = CARTESIAN_POINT ( 'NONE',  ( 80.00000000000009948, -31.99999999999999289, 79.99999999999998579 ) ) ;
#989 = AXIS2_PLACEMENT_3D ( 'NONE', #1737, #3168, #5686 ) ;
#990 = ORIENTED_EDGE ( 'NONE', *, *, #2822, .T. ) ;
#991 = DIRECTION ( 'NONE',  ( -1.000000000000000000, 0.000000000000000000, 0.000000000000000000 ) ) ;
#992 = CIRCLE ( 'NONE', #5315, 7.999999999999992895 ) ;
#993 = VERTEX_POINT ( 'NONE', #1835 ) ;
#994 = CYLINDRICAL_SURFACE ( 'NONE', #3197, 3.750000000000003553 ) ;
#995 = ORIENTED_EDGE ( 'NONE', *, *, #5948, .F. ) ;
#996 = EDGE_CURVE ( 'NONE', #5667, #1487, #6068, .T. ) ;
#997 = EDGE_CURVE ( 'NONE', #2350, #5937, #3134, .T. ) ;
#998 = EDGE_LOOP ( 'NONE', ( #5071, #4768, #5502, #5745 ) ) ;
#999 = CIRCLE ( 'NONE', #4901, 15.00000000000000000 ) ;
#1000 = EDGE_LOOP ( 'NONE', ( #2390, #640, #289, #4387 ) ) ;
#1001 = FACE_BOUND ( 'NONE', #6063, .T. ) ;
#1002 = DIRECTION ( 'NONE',  ( 0.000000000000000000, 0.000000000000000000, 1.000000000000000000 ) ) ;
#1003 = DIRECTION ( 'NONE',  ( -1.224646799147353207E-16, 1.000000000000000000, 0.000000000000000000 ) ) ;
#1004 = LINE ( 'NONE', #1571, #299 ) ;
#1005 = VERTEX_POINT ( 'NONE', #4416 ) ;
#1006 = ORIENTED_EDGE ( 'NONE', *, *, #385, .F. ) ;
#1007 = CARTESIAN_POINT ( 'NONE',  ( -63.74999999999933209, 20.00000000000001776, -19.99999999999999645 ) ) ;
#1008 = PLANE ( 'NONE',  #1979 ) ;
#1009 = VERTEX_POINT ( 'NONE', #4447 ) ;
#1010 = PLANE ( 'NONE',  #1191 ) ;
#1011 = PLANE ( 'NONE',  #3011 ) ;
#1012 = ADVANCED_FACE ( 'NONE', ( #6411 ), #6441, .T. ) ;
#1013 = DIRECTION ( 'NONE',  ( -1.000000000000000000, 0.000000000000000000, 0.000000000000000000 ) ) ;
#1014 = CIRCLE ( 'NONE', #6396, 15.00000000000000000 ) ;
#1016 = AXIS2_PLACEMENT_3D ( 'NONE', #2142, #205, #2177 ) ;
#1015 = DIRECTION ( 'NONE',  ( 1.000000000000000000, 0.000000000000000000, 0.000000000000000000 ) ) ;
#1017 = CARTESIAN_POINT ( 'NONE',  ( 91.99999999999990052, -15.99999999999999289, -95.00000000000000000 ) ) ;
#1018 = EDGE_CURVE ( 'NONE', #6389, #3753, #394, .T. ) ;
#1019 = ORIENTED_EDGE ( 'NONE', *, *, #5378, .T. ) ;
#1020 = CYLINDRICAL_SURFACE ( 'NONE', #5609, 3.750000000000003553 ) ;
#1021 = DIRECTION ( 'NONE',  ( -0.000000000000000000, -1.000000000000000000, -0.000000000000000000 ) ) ;
#1022 = DIRECTION ( 'NONE',  ( -1.968757127242515241E-32, 0.000000000000000000, 1.000000000000000000 ) ) ;
#1023 = AXIS2_PLACEMENT_3D ( 'NONE', #5976, #5839, #4502 ) ;
#1024 = CIRCLE ( 'NONE', #6177, 4.000000000000003553 ) ;
#1025 = ORIENTED_EDGE ( 'NONE', *, *, #4700, .F. ) ;
#1026 = CIRCLE ( 'NONE', #1555, 3.750000000000003553 ) ;
#1027 = VECTOR ( 'NONE', #4324, 1000.000000000000000 ) ;
#1028 = CARTESIAN_POINT ( 'NONE',  ( -80.00000000000009948, -20.00000000000003553, 79.99999999999998579 ) ) ;
#1029 = EDGE_CURVE ( 'NONE', #655, #6133, #55, .T. ) ;
#1030 = EDGE_CURVE ( 'NONE', #5411, #5863, #1122, .T. ) ;
#1031 = ORIENTED_EDGE ( 'NONE', *, *, #3445, .T. ) ;
#1032 = DIRECTION ( 'NONE',  ( 1.000000000000000000, 0.000000000000000000, -0.000000000000000000 ) ) ;
#1033 = ORIENTED_EDGE ( 'NONE', *, *, #4534, .T. ) ;
#1034 = AXIS2_PLACEMENT_3D ( 'NONE', #3562, #588, #129 ) ;
#1035 = AXIS2_PLACEMENT_3D ( 'NONE', #810, #264, #2312 ) ;
#1036 = VECTOR ( 'NONE', #544, 1000.000000000000000 ) ;
#1037 = VERTEX_POINT ( 'NONE', #5584 ) ;
#1038 = ORIENTED_EDGE ( 'NONE', *, *, #420, .T. ) ;
#1039 = ADVANCED_FACE ( 'NONE', ( #4602, #4110 ), #4169, .F. ) ;
#1040 = VECTOR ( 'NONE', #1765, 1000.000000000000000 ) ;
#1041 = EDGE_CURVE ( 'NONE', #773, #117, #5465, .T. ) ;
#1042 = CLOSED_SHELL ( 'NONE', ( #1083, #3740, #4181, #813, #5227, #4105, #2018, #2544, #2965, #2779, #2486, #1988, #4351, #5843, #2735, #3912, #4021, #1670, #5274, #2126, #1039, #5929, #3569, #877, #1209, #3996, #1435 ) ) ;
#1043 = CARTESIAN_POINT ( 'NONE',  ( -91.99999999999990052, 12.00000000000000000, 0.000000000000000000 ) ) ;
#1044 = DIRECTION ( 'NONE',  ( 0.000000000000000000, 0.000000000000000000, -1.000000000000000000 ) ) ;
#1045 = ORIENTED_EDGE ( 'NONE', *, *, #3008, .T. ) ;
#1046 = VERTEX_POINT ( 'NONE', #2631 ) ;
#1047 = AXIS2_PLACEMENT_3D ( 'NONE', #3311, #3210, #4228 ) ;
#1048 = CARTESIAN_POINT ( 'NONE',  ( 80.00000000000009948, -20.00000000000003553, -71.49999999999998579 ) ) ;
#1049 = DIRECTION ( 'NONE',  ( 0.000000000000000000, 0.000000000000000000, -1.000000000000000000 ) ) ;
#1050 = ADVANCED_FACE ( 'NONE', ( #6076 ), #5093, .F. ) ;
#1051 = VERTEX_POINT ( 'NONE', #671 ) ;
#1052 = CARTESIAN_POINT ( 'NONE',  ( -114.9999999999999858, 603.0000000000003411, -18.49999999999997158 ) ) ;
#1053 = DIRECTION ( 'NONE',  ( -1.000000000000000000, 0.000000000000000000, 0.000000000000000000 ) ) ;
#1054 = PLANE ( 'NONE',  #5561 ) ;
#1055 = DIRECTION ( 'NONE',  ( -1.968757127242515241E-32, -0.000000000000000000, -1.000000000000000000 ) ) ;
#1056 = DIRECTION ( 'NONE',  ( 0.000000000000000000, 0.000000000000000000, 1.000000000000000000 ) ) ;
#1057 = ORIENTED_EDGE ( 'NONE', *, *, #5576, .F. ) ;
#1058 = CARTESIAN_POINT ( 'NONE',  ( -80.00000000000009948, -19.99999999999999289, 64.99999999999998579 ) ) ;
#1059 = DIRECTION ( 'NONE',  ( 0.000000000000000000, 0.000000000000000000, -1.000000000000000000 ) ) ;
#1060 = CARTESIAN_POINT ( 'NONE',  ( 80.00000000000009948, 20.00000000000001421, -71.49999999999998579 ) ) ;
#1061 = ORIENTED_EDGE ( 'NONE', *, *, #1467, .F. ) ;
#1062 = DIRECTION ( 'NONE',  ( 5.968940992608368126E-17, -1.000000000000000000, 3.271334946041490653E-50 ) ) ;
#1063 = ORIENTED_EDGE ( 'NONE', *, *, #2219, .T. ) ;
#1064 = CARTESIAN_POINT ( 'NONE',  ( -80.00000000000009948, -31.99999999999999289, 86.99999999999998579 ) ) ;
#1065 = EDGE_LOOP ( 'NONE', ( #5190, #3807, #6032, #1817 ) ) ;
#1066 = EDGE_CURVE ( 'NONE', #6173, #725, #3060, .T. ) ;
#1067 = EDGE_LOOP ( 'NONE', ( #1514, #553, #3586, #3057, #1837, #2759, #5191, #1925 ) ) ;
#1068 = EDGE_LOOP ( 'NONE', ( #3637, #3499 ) ) ;
#1069 = PERSON_AND_ORGANIZATION_ROLE ( 'classification_officer' ) ;
#1070 = DIRECTION ( 'NONE',  ( 2.387576397043347250E-16, -1.000000000000000000, 3.566332975710173193E-48 ) ) ;
#1071 = CYLINDRICAL_SURFACE ( 'NONE', #2787, 15.00000000000000000 ) ;
#1072 = DIRECTION ( 'NONE',  ( -1.000000000000000000, 0.000000000000000000, 0.000000000000000000 ) ) ;
#1073 = EDGE_CURVE ( 'NONE', #3774, #536, #1566, .T. ) ;
#1074 = EDGE_LOOP ( 'NONE', ( #1593, #5060 ) ) ;
#1075 = ORIENTED_EDGE ( 'NONE', *, *, #5149, .T. ) ;
#1076 = DIRECTION ( 'NONE',  ( 6.844255435263898992E-34, 0.000000000000000000, -1.000000000000000000 ) ) ;
#1077 = DIRECTION ( 'NONE',  ( -1.000000000000000000, 0.000000000000000000, 0.000000000000000000 ) ) ;
#1078 = ORIENTED_EDGE ( 'NONE', *, *, #2259, .T. ) ;
#1079 = LINE ( 'NONE', #4578, #1402 ) ;
#1080 = DIRECTION ( 'NONE',  ( 2.387576397043347250E-16, -1.000000000000000000, 3.566332975710173193E-48 ) ) ;
#1081 = VECTOR ( 'NONE', #604, 1000.000000000000000 ) ;
#1082 = ADVANCED_FACE ( 'NONE', ( #2690 ), #4138, .T. ) ;
#1083 = ADVANCED_FACE ( 'NONE', ( #3620 ), #3188, .F. ) ;
#1084 = CARTESIAN_POINT ( 'NONE',  ( -59.99999999999991473, 20.00000000000000711, 16.24999999999999289 ) ) ;
#1085 = DIRECTION ( 'NONE',  ( -0.000000000000000000, -1.000000000000000000, -0.000000000000000000 ) ) ;
#1086 = LINE ( 'NONE', #2478, #6483 ) ;
#1087 = AXIS2_PLACEMENT_3D ( 'NONE', #596, #5051, #4587 ) ;
#1088 = EDGE_LOOP ( 'NONE', ( #4955, #6255, #5800, #3813 ) ) ;
#1089 = DIRECTION ( 'NONE',  ( 1.000000000000000000, 2.220446049250311109E-16, 0.000000000000000000 ) ) ;
#1090 = CARTESIAN_POINT ( 'NONE',  ( 67.99999999999991473, 12.00000000000000000, -95.00000000000000000 ) ) ;
#1091 = ORIENTED_EDGE ( 'NONE', *, *, #5490, .F. ) ;
#1092 = AXIS2_PLACEMENT_3D ( 'NONE', #6276, #683, #4279 ) ;
#1093 = DIRECTION ( 'NONE',  ( 0.000000000000000000, -1.000000000000000000, 0.000000000000000000 ) ) ;
#1094 = EDGE_LOOP ( 'NONE', ( #4750, #1732, #4128, #3830 ) ) ;
#1095 = DIRECTION ( 'NONE',  ( 0.000000000000000000, 7.456161113735056834E-51, 1.000000000000000000 ) ) ;
#1096 = ORIENTED_EDGE ( 'NONE', *, *, #4752, .F. ) ;
#1097 = AXIS2_PLACEMENT_3D ( 'NONE', #3392, #778, #3916 ) ;
#1098 = ORIENTED_EDGE ( 'NONE', *, *, #4663, .F. ) ;
#1099 = EDGE_CURVE ( 'NONE', #2741, #2686, #3594, .T. ) ;
#1100 = VERTEX_POINT ( 'NONE', #4638 ) ;
#1101 = CIRCLE ( 'NONE', #5622, 4.000000000000003553 ) ;
#1102 = VECTOR ( 'NONE', #6242, 1000.000000000000000 ) ;
#1103 = CARTESIAN_POINT ( 'NONE',  ( 117.0000000000001137, 524.3052788474358294, 30.00000000000000000 ) ) ;
#1104 = EDGE_CURVE ( 'NONE', #5019, #2824, #5868, .T. ) ;
#1105 = FACE_OUTER_BOUND ( 'NONE', #1625, .T. ) ;
#1106 = CARTESIAN_POINT ( 'NONE',  ( 122.0449085985330271, 524.4828590047433181, -30.00000000000000000 ) ) ;
#1107 = VECTOR ( 'NONE', #1541, 1000.000000000000000 ) ;
#1108 = VERTEX_POINT ( 'NONE', #2559 ) ;
#1109 = ORIENTED_EDGE ( 'NONE', *, *, #282, .T. ) ;
#1110 = DIRECTION ( 'NONE',  ( -0.1723803317522503709, 0.9850304671557038594, 0.000000000000000000 ) ) ;
#1111 = FACE_OUTER_BOUND ( 'NONE', #4991, .T. ) ;
#1112 = EDGE_CURVE ( 'NONE', #5863, #1865, #2127, .T. ) ;
#1113 = LINE ( 'NONE', #5103, #258 ) ;
#1114 = FACE_OUTER_BOUND ( 'NONE', #1577, .T. ) ;
#1115 = CARTESIAN_POINT ( 'NONE',  ( -80.00000000000009948, -16.00000000000000000, 88.50000000000000000 ) ) ;
#1116 = CARTESIAN_POINT ( 'NONE',  ( -125.0000000000000568, 465.0000000000000000, 30.00000000000000000 ) ) ;
#1117 = DIRECTION ( 'NONE',  ( -1.000000000000000000, -0.000000000000000000, -0.000000000000000000 ) ) ;
#1118 = ORIENTED_EDGE ( 'NONE', *, *, #2416, .F. ) ;
#1119 = DIRECTION ( 'NONE',  ( -1.000000000000000000, 0.000000000000000000, 0.000000000000000000 ) ) ;
#1120 = EDGE_CURVE ( 'NONE', #2595, #1408, #642, .T. ) ;
#1121 = CARTESIAN_POINT ( 'NONE',  ( 123.0000000000000568, 565.4342007203531466, 30.00000000000000000 ) ) ;
#1122 = CIRCLE ( 'NONE', #4813, 1.750000000000001554 ) ;
#1123 = ORIENTED_EDGE ( 'NONE', *, *, #6149, .T. ) ;
#1124 = DESIGN_CONTEXT ( 'detailed design', #3408, 'design' ) ;
#1125 = DIRECTION ( 'NONE',  ( 0.000000000000000000, 1.000000000000000000, 0.000000000000000000 ) ) ;
#1126 = FACE_OUTER_BOUND ( 'NONE', #3940, .T. ) ;
#1127 = APPLICATION_CONTEXT ( 'configuration controlled 3d designs of mechanical parts and assemblies' ) ;
#1128 = CIRCLE ( 'NONE', #5549, 1.750000000000001554 ) ;
#1129 = EDGE_LOOP ( 'NONE', ( #3528, #6412, #1905, #794 ) ) ;
#1130 = CARTESIAN_POINT ( 'NONE',  ( -99.99999999999991473, -12.00000000000000000, 100.0000000000000000 ) ) ;
#1131 = EDGE_CURVE ( 'NONE', #3225, #3686, #3688, .T. ) ;
#1132 = ORIENTED_EDGE ( 'NONE', *, *, #5902, .T. ) ;
#1133 = ORIENTED_EDGE ( 'NONE', *, *, #523, .F. ) ;
#1134 = AXIS2_PLACEMENT_3D ( 'NONE', #6207, #744, #6138 ) ;
#1135 = ORIENTED_EDGE ( 'NONE', *, *, #5616, .T. ) ;
#1136 = CARTESIAN_POINT ( 'NONE',  ( -80.00000000000009948, -31.99999999999999289, 79.99999999999998579 ) ) ;
#1137 = LINE ( 'NONE', #2658, #5206 ) ;
#1138 = VECTOR ( 'NONE', #4755, 1000.000000000000000 ) ;
#1139 = DIRECTION ( 'NONE',  ( 0.000000000000000000, 0.000000000000000000, 1.000000000000000000 ) ) ;
#1140 = ORIENTED_EDGE ( 'NONE', *, *, #4466, .F. ) ;
#1141 = ORIENTED_EDGE ( 'NONE', *, *, #6187, .T. ) ;
#1142 = DIRECTION ( 'NONE',  ( -1.000000000000000000, 0.000000000000000000, 0.000000000000000000 ) ) ;
#1143 = VECTOR ( 'NONE', #28, 1000.000000000000000 ) ;
#1144 = DIRECTION ( 'NONE',  ( 0.000000000000000000, 1.000000000000000000, 0.000000000000000000 ) ) ;
#1145 = DIRECTION ( 'NONE',  ( -1.000000000000000000, 0.000000000000000000, 0.000000000000000000 ) ) ;
#1146 = LINE ( 'NONE', #4314, #2800 ) ;
#1147 = AXIS2_PLACEMENT_3D ( 'NONE', #2582, #3078, #564 ) ;
#1148 = EDGE_CURVE ( 'NONE', #5514, #3416, #5645, .T. ) ;
#1149 = CARTESIAN_POINT ( 'NONE',  ( 80.00000000000009948, 16.25000000000002132, -18.00000000000000355 ) ) ;
#1150 = DIRECTION ( 'NONE',  ( -0.000000000000000000, 0.000000000000000000, -1.000000000000000000 ) ) ;
#1151 = DIRECTION ( 'NONE',  ( 1.000000000000000000, 0.000000000000000000, -0.000000000000000000 ) ) ;
#1152 = CIRCLE ( 'NONE', #4846, 8.500000000000007105 ) ;
#1153 = ORIENTED_EDGE ( 'NONE', *, *, #4098, .F. ) ;
#1154 = DIRECTION ( 'NONE',  ( 1.224646799147353207E-16, -1.000000000000000000, 7.495956825746694590E-50 ) ) ;
#1155 = LINE ( 'NONE', #138, #3424 ) ;
#1156 = ORIENTED_EDGE ( 'NONE', *, *, #2226, .T. ) ;
#1157 = EDGE_CURVE ( 'NONE', #350, #3686, #721, .T. ) ;
#1158 = DIRECTION ( 'NONE',  ( -0.000000000000000000, 0.000000000000000000, -1.000000000000000000 ) ) ;
#1159 = DIRECTION ( 'NONE',  ( -1.000000000000000000, 0.000000000000000000, 0.000000000000000000 ) ) ;
#1160 = VERTEX_POINT ( 'NONE', #2161 ) ;
#1161 = CYLINDRICAL_SURFACE ( 'NONE', #2026, 8.500000000000007105 ) ;
#1162 = ORIENTED_EDGE ( 'NONE', *, *, #4493, .F. ) ;
#1163 = ORIENTED_EDGE ( 'NONE', *, *, #6329, .F. ) ;
#1164 = EDGE_CURVE ( 'NONE', #3754, #3764, #5679, .T. ) ;
#1165 = ORIENTED_EDGE ( 'NONE', *, *, #623, .F. ) ;
#1166 = DIRECTION ( 'NONE',  ( 0.000000000000000000, 0.000000000000000000, -1.000000000000000000 ) ) ;
#1167 = DIRECTION ( 'NONE',  ( -1.000000000000000000, -5.968940992608368126E-17, -3.421138828918010427E-49 ) ) ;
#1168 = FACE_OUTER_BOUND ( 'NONE', #5466, .T. ) ;
#1169 = ORIENTED_EDGE ( 'NONE', *, *, #1750, .T. ) ;
#1170 = ORIENTED_EDGE ( 'NONE', *, *, #3230, .T. ) ;
#1171 = LINE ( 'NONE', #3195, #4924 ) ;
#1172 = LINE ( 'NONE', #4575, #4201 ) ;
#1173 = DIRECTION ( 'NONE',  ( 0.000000000000000000, -1.000000000000000000, 0.000000000000000000 ) ) ;
#1174 = CARTESIAN_POINT ( 'NONE',  ( 125.0000000000001705, 603.0000000000003411, -18.49999999999997158 ) ) ;
#1175 = DIRECTION ( 'NONE',  ( 0.000000000000000000, 1.000000000000000000, 0.000000000000000000 ) ) ;
#1176 = DIRECTION ( 'NONE',  ( -1.000000000000000000, -2.220446049250311109E-16, 0.000000000000000000 ) ) ;
#1177 = DIRECTION ( 'NONE',  ( 0.000000000000000000, 0.000000000000000000, -1.000000000000000000 ) ) ;
#1178 = VERTEX_POINT ( 'NONE', #6327 ) ;
#1179 = CARTESIAN_POINT ( 'NONE',  ( -124.8802437372456353, 525.6843215014537236, 30.00000000000000000 ) ) ;
#1180 = EDGE_CURVE ( 'NONE', #3096, #3702, #5256, .T. ) ;
#1181 = LINE ( 'NONE', #4190, #3224 ) ;
#1182 = VECTOR ( 'NONE', #1990, 1000.000000000000000 ) ;
#1183 = VERTEX_POINT ( 'NONE', #2329 ) ;
#1184 = DIRECTION ( 'NONE',  ( 0.000000000000000000, 0.000000000000000000, 1.000000000000000000 ) ) ;
#1185 = AXIS2_PLACEMENT_3D ( 'NONE', #4063, #1482, #3576 ) ;
#1186 = DIRECTION ( 'NONE',  ( 0.000000000000000000, 0.000000000000000000, -1.000000000000000000 ) ) ;
#1187 = ORIENTED_EDGE ( 'NONE', *, *, #6397, .T. ) ;
#1188 = CARTESIAN_POINT ( 'NONE',  ( -95.99999999999988631, -12.00000000000000000, -95.00000000000000000 ) ) ;
#1189 = EDGE_CURVE ( 'NONE', #1560, #5983, #4733, .T. ) ;
#1190 = EDGE_LOOP ( 'NONE', ( #3839, #1057, #1621, #6104 ) ) ;
#1191 = AXIS2_PLACEMENT_3D ( 'NONE', #4055, #6052, #3565 ) ;
#1192 = ORIENTED_EDGE ( 'NONE', *, *, #139, .F. ) ;
#1193 = ORIENTED_EDGE ( 'NONE', *, *, #3911, .T. ) ;
#1194 = VECTOR ( 'NONE', #3457, 1000.000000000000000 ) ;
#1195 = LINE ( 'NONE', #1266, #1316 ) ;
#1196 = ORIENTED_EDGE ( 'NONE', *, *, #3552, .F. ) ;
#1197 = FACE_BOUND ( 'NONE', #5258, .T. ) ;
#1198 = EDGE_CURVE ( 'NONE', #2613, #1201, #6383, .T. ) ;
#1199 = EDGE_CURVE ( 'NONE', #3764, #1786, #4186, .T. ) ;
#1200 = DIRECTION ( 'NONE',  ( -1.000000000000000000, 0.000000000000000000, 0.000000000000000000 ) ) ;
#1201 = VERTEX_POINT ( 'NONE', #2229 ) ;
#1202 = AXIS2_PLACEMENT_3D ( 'NONE', #904, #1303, #1862 ) ;
#1203 = ORIENTED_EDGE ( 'NONE', *, *, #4382, .T. ) ;
#1204 = AXIS2_PLACEMENT_3D ( 'NONE', #2796, #5784, #712 ) ;
#1205 = FACE_OUTER_BOUND ( 'NONE', #1129, .T. ) ;
#1206 = CARTESIAN_POINT ( 'NONE',  ( 125.0000000000001705, 603.0000000000003411, -14.99999999999996447 ) ) ;
#1207 = VECTOR ( 'NONE', #2450, 1000.000000000000000 ) ;
#1208 = CARTESIAN_POINT ( 'NONE',  ( -117.0000000000000142, 524.3052788474357158, 30.00000000000000000 ) ) ;
#1209 = ADVANCED_FACE ( 'NONE', ( #5352 ), #2755, .F. ) ;
#1210 = DIRECTION ( 'NONE',  ( -0.1723803317522496770, -0.9850304671557039704, 0.000000000000000000 ) ) ;
#1211 = CARTESIAN_POINT ( 'NONE',  ( -115.1197562627543931, 564.0551580663345703, 30.00000000000000000 ) ) ;
#1212 = VECTOR ( 'NONE', #5822, 1000.000000000000000 ) ;
#1213 = FACE_OUTER_BOUND ( 'NONE', #5823, .T. ) ;
#1214 = FACE_OUTER_BOUND ( 'NONE', #2447, .T. ) ;
#1215 = ORIENTED_EDGE ( 'NONE', *, *, #3584, .T. ) ;
#1216 = PLANE ( 'NONE',  #2143 ) ;
#1217 = CARTESIAN_POINT ( 'NONE',  ( -114.9999999999999858, 603.0000000000003411, -14.99999999999996447 ) ) ;
#1218 = EDGE_CURVE ( 'NONE', #3164, #3648, #741, .T. ) ;
#1219 = VERTEX_POINT ( 'NONE', #4234 ) ;
#1220 = CARTESIAN_POINT ( 'NONE',  ( 125.0000000000001421, 524.3052788474358294, 30.00000000000000000 ) ) ;
#1221 = EDGE_CURVE ( 'NONE', #2429, #4942, #2721, .T. ) ;
#1222 = LINE ( 'NONE', #2184, #4928 ) ;
#1223 = DIRECTION ( 'NONE',  ( -1.000000000000000000, 0.000000000000000000, 0.000000000000000000 ) ) ;
#1224 = ORIENTED_EDGE ( 'NONE', *, *, #2923, .T. ) ;
#1225 = FACE_OUTER_BOUND ( 'NONE', #4116, .T. ) ;
#1226 = ORIENTED_EDGE ( 'NONE', *, *, #1509, .T. ) ;
#1227 = CIRCLE ( 'NONE', #2181, 8.000000000000007105 ) ;
#1228 = ORIENTED_EDGE ( 'NONE', *, *, #4867, .T. ) ;
#1229 = ADVANCED_FACE ( 'NONE', ( #3841, #2852, #3812 ), #6233, .F. ) ;
#1230 = EDGE_CURVE ( 'NONE', #1688, #5482, #771, .T. ) ;
#1231 = VECTOR ( 'NONE', #128, 1000.000000000000000 ) ;
#1232 = CARTESIAN_POINT ( 'NONE',  ( -80.00000000000009948, -31.99999999999999289, 79.99999999999998579 ) ) ;
#1233 = DIRECTION ( 'NONE',  ( 0.000000000000000000, 0.000000000000000000, -1.000000000000000000 ) ) ;
#1234 = VERTEX_POINT ( 'NONE', #6266 ) ;
#1235 = DIRECTION ( 'NONE',  ( 1.000000000000000000, 0.000000000000000000, 0.000000000000000000 ) ) ;
#1236 = CARTESIAN_POINT ( 'NONE',  ( 80.00000000000009948, -31.99999999999999289, 73.00000000000000000 ) ) ;
#1237 = AXIS2_PLACEMENT_3D ( 'NONE', #2730, #2204, #1271 ) ;
#1238 = AXIS2_PLACEMENT_3D ( 'NONE', #144, #5541, #5016 ) ;
#1239 = ORIENTED_EDGE ( 'NONE', *, *, #2744, .F. ) ;
#1240 = ORIENTED_EDGE ( 'NONE', *, *, #2948, .F. ) ;
#1241 = EDGE_CURVE ( 'NONE', #6435, #4690, #2819, .T. ) ;
#1242 = DIRECTION ( 'NONE',  ( -0.1723803317522496770, -0.9850304671557039704, 0.000000000000000000 ) ) ;
#1243 = EDGE_CURVE ( 'NONE', #1264, #1051, #5707, .T. ) ;
#1244 = DIRECTION ( 'NONE',  ( -1.000000000000000000, -1.224646799147353207E-16, 0.000000000000000000 ) ) ;
#1245 = CIRCLE ( 'NONE', #3039, 6.999999999999992006 ) ;
#1246 = CARTESIAN_POINT ( 'NONE',  ( 60.00000000000006395, 465.0000000000000000, 16.24999999999999289 ) ) ;
#1247 = CARTESIAN_POINT ( 'NONE',  ( -118.0000000000000000, 615.0000000000001137, 30.00000000000000000 ) ) ;
#1248 = VECTOR ( 'NONE', #1833, 1000.000000000000000 ) ;
#1249 = DIRECTION ( 'NONE',  ( 0.000000000000000000, 0.000000000000000000, -1.000000000000000000 ) ) ;
#1250 = EDGE_CURVE ( 'NONE', #3744, #6058, #1195, .T. ) ;
#1251 = FACE_OUTER_BOUND ( 'NONE', #1094, .T. ) ;
#1252 = DIRECTION ( 'NONE',  ( 0.000000000000000000, -1.000000000000000000, 0.000000000000000000 ) ) ;
#1253 = ORIENTED_EDGE ( 'NONE', *, *, #3631, .F. ) ;
#1254 = CARTESIAN_POINT ( 'NONE',  ( 118.0000000000000711, 603.0000000000003411, -14.99999999999996447 ) ) ;
#1255 = CARTESIAN_POINT ( 'NONE',  ( -118.0000000000000000, 615.0000000000001137, -30.00000000000000000 ) ) ;
#1256 = EDGE_LOOP ( 'NONE', ( #1900, #6430, #170, #1796 ) ) ;
#1257 = CARTESIAN_POINT ( 'NONE',  ( -80.00000000000009948, -19.99999999999999289, 73.00000000000000000 ) ) ;
#1258 = VECTOR ( 'NONE', #3806, 1000.000000000000000 ) ;
#1259 = DIRECTION ( 'NONE',  ( 0.000000000000000000, 1.000000000000000000, 0.000000000000000000 ) ) ;
#1260 = DIRECTION ( 'NONE',  ( -1.000000000000000000, -0.000000000000000000, -0.000000000000000000 ) ) ;
#1261 = ORIENTED_EDGE ( 'NONE', *, *, #4574, .F. ) ;
#1262 = CARTESIAN_POINT ( 'NONE',  ( -114.9999999999999858, 615.0000000000001137, 30.00000000000000000 ) ) ;
#1263 = DIRECTION ( 'NONE',  ( 1.000000000000000000, 0.000000000000000000, 0.000000000000000000 ) ) ;
#1264 = VERTEX_POINT ( 'NONE', #3220 ) ;
#1265 = DIRECTION ( 'NONE',  ( 0.000000000000000000, 0.000000000000000000, -1.000000000000000000 ) ) ;
#1266 = CARTESIAN_POINT ( 'NONE',  ( 67.99999999999990052, -16.00000000000000000, -100.0000000000000000 ) ) ;
#1267 = VERTEX_POINT ( 'NONE', #5777 ) ;
#1268 = ADVANCED_FACE ( 'NONE', ( #5741 ), #3256, .F. ) ;
#1269 = ORIENTED_EDGE ( 'NONE', *, *, #718, .F. ) ;
#1270 = ORIENTED_EDGE ( 'NONE', *, *, #2406, .T. ) ;
#1271 = DIRECTION ( 'NONE',  ( 0.000000000000000000, -0.000000000000000000, 1.000000000000000000 ) ) ;
#1272 = CARTESIAN_POINT ( 'NONE',  ( 118.0000000000000711, 615.0000000000001137, -19.99999999999999645 ) ) ;
#1273 = LINE ( 'NONE', #1246, #5613 ) ;
#1274 = CARTESIAN_POINT ( 'NONE',  ( 80.00000000000009948, -16.24999999999997868, -20.00000000000000000 ) ) ;
#1275 = DIRECTION ( 'NONE',  ( -1.000000000000000000, -2.891205793294677833E-16, -0.000000000000000000 ) ) ;
#1276 = CARTESIAN_POINT ( 'NONE',  ( 80.00000000000009948, -20.00000000000003553, 79.99999999999998579 ) ) ;
#1277 = DIRECTION ( 'NONE',  ( 1.000000000000000000, 1.162929597895994043E-16, 5.473822126268816683E-48 ) ) ;
#1278 = VERTEX_POINT ( 'NONE', #4764 ) ;
#1279 = DIRECTION ( 'NONE',  ( 1.968757127242515241E-32, 0.000000000000000000, -1.000000000000000000 ) ) ;
#1280 = DIRECTION ( 'NONE',  ( 0.000000000000000000, 1.000000000000000000, 0.000000000000000000 ) ) ;
#1281 = ADVANCED_FACE ( 'NONE', ( #3289 ), #5285, .F. ) ;
#1282 = EDGE_CURVE ( 'NONE', #1743, #1009, #5320, .T. ) ;
#1283 = VERTEX_POINT ( 'NONE', #3486 ) ;
#1284 = DIRECTION ( 'NONE',  ( 0.000000000000000000, -1.000000000000000000, 0.000000000000000000 ) ) ;
#1285 = DIRECTION ( 'NONE',  ( 4.625929269271481969E-16, -1.000000000000000000, 0.000000000000000000 ) ) ;
#1286 = FACE_BOUND ( 'NONE', #4096, .T. ) ;
#1287 = ORIENTED_EDGE ( 'NONE', *, *, #3270, .F. ) ;
#1288 = LINE ( 'NONE', #2683, #5182 ) ;
#1289 = ORIENTED_EDGE ( 'NONE', *, *, #2859, .T. ) ;
#1290 = ORIENTED_EDGE ( 'NONE', *, *, #1282, .F. ) ;
#1291 = CIRCLE ( 'NONE', #4035, 15.00000000000000000 ) ;
#1292 = CARTESIAN_POINT ( 'NONE',  ( 92.00000000000009948, -19.99999999999997868, -100.0000000000000000 ) ) ;
#1293 = DIRECTION ( 'NONE',  ( 1.000000000000000000, -4.625929269271477039E-16, 0.000000000000000000 ) ) ;
#1294 = EDGE_LOOP ( 'NONE', ( #1634, #1006, #3383, #3721 ) ) ;
#1295 = AXIS2_PLACEMENT_3D ( 'NONE', #1708, #4717, #5272 ) ;
#1296 = PRODUCT_RELATED_PRODUCT_CATEGORY ( 'detail', '', ( #1431 ) ) ;
#1297 = ORIENTED_EDGE ( 'NONE', *, *, #3573, .F. ) ;
#1298 = EDGE_LOOP ( 'NONE', ( #6112, #3669, #658, #5381 ) ) ;
#1299 = DIRECTION ( 'NONE',  ( 1.000000000000000000, -0.000000000000000000, -0.000000000000000000 ) ) ;
#1300 = AXIS2_PLACEMENT_3D ( 'NONE', #2938, #2441, #3400 ) ;
#1301 = EDGE_CURVE ( 'NONE', #1369, #1278, #5954, .T. ) ;
#1302 = LINE ( 'NONE', #1735, #2586 ) ;
#1303 = DIRECTION ( 'NONE',  ( -1.000000000000000000, 0.000000000000000000, -6.844255435263898992E-34 ) ) ;
#1304 = DIRECTION ( 'NONE',  ( 0.000000000000000000, 0.000000000000000000, 1.000000000000000000 ) ) ;
#1305 = AXIS2_PLACEMENT_3D ( 'NONE', #5487, #3061, #4964 ) ;
#1306 = CC_DESIGN_SECURITY_CLASSIFICATION ( #5934, ( #678 ) ) ;
#1307 = CARTESIAN_POINT ( 'NONE',  ( 80.00000000000009948, -17.99999999999998224, -16.25000000000000000 ) ) ;
#1308 = ADVANCED_FACE ( 'NONE', ( #5899 ), #994, .T. ) ;
#1309 = CARTESIAN_POINT ( 'NONE',  ( 68.00000000000009948, -19.99999999999997158, 100.0000000000000000 ) ) ;
#1310 = VECTOR ( 'NONE', #2048, 1000.000000000000000 ) ;
#1311 = DIRECTION ( 'NONE',  ( 0.000000000000000000, -1.000000000000000000, 0.000000000000000000 ) ) ;
#1312 = EDGE_LOOP ( 'NONE', ( #638, #4643, #3800, #5838 ) ) ;
#1313 = LINE ( 'NONE', #334, #4676 ) ;
#1314 = DIRECTION ( 'NONE',  ( -0.000000000000000000, -0.000000000000000000, -1.000000000000000000 ) ) ;
#1315 = CIRCLE ( 'NONE', #4797, 3.500000000000003109 ) ;
#1316 = VECTOR ( 'NONE', #3746, 1000.000000000000000 ) ;
#1317 = ORIENTED_EDGE ( 'NONE', *, *, #2280, .F. ) ;
#1318 = CARTESIAN_POINT ( 'NONE',  ( -114.9999999999999858, 605.0000000000001137, -19.99999999999999645 ) ) ;
#1319 = PLANE ( 'NONE',  #2620 ) ;
#1320 = EDGE_CURVE ( 'NONE', #3720, #5453, #3939, .T. ) ;
#1321 = DIRECTION ( 'NONE',  ( -4.625929269271481969E-16, 1.000000000000000000, 0.000000000000000000 ) ) ;
#1322 = ORIENTED_EDGE ( 'NONE', *, *, #2309, .F. ) ;
#1323 = LINE ( 'NONE', #1188, #1393 ) ;
#1324 = CARTESIAN_POINT ( 'NONE',  ( 60.00000000000010658, -11.99999999999997868, 100.0000000000000000 ) ) ;
#1325 = ORIENTED_EDGE ( 'NONE', *, *, #6329, .T. ) ;
#1326 = EDGE_CURVE ( 'NONE', #6174, #442, #4139, .T. ) ;
#1327 = DIRECTION ( 'NONE',  ( 1.000000000000000000, 0.000000000000000000, 0.000000000000000000 ) ) ;
#1328 = CARTESIAN_POINT ( 'NONE',  ( -117.0000000000000426, 473.0000000000000568, 30.00000000000000000 ) ) ;
#1329 = EDGE_LOOP ( 'NONE', ( #2383, #2354, #4697, #2282 ) ) ;
#1330 = ORIENTED_EDGE ( 'NONE', *, *, #2697, .F. ) ;
#1331 = VECTOR ( 'NONE', #3331, 1000.000000000000000 ) ;
#1332 = ORIENTED_EDGE ( 'NONE', *, *, #1530, .T. ) ;
#1333 = CIRCLE ( 'NONE', #3871, 6.999999999999992006 ) ;
#1334 = CARTESIAN_POINT ( 'NONE',  ( -67.99999999999991473, -20.00000000000000000, -100.0000000000000000 ) ) ;
#1335 = DIRECTION ( 'NONE',  ( 0.000000000000000000, 0.000000000000000000, -1.000000000000000000 ) ) ;
#1336 = AXIS2_PLACEMENT_3D ( 'NONE', #4406, #939, #1926 ) ;
#1337 = FACE_OUTER_BOUND ( 'NONE', #483, .T. ) ;
#1338 = AXIS2_PLACEMENT_3D ( 'NONE', #4540, #4569, #482 ) ;
#1339 = DIRECTION ( 'NONE',  ( -2.387576397043347250E-16, 1.000000000000000000, -3.566332975710173193E-48 ) ) ;
#1340 = DIRECTION ( 'NONE',  ( -0.9850304671557014169, 0.1723803317522635548, 0.000000000000000000 ) ) ;
#1341 = CIRCLE ( 'NONE', #5030, 6.999999999999992006 ) ;
#1342 = VECTOR ( 'NONE', #6237, 1000.000000000000000 ) ;
#1343 = DIRECTION ( 'NONE',  ( 0.000000000000000000, 0.000000000000000000, -1.000000000000000000 ) ) ;
#1344 = DIRECTION ( 'NONE',  ( -1.000000000000000000, -2.387576397043347250E-16, 0.000000000000000000 ) ) ;
#1345 = VERTEX_POINT ( 'NONE', #5481 ) ;
#1346 = CARTESIAN_POINT ( 'NONE',  ( -118.0748476642215081, 564.5722990615913659, -30.00000000000000000 ) ) ;
#1347 = FACE_OUTER_BOUND ( 'NONE', #1355, .T. ) ;
#1348 = VECTOR ( 'NONE', #4446, 1000.000000000000000 ) ;
#1349 = AXIS2_PLACEMENT_3D ( 'NONE', #2703, #2642, #6091 ) ;
#1350 = ADVANCED_FACE ( 'NONE', ( #1919 ), #5932, .F. ) ;
#1351 = DIRECTION ( 'NONE',  ( 2.387576397043347250E-16, -1.000000000000000000, 3.566332975710173193E-48 ) ) ;
#1352 = CARTESIAN_POINT ( 'NONE',  ( -59.99999999999991473, -16.24999999999999645, -18.00000000000000355 ) ) ;
#1353 = VECTOR ( 'NONE', #1144, 1000.000000000000000 ) ;
#1354 = DIRECTION ( 'NONE',  ( 1.000000000000000000, -0.000000000000000000, -0.000000000000000000 ) ) ;
#1355 = EDGE_LOOP ( 'NONE', ( #477, #395, #4238, #2424 ) ) ;
#1356 = CARTESIAN_POINT ( 'NONE',  ( 122.0000000000001705, 473.0000000000001137, -30.00000000000000000 ) ) ;
#1357 = EDGE_LOOP ( 'NONE', ( #428, #4468, #709, #4702 ) ) ;
#1358 = DIRECTION ( 'NONE',  ( -1.000000000000000000, 0.000000000000000000, 0.000000000000000000 ) ) ;
#1359 = EDGE_CURVE ( 'NONE', #3649, #274, #897, .T. ) ;
#1360 = EDGE_CURVE ( 'NONE', #3164, #1547, #2138, .T. ) ;
#1361 = VECTOR ( 'NONE', #3811, 1000.000000000000000 ) ;
#1362 = ORIENTED_EDGE ( 'NONE', *, *, #4869, .F. ) ;
#1363 = CARTESIAN_POINT ( 'NONE',  ( -91.99999999999990052, -19.99999999999999289, 100.0000000000000000 ) ) ;
#1364 = DIRECTION ( 'NONE',  ( 0.000000000000000000, -1.000000000000000000, 0.000000000000000000 ) ) ;
#1365 = VERTEX_POINT ( 'NONE', #934 ) ;
#1366 = EDGE_CURVE ( 'NONE', #6360, #6424, #6334, .T. ) ;
#1367 = EDGE_CURVE ( 'NONE', #3709, #5175, #2983, .T. ) ;
#1368 = ORIENTED_EDGE ( 'NONE', *, *, #6070, .T. ) ;
#1369 = VERTEX_POINT ( 'NONE', #5020 ) ;
#1370 = CYLINDRICAL_SURFACE ( 'NONE', #5965, 7.999999999999992895 ) ;
#1371 = DIRECTION ( 'NONE',  ( 1.000000000000000000, 0.000000000000000000, 0.000000000000000000 ) ) ;
#1372 = CARTESIAN_POINT ( 'NONE',  ( 115.0000000000000711, 615.0000000000001137, 19.99999999999999645 ) ) ;
#1373 = ORIENTED_EDGE ( 'NONE', *, *, #3545, .T. ) ;
#1374 = DIRECTION ( 'NONE',  ( -0.000000000000000000, 1.000000000000000000, -0.000000000000000000 ) ) ;
#1375 = LINE ( 'NONE', #975, #2514 ) ;
#1376 = DIRECTION ( 'NONE',  ( 0.000000000000000000, 1.000000000000000000, 0.000000000000000000 ) ) ;
#1377 = ORIENTED_EDGE ( 'NONE', *, *, #6312, .T. ) ;
#1378 = CARTESIAN_POINT ( 'NONE',  ( 117.0000000000001563, 468.0000000000000568, 30.00000000000000000 ) ) ;
#1379 = DIRECTION ( 'NONE',  ( 0.000000000000000000, -1.000000000000000000, 0.000000000000000000 ) ) ;
#1380 = FACE_OUTER_BOUND ( 'NONE', #1763, .T. ) ;
#1381 = DIRECTION ( 'NONE',  ( 1.224646799147353207E-16, -1.000000000000000000, 0.000000000000000000 ) ) ;
#1382 = CARTESIAN_POINT ( 'NONE',  ( 80.00000000000009948, -19.99999999999999289, 79.99999999999998579 ) ) ;
#1383 = EDGE_CURVE ( 'NONE', #4207, #5897, #2246, .T. ) ;
#1384 = ORIENTED_EDGE ( 'NONE', *, *, #4836, .T. ) ;
#1385 = FACE_OUTER_BOUND ( 'NONE', #2557, .T. ) ;
#1386 = CYLINDRICAL_SURFACE ( 'NONE', #3890, 5.000000000000004441 ) ;
#1387 = FACE_OUTER_BOUND ( 'NONE', #5738, .T. ) ;
#1388 = ORIENTED_EDGE ( 'NONE', *, *, #6164, .F. ) ;
#1389 = EDGE_CURVE ( 'NONE', #2564, #339, #5705, .T. ) ;
#1390 = ORIENTED_EDGE ( 'NONE', *, *, #5981, .T. ) ;
#1391 = FACE_OUTER_BOUND ( 'NONE', #5706, .T. ) ;
#1392 = ORIENTED_EDGE ( 'NONE', *, *, #2008, .T. ) ;
#1393 = VECTOR ( 'NONE', #4691, 1000.000000000000000 ) ;
#1394 = ORIENTED_EDGE ( 'NONE', *, *, #632, .F. ) ;
#1395 = ORIENTED_EDGE ( 'NONE', *, *, #4810, .F. ) ;
#1396 = CARTESIAN_POINT ( 'NONE',  ( 92.00000000000009948, -11.99999999999998046, 0.000000000000000000 ) ) ;
#1397 = EDGE_CURVE ( 'NONE', #2686, #3096, #4985, .T. ) ;
#1398 = EDGE_CURVE ( 'NONE', #3526, #4358, #4008, .T. ) ;
#1399 = CARTESIAN_POINT ( 'NONE',  ( 96.25000000000009948, 20.00000000000001776, 16.24999999999999289 ) ) ;
#1400 = DIRECTION ( 'NONE',  ( 0.000000000000000000, -7.456161113735056834E-51, -1.000000000000000000 ) ) ;
#1401 = ORIENTED_EDGE ( 'NONE', *, *, #5028, .F. ) ;
#1402 = VECTOR ( 'NONE', #3992, 1000.000000000000000 ) ;
#1403 = CARTESIAN_POINT ( 'NONE',  ( 63.75000000000009948, 20.00000000000001776, 16.24999999999999289 ) ) ;
#1404 = CARTESIAN_POINT ( 'NONE',  ( 80.00000000000011369, 20.00000000000001776, 16.24999999999999289 ) ) ;
#1405 = EDGE_CURVE ( 'NONE', #6042, #5155, #4364, .T. ) ;
#1406 = CARTESIAN_POINT ( 'NONE',  ( -80.00000000000009948, -20.00000000000003553, -79.99999999999998579 ) ) ;
#1407 = VECTOR ( 'NONE', #2532, 1000.000000000000000 ) ;
#1408 = VERTEX_POINT ( 'NONE', #6005 ) ;
#1409 = DIRECTION ( 'NONE',  ( 0.9850304671557014169, -0.1723803317522635548, 0.000000000000000000 ) ) ;
#1410 = DIRECTION ( 'NONE',  ( 2.387576397043347250E-16, -1.000000000000000000, 3.566332975710173193E-48 ) ) ;
#1411 = DIRECTION ( 'NONE',  ( 1.000000000000000000, 0.000000000000000000, 0.000000000000000000 ) ) ;
#1412 = AXIS2_PLACEMENT_3D ( 'NONE', #1121, #657, #6061 ) ;
#1413 = FACE_OUTER_BOUND ( 'NONE', #2122, .T. ) ;
#1414 = APPROVAL_PERSON_ORGANIZATION ( #2462, #6090, #869 ) ;
#1415 = CARTESIAN_POINT ( 'NONE',  ( -95.99999999999990052, 11.99999999999999645, -100.0000000000000000 ) ) ;
#1416 = ORIENTED_EDGE ( 'NONE', *, *, #211, .F. ) ;
#1417 = CARTESIAN_POINT ( 'NONE',  ( 115.1197562627544073, 605.0000000000001137, -19.99999999999999645 ) ) ;
#1418 = ADVANCED_FACE ( 'NONE', ( #1490 ), #3385, .T. ) ;
#1419 = DIRECTION ( 'NONE',  ( -1.000000000000000000, -1.224646799147353207E-16, -6.842277657836020854E-49 ) ) ;
#1420 = DIRECTION ( 'NONE',  ( 0.000000000000000000, 0.000000000000000000, -1.000000000000000000 ) ) ;
#1421 = CIRCLE ( 'NONE', #5107, 3.500000000000058620 ) ;
#1422 = EDGE_LOOP ( 'NONE', ( #2103, #5682, #6007, #5649 ) ) ;
#1423 = ORIENTED_EDGE ( 'NONE', *, *, #905, .F. ) ;
#1424 = CARTESIAN_POINT ( 'NONE',  ( -80.00000000000009948, -31.99999999999999289, 79.99999999999998579 ) ) ;
#1425 = ORIENTED_EDGE ( 'NONE', *, *, #4466, .T. ) ;
#1426 = EDGE_CURVE ( 'NONE', #6002, #5289, #1291, .T. ) ;
#1427 = VERTEX_POINT ( 'NONE', #3909 ) ;
#1428 = ORIENTED_EDGE ( 'NONE', *, *, #1250, .T. ) ;
#1429 = DIRECTION ( 'NONE',  ( 0.000000000000000000, -1.000000000000000000, 0.000000000000000000 ) ) ;
#1430 = CARTESIAN_POINT ( 'NONE',  ( 96.25000000000007105, 465.0000000000000000, 19.99999999999999645 ) ) ;
#1431 = PRODUCT ( 'RM-JJ-00084398-01', 'RM-JJ-00084398-01', '', ( #1897 ) ) ;
#1432 = DIRECTION ( 'NONE',  ( -1.000000000000000000, -2.387576397043347250E-16, 0.000000000000000000 ) ) ;
#1433 = ADVANCED_FACE ( 'NONE', ( #1391 ), #3415, .T. ) ;
#1434 = ORIENTED_EDGE ( 'NONE', *, *, #5372, .F. ) ;
#1435 = ADVANCED_FACE ( 'NONE', ( #6038 ), #1161, .F. ) ;
#1436 = ORIENTED_EDGE ( 'NONE', *, *, #2333, .T. ) ;
#1437 = CARTESIAN_POINT ( 'NONE',  ( 62.00000000000009948, 20.00000000000001776, -16.25000000000000000 ) ) ;
#1438 = DIRECTION ( 'NONE',  ( 1.000000000000000000, 0.000000000000000000, 0.000000000000000000 ) ) ;
#1439 = AXIS2_PLACEMENT_3D ( 'NONE', #5880, #5525, #359 ) ;
#1440 = CARTESIAN_POINT ( 'NONE',  ( -80.00000000000009948, -20.00000000000003553, 79.99999999999998579 ) ) ;
#1441 = EDGE_LOOP ( 'NONE', ( #2855, #4412, #3088, #2157 ) ) ;
#1442 = LINE ( 'NONE', #1346, #1721 ) ;
#1443 = CYLINDRICAL_SURFACE ( 'NONE', #2164, 3.500000000000003109 ) ;
#1444 = AXIS2_PLACEMENT_3D ( 'NONE', #192, #1299, #4308 ) ;
#1445 = EDGE_CURVE ( 'NONE', #4891, #3478, #5057, .T. ) ;
#1446 = VECTOR ( 'NONE', #3493, 1000.000000000000000 ) ;
#1447 = CYLINDRICAL_SURFACE ( 'NONE', #6391, 3.750000000000003553 ) ;
#1448 = FACE_OUTER_BOUND ( 'NONE', #4765, .T. ) ;
#1449 = DIRECTION ( 'NONE',  ( 6.844255435263898992E-34, 0.000000000000000000, -1.000000000000000000 ) ) ;
#1450 = VECTOR ( 'NONE', #2445, 1000.000000000000000 ) ;
#1451 = ORIENTED_EDGE ( 'NONE', *, *, #1992, .F. ) ;
#1452 = CARTESIAN_POINT ( 'NONE',  ( -80.00000000000009948, 20.00000000000001421, 79.99999999999998579 ) ) ;
#1453 = CIRCLE ( 'NONE', #4091, 3.500000000000058620 ) ;
#1454 = FACE_OUTER_BOUND ( 'NONE', #2500, .T. ) ;
#1455 = FACE_OUTER_BOUND ( 'NONE', #4173, .T. ) ;
#1456 = ORIENTED_EDGE ( 'NONE', *, *, #3381, .T. ) ;
#1457 = VECTOR ( 'NONE', #6247, 1000.000000000000000 ) ;
#1458 = CIRCLE ( 'NONE', #3051, 1.750000000000001554 ) ;
#1459 = ORIENTED_EDGE ( 'NONE', *, *, #2786, .T. ) ;
#1460 = CARTESIAN_POINT ( 'NONE',  ( 63.75000000000007105, 465.0000000000000000, -20.00000000000000355 ) ) ;
#1461 = EDGE_LOOP ( 'NONE', ( #742, #5491 ) ) ;
#1462 = VECTOR ( 'NONE', #4862, 1000.000000000000000 ) ;
#1463 = ORIENTED_EDGE ( 'NONE', *, *, #5120, .F. ) ;
#1464 = ORIENTED_EDGE ( 'NONE', *, *, #1029, .T. ) ;
#1465 = CARTESIAN_POINT ( 'NONE',  ( -80.00000000000009948, -19.99999999999999289, -64.99999999999998579 ) ) ;
#1466 = CIRCLE ( 'NONE', #5468, 3.750000000000003553 ) ;
#1467 = EDGE_CURVE ( 'NONE', #1160, #6173, #146, .T. ) ;
#1468 = FACE_BOUND ( 'NONE', #6238, .T. ) ;
#1469 = DIRECTION ( 'NONE',  ( -6.844255435263898992E-34, 0.000000000000000000, 1.000000000000000000 ) ) ;
#1470 = EDGE_LOOP ( 'NONE', ( #2570, #2756, #2059, #1921 ) ) ;
#1471 = EDGE_LOOP ( 'NONE', ( #2524, #2167, #1690, #470 ) ) ;
#1472 = DIRECTION ( 'NONE',  ( 1.224646799147353207E-16, -1.000000000000000000, 7.495956825746694590E-50 ) ) ;
#1473 = DIRECTION ( 'NONE',  ( 0.000000000000000000, -1.000000000000000000, 0.000000000000000000 ) ) ;
#1474 = EDGE_CURVE ( 'NONE', #1481, #1719, #4596, .T. ) ;
#1475 = ORIENTED_EDGE ( 'NONE', *, *, #620, .T. ) ;
#1476 = DIRECTION ( 'NONE',  ( 0.000000000000000000, 0.000000000000000000, 1.000000000000000000 ) ) ;
#1477 = DIRECTION ( 'NONE',  ( 1.000000000000000000, -0.000000000000000000, 1.968757127242515241E-32 ) ) ;
#1478 = DIRECTION ( 'NONE',  ( 0.000000000000000000, 1.000000000000000000, 0.000000000000000000 ) ) ;
#1479 = DIRECTION ( 'NONE',  ( 1.000000000000000000, 0.000000000000000000, 0.000000000000000000 ) ) ;
#1480 = FACE_OUTER_BOUND ( 'NONE', #5283, .T. ) ;
#1481 = VERTEX_POINT ( 'NONE', #2653 ) ;
#1482 = DIRECTION ( 'NONE',  ( -0.000000000000000000, -1.000000000000000000, -0.000000000000000000 ) ) ;
#1483 = EDGE_CURVE ( 'NONE', #2530, #4369, #5501, .T. ) ;
#1484 = EDGE_CURVE ( 'NONE', #1932, #4443, #6161, .T. ) ;
#1485 = PLANE ( 'NONE',  #1567 ) ;
#1486 = DIRECTION ( 'NONE',  ( 0.000000000000000000, 1.000000000000000000, 0.000000000000000000 ) ) ;
#1487 = VERTEX_POINT ( 'NONE', #2624 ) ;
#1488 = DIRECTION ( 'NONE',  ( 0.000000000000000000, -1.000000000000000000, 0.000000000000000000 ) ) ;
#1489 = ORIENTED_EDGE ( 'NONE', *, *, #6169, .F. ) ;
#1490 = FACE_OUTER_BOUND ( 'NONE', #3959, .T. ) ;
#1491 = ORIENTED_EDGE ( 'NONE', *, *, #4127, .F. ) ;
#1492 = EDGE_LOOP ( 'NONE', ( #3835, #802, #1666, #768 ) ) ;
#1493 = ORIENTED_EDGE ( 'NONE', *, *, #6346, .T. ) ;
#1494 = CARTESIAN_POINT ( 'NONE',  ( 80.00000000000009948, -31.99999999999999289, 79.99999999999998579 ) ) ;
#1495 = APPROVAL_DATE_TIME ( #5423, #6090 ) ;
#1496 = CARTESIAN_POINT ( 'NONE',  ( 118.0000000000000711, 615.0000000000001137, 19.99999999999999645 ) ) ;
#1497 = APPROVAL ( #2890, '未指定' ) ;
#1498 = CARTESIAN_POINT ( 'NONE',  ( 95.99999999999988631, -12.00000000000000000, -95.00000000000000000 ) ) ;
#1499 = VERTEX_POINT ( 'NONE', #5640 ) ;
#1500 = EDGE_CURVE ( 'NONE', #4429, #5696, #2091, .T. ) ;
#1501 = VERTEX_POINT ( 'NONE', #3681 ) ;
#1502 = DIRECTION ( 'NONE',  ( 0.000000000000000000, 3.160343196191257749E-48, 1.000000000000000000 ) ) ;
#1503 = VECTOR ( 'NONE', #1095, 1000.000000000000000 ) ;
#1504 = CARTESIAN_POINT ( 'NONE',  ( 98.00000000000007105, 465.0000000000000000, -16.25000000000000000 ) ) ;
#1505 = ORIENTED_EDGE ( 'NONE', *, *, #3698, .T. ) ;
#1506 = FACE_OUTER_BOUND ( 'NONE', #2957, .T. ) ;
#1507 = FACE_OUTER_BOUND ( 'NONE', #3553, .T. ) ;
#1508 = CIRCLE ( 'NONE', #5918, 8.000000000000007105 ) ;
#1509 = EDGE_CURVE ( 'NONE', #3520, #5034, #3182, .T. ) ;
#1510 = CARTESIAN_POINT ( 'NONE',  ( -80.00000000000009948, -16.00000000000000000, 79.99999999999998579 ) ) ;
#1511 = DIRECTION ( 'NONE',  ( -1.000000000000000000, -1.224646799147353207E-16, -0.000000000000000000 ) ) ;
#1512 = AXIS2_PLACEMENT_3D ( 'NONE', #2218, #4781, #4815 ) ;
#1513 = FACE_OUTER_BOUND ( 'NONE', #5968, .T. ) ;
#1514 = ORIENTED_EDGE ( 'NONE', *, *, #2560, .T. ) ;
#1515 = CARTESIAN_POINT ( 'NONE',  ( -67.99999999999991473, 11.99999999999999822, 100.0000000000000000 ) ) ;
#1516 = DIRECTION ( 'NONE',  ( 0.000000000000000000, -1.000000000000000000, 0.000000000000000000 ) ) ;
#1517 = LINE ( 'NONE', #4526, #1310 ) ;
#1518 = CIRCLE ( 'NONE', #989, 1.750000000000001554 ) ;
#1519 = EDGE_CURVE ( 'NONE', #5079, #1499, #5293, .T. ) ;
#1520 = ORIENTED_EDGE ( 'NONE', *, *, #3750, .T. ) ;
#1521 = AXIS2_PLACEMENT_3D ( 'NONE', #293, #3265, #5810 ) ;
#1522 = EDGE_CURVE ( 'NONE', #2228, #3153, #6021, .T. ) ;
#1523 = LINE ( 'NONE', #3547, #3989 ) ;
#1524 = VECTOR ( 'NONE', #5259, 1000.000000000000000 ) ;
#1525 = ORIENTED_EDGE ( 'NONE', *, *, #4331, .F. ) ;
#1526 = DIRECTION ( 'NONE',  ( -1.000000000000000000, -0.000000000000000000, -0.000000000000000000 ) ) ;
#1527 = ORIENTED_EDGE ( 'NONE', *, *, #5702, .T. ) ;
#1528 = ORIENTED_EDGE ( 'NONE', *, *, #1866, .F. ) ;
#1529 = AXIS2_PLACEMENT_3D ( 'NONE', #5953, #6414, #3401 ) ;
#1530 = EDGE_CURVE ( 'NONE', #1717, #6082, #2985, .T. ) ;
#1531 = ORIENTED_EDGE ( 'NONE', *, *, #5394, .F. ) ;
#1532 = APPROVAL_ROLE ( '' ) ;
#1533 = LINE ( 'NONE', #4603, #2042 ) ;
#1534 = PLANE ( 'NONE',  #6493 ) ;
#1535 = EDGE_LOOP ( 'NONE', ( #3658, #3918, #4801, #1591, #519, #3446, #5736, #1428 ) ) ;
#1536 = VERTEX_POINT ( 'NONE', #3549 ) ;
#1537 = CARTESIAN_POINT ( 'NONE',  ( 125.0000000000001421, 525.0000000000001137, 30.00000000000000000 ) ) ;
#1538 = CARTESIAN_POINT ( 'NONE',  ( -67.99999999999991473, 12.00000000000000000, -100.0000000000000000 ) ) ;
#1539 = ORIENTED_EDGE ( 'NONE', *, *, #1866, .T. ) ;
#1540 = CARTESIAN_POINT ( 'NONE',  ( 92.00000000000011369, 16.00000000000002132, -100.0000000000000000 ) ) ;
#1541 = DIRECTION ( 'NONE',  ( -0.000000000000000000, -1.000000000000000000, 0.000000000000000000 ) ) ;
#1542 = LINE ( 'NONE', #3200, #4929 ) ;
#1543 = VECTOR ( 'NONE', #586, 1000.000000000000000 ) ;
#1545 = AXIS2_PLACEMENT_3D ( 'NONE', #3005, #4094, #3075 ) ;
#1544 = DIRECTION ( 'NONE',  ( 1.000000000000000000, 0.000000000000000000, -1.968757127242515241E-32 ) ) ;
#1546 = FACE_OUTER_BOUND ( 'NONE', #4923, .T. ) ;
#1547 = VERTEX_POINT ( 'NONE', #2590 ) ;
#1548 = DIRECTION ( 'NONE',  ( 1.000000000000000000, 0.000000000000000000, -1.968757127242515241E-32 ) ) ;
#1549 = EDGE_CURVE ( 'NONE', #1586, #4443, #33, .T. ) ;
#1550 = DIRECTION ( 'NONE',  ( 0.000000000000000000, 1.000000000000000000, 0.000000000000000000 ) ) ;
#1551 = DIRECTION ( 'NONE',  ( 0.000000000000000000, 0.000000000000000000, -1.000000000000000000 ) ) ;
#1552 = CIRCLE ( 'NONE', #4712, 10.00000000000000888 ) ;
#1553 = AXIS2_PLACEMENT_3D ( 'NONE', #3013, #5638, #2118 ) ;
#1554 = VERTEX_POINT ( 'NONE', #4630 ) ;
#1555 = AXIS2_PLACEMENT_3D ( 'NONE', #4060, #3438, #1015 ) ;
#1556 = VECTOR ( 'NONE', #2413, 1000.000000000000000 ) ;
#1557 = DIRECTION ( 'NONE',  ( 0.000000000000000000, 1.000000000000000000, 0.000000000000000000 ) ) ;
#1558 = ORIENTED_EDGE ( 'NONE', *, *, #798, .T. ) ;
#1559 = DIRECTION ( 'NONE',  ( 0.000000000000000000, 0.000000000000000000, 1.000000000000000000 ) ) ;
#1560 = VERTEX_POINT ( 'NONE', #85 ) ;
#1561 = EDGE_CURVE ( 'NONE', #442, #5054, #4104, .T. ) ;
#1562 = CIRCLE ( 'NONE', #4305, 7.999999999999992895 ) ;
#1563 = VECTOR ( 'NONE', #703, 1000.000000000000000 ) ;
#1564 = EDGE_LOOP ( 'NONE', ( #5461, #2487, #5559, #3462 ) ) ;
#1565 = ORIENTED_EDGE ( 'NONE', *, *, #2275, .T. ) ;
#1566 = LINE ( 'NONE', #3125, #202 ) ;
#1567 = AXIS2_PLACEMENT_3D ( 'NONE', #987, #3480, #3933 ) ;
#1568 = DIRECTION ( 'NONE',  ( -0.000000000000000000, -0.000000000000000000, -1.000000000000000000 ) ) ;
#1569 = EDGE_CURVE ( 'NONE', #4662, #1645, #3614, .T. ) ;
#1570 = EDGE_CURVE ( 'NONE', #3387, #4631, #4532, .T. ) ;
#1571 = CARTESIAN_POINT ( 'NONE',  ( 125.0000000000001705, 603.0000000000003411, 11.49999999999896438 ) ) ;
#1572 = ORIENTED_EDGE ( 'NONE', *, *, #4657, .F. ) ;
#1573 = ORIENTED_EDGE ( 'NONE', *, *, #541, .T. ) ;
#1574 = AXIS2_PLACEMENT_3D ( 'NONE', #5672, #763, #3708 ) ;
#1575 = DIRECTION ( 'NONE',  ( 0.000000000000000000, 0.000000000000000000, 1.000000000000000000 ) ) ;
#1576 = CARTESIAN_POINT ( 'NONE',  ( -59.99999999999990052, -11.99999999999999822, -100.0000000000000000 ) ) ;
#1577 = EDGE_LOOP ( 'NONE', ( #6267, #1493, #2937, #2662, #3250, #5692, #3257, #323 ) ) ;
#1578 = LINE ( 'NONE', #67, #2364 ) ;
#1579 = CARTESIAN_POINT ( 'NONE',  ( 80.00000000000009948, 18.00000000000002132, 16.25000000000000000 ) ) ;
#1580 = LINE ( 'NONE', #1149, #2199 ) ;
#1581 = DIRECTION ( 'NONE',  ( 0.000000000000000000, 0.000000000000000000, -1.000000000000000000 ) ) ;
#1582 = FACE_BOUND ( 'NONE', #4071, .T. ) ;
#1583 = EDGE_LOOP ( 'NONE', ( #4686, #3307, #898, #6460 ) ) ;
#1584 = CARTESIAN_POINT ( 'NONE',  ( 80.00000000000009948, 16.25000000000002132, 16.24999999999999289 ) ) ;
#1585 = CARTESIAN_POINT ( 'NONE',  ( -80.00000000000009948, -16.00000000000000000, 71.49999999999998579 ) ) ;
#1586 = VERTEX_POINT ( 'NONE', #18 ) ;
#1587 = EDGE_CURVE ( 'NONE', #5983, #574, #455, .T. ) ;
#1588 = CARTESIAN_POINT ( 'NONE',  ( 60.00000000000009237, 16.25000000000025224, 20.00000000000000000 ) ) ;
#1589 = ORIENTED_EDGE ( 'NONE', *, *, #866, .F. ) ;
#1590 = CARTESIAN_POINT ( 'NONE',  ( 62.00000000000007105, 465.0000000000000000, 16.25000000000000000 ) ) ;
#1591 = ORIENTED_EDGE ( 'NONE', *, *, #4709, .T. ) ;
#1592 = ORIENTED_EDGE ( 'NONE', *, *, #3472, .T. ) ;
#1593 = ORIENTED_EDGE ( 'NONE', *, *, #4456, .F. ) ;
#1594 = ADVANCED_FACE ( 'NONE', ( #2022 ), #4659, .F. ) ;
#1595 = CARTESIAN_POINT ( 'NONE',  ( -114.9999999999999858, 565.4342007203525782, -30.00000000000000000 ) ) ;
#1596 = DIRECTION ( 'NONE',  ( 5.968940992608368126E-17, -1.000000000000000000, 3.271334946041490653E-50 ) ) ;
#1597 = DIRECTION ( 'NONE',  ( 1.000000000000000000, 0.000000000000000000, 0.000000000000000000 ) ) ;
#1598 = ORIENTED_EDGE ( 'NONE', *, *, #3654, .F. ) ;
#1599 = EDGE_LOOP ( 'NONE', ( #3705, #3815, #3991, #2999 ) ) ;
#1600 = DIRECTION ( 'NONE',  ( -0.000000000000000000, 3.160343196191257749E-48, 1.000000000000000000 ) ) ;
#1601 = ADVANCED_FACE ( 'NONE', ( #245, #4262, #5700 ), #2325, .T. ) ;
#1602 = EDGE_CURVE ( 'NONE', #655, #3774, #1323, .T. ) ;
#1603 = CYLINDRICAL_SURFACE ( 'NONE', #2522, 5.000000000000004441 ) ;
#1604 = LINE ( 'NONE', #4516, #5513 ) ;
#1605 = DIRECTION ( 'NONE',  ( -1.000000000000000000, 0.000000000000000000, 6.844255435263898992E-34 ) ) ;
#1606 = VECTOR ( 'NONE', #5087, 1000.000000000000000 ) ;
#1607 = DIRECTION ( 'NONE',  ( 0.000000000000000000, 0.000000000000000000, -1.000000000000000000 ) ) ;
#1608 = ADVANCED_FACE ( 'NONE', ( #5179 ), #4230, .F. ) ;
#1609 = CARTESIAN_POINT ( 'NONE',  ( -67.99999999999991473, 19.99999999999999289, 0.000000000000000000 ) ) ;
#1610 = PLANE ( 'NONE',  #5021 ) ;
#1611 = VECTOR ( 'NONE', #236, 1000.000000000000000 ) ;
#1612 = ORIENTED_EDGE ( 'NONE', *, *, #6252, .T. ) ;
#1613 = CARTESIAN_POINT ( 'NONE',  ( 96.25000000000024158, 20.00000000000001776, -19.99999999999999645 ) ) ;
#1614 = DIRECTION ( 'NONE',  ( 1.000000000000000000, 0.000000000000000000, 0.000000000000000000 ) ) ;
#1615 = VERTEX_POINT ( 'NONE', #4328 ) ;
#1616 = VECTOR ( 'NONE', #6413, 1000.000000000000000 ) ;
#1617 = DIRECTION ( 'NONE',  ( -1.000000000000000000, 0.000000000000000000, 1.968757127242515241E-32 ) ) ;
#1618 = CARTESIAN_POINT ( 'NONE',  ( 63.75000000000007105, 465.0000000000000000, 18.00000000000000355 ) ) ;
#1619 = ORIENTED_EDGE ( 'NONE', *, *, #6081, .F. ) ;
#1620 = DIRECTION ( 'NONE',  ( -0.000000000000000000, -0.000000000000000000, 1.000000000000000000 ) ) ;
#1621 = ORIENTED_EDGE ( 'NONE', *, *, #1720, .T. ) ;
#1622 = AXIS2_PLACEMENT_3D ( 'NONE', #3555, #4079, #2495 ) ;
#1623 = LOCAL_TIME ( 15, 28, 14.00000000000000000, #6010 ) ;
#1624 = ORIENTED_EDGE ( 'NONE', *, *, #2850, .F. ) ;
#1625 = EDGE_LOOP ( 'NONE', ( #3411, #2124, #2387, #549 ) ) ;
#1626 = AXIS2_PLACEMENT_3D ( 'NONE', #2979, #5376, #2876 ) ;
#1627 = CALENDAR_DATE ( 2026, 24, 4 ) ;
#1628 = CIRCLE ( 'NONE', #5416, 8.500000000000007105 ) ;
#1629 = CARTESIAN_POINT ( 'NONE',  ( -63.75000000000001421, 465.0000000000000000, -17.99999999999999645 ) ) ;
#1630 = CARTESIAN_POINT ( 'NONE',  ( 68.00000000000009948, 12.00000000000002132, 0.000000000000000000 ) ) ;
#1631 = EDGE_CURVE ( 'NONE', #5512, #3324, #660, .T. ) ;
#1632 = CARTESIAN_POINT ( 'NONE',  ( 96.00000000000009948, 12.00000000000001599, -100.0000000000000000 ) ) ;
#1633 = AXIS2_PLACEMENT_3D ( 'NONE', #430, #2840, #4852 ) ;
#1634 = ORIENTED_EDGE ( 'NONE', *, *, #5712, .F. ) ;
#1635 = EDGE_LOOP ( 'NONE', ( #803, #5619, #2645, #2774 ) ) ;
#1636 = DIRECTION ( 'NONE',  ( 0.000000000000000000, -1.000000000000000000, 0.000000000000000000 ) ) ;
#1637 = CARTESIAN_POINT ( 'NONE',  ( 80.00000000000009948, -15.99999999999997868, 79.99999999999998579 ) ) ;
#1638 = CARTESIAN_POINT ( 'NONE',  ( -125.0000000000000284, 524.3052788474357158, -30.00000000000000000 ) ) ;
#1639 = EDGE_CURVE ( 'NONE', #5775, #5263, #1288, .T. ) ;
#1640 = DIRECTION ( 'NONE',  ( 1.000000000000000000, 0.000000000000000000, -6.844255435263898992E-34 ) ) ;
#1641 = EDGE_CURVE ( 'NONE', #5088, #5937, #5772, .T. ) ;
#1642 = FACE_OUTER_BOUND ( 'NONE', #5445, .T. ) ;
#1643 = LINE ( 'NONE', #4678, #5349 ) ;
#1644 = CARTESIAN_POINT ( 'NONE',  ( 68.00000000000009948, -19.99999999999997158, -100.0000000000000000 ) ) ;
#1645 = VERTEX_POINT ( 'NONE', #1689 ) ;
#1646 = LINE ( 'NONE', #1179, #874 ) ;
#1647 = CARTESIAN_POINT ( 'NONE',  ( 68.00000000000008527, -15.99999999999997868, 95.00000000000000000 ) ) ;
#1648 = ADVANCED_FACE ( 'NONE', ( #3284 ), #6323, .T. ) ;
#1649 = CIRCLE ( 'NONE', #5444, 8.500000000000007105 ) ;
#1650 = AXIS2_PLACEMENT_3D ( 'NONE', #4748, #2671, #2769 ) ;
#1651 = ORIENTED_EDGE ( 'NONE', *, *, #6269, .T. ) ;
#1652 = DIRECTION ( 'NONE',  ( 6.844255435263898992E-34, 0.000000000000000000, -1.000000000000000000 ) ) ;
#1653 = FACE_OUTER_BOUND ( 'NONE', #5964, .T. ) ;
#1654 = CIRCLE ( 'NONE', #2503, 8.000000000000007105 ) ;
#1655 = ORIENTED_EDGE ( 'NONE', *, *, #708, .F. ) ;
#1656 = DIRECTION ( 'NONE',  ( -0.000000000000000000, -1.000000000000000000, -0.000000000000000000 ) ) ;
#1657 = VERTEX_POINT ( 'NONE', #2287 ) ;
#1658 = ORIENTED_EDGE ( 'NONE', *, *, #3631, .T. ) ;
#1659 = AXIS2_PLACEMENT_3D ( 'NONE', #4537, #5669, #5697 ) ;
#1660 = ORIENTED_EDGE ( 'NONE', *, *, #3278, .F. ) ;
#1661 = DIRECTION ( 'NONE',  ( -0.000000000000000000, 0.000000000000000000, -1.000000000000000000 ) ) ;
#1662 = AXIS2_PLACEMENT_3D ( 'NONE', #1903, #5430, #3397 ) ;
#1663 = CARTESIAN_POINT ( 'NONE',  ( 92.00000000000009948, 20.00000000000001421, -100.0000000000000000 ) ) ;
#1664 = AXIS2_PLACEMENT_3D ( 'NONE', #2475, #461, #4422 ) ;
#1665 = PLANE ( 'NONE',  #3674 ) ;
#1666 = ORIENTED_EDGE ( 'NONE', *, *, #4775, .T. ) ;
#1667 = ORIENTED_EDGE ( 'NONE', *, *, #4493, .T. ) ;
#1668 = LINE ( 'NONE', #1048, #1543 ) ;
#1669 = AXIS2_PLACEMENT_3D ( 'NONE', #5685, #4118, #6049 ) ;
#1670 = ADVANCED_FACE ( 'NONE', ( #736, #5313, #5801 ), #1815, .F. ) ;
#1672 = AXIS2_PLACEMENT_3D ( 'NONE', #2255, #4263, #4828 ) ;
#1671 = FACE_OUTER_BOUND ( 'NONE', #3546, .T. ) ;
#1673 = FACE_OUTER_BOUND ( 'NONE', #2649, .T. ) ;
#1674 = DIRECTION ( 'NONE',  ( 0.9850304671557039704, -0.1723803317522496492, 0.000000000000000000 ) ) ;
#1675 = CARTESIAN_POINT ( 'NONE',  ( 80.00000000000009948, 20.00000000000001421, 79.99999999999998579 ) ) ;
#1676 = EDGE_CURVE ( 'NONE', #2264, #2350, #696, .T. ) ;
#1677 = PLANE ( 'NONE',  #2723 ) ;
#1678 = CARTESIAN_POINT ( 'NONE',  ( -125.0000000000000568, 468.0000000000000000, 30.00000000000000000 ) ) ;
#1679 = VECTOR ( 'NONE', #3341, 1000.000000000000000 ) ;
#1680 = ORIENTED_EDGE ( 'NONE', *, *, #5260, .T. ) ;
#1681 = LINE ( 'NONE', #3276, #6341 ) ;
#1682 = LINE ( 'NONE', #2709, #686 ) ;
#1683 = ORIENTED_EDGE ( 'NONE', *, *, #6268, .F. ) ;
#1684 = DIRECTION ( 'NONE',  ( 0.000000000000000000, 1.000000000000000000, 0.000000000000000000 ) ) ;
#1685 = EDGE_CURVE ( 'NONE', #3648, #633, #1752, .T. ) ;
#1686 = ADVANCED_FACE ( 'NONE', ( #4759 ), #2717, .T. ) ;
#1687 = CARTESIAN_POINT ( 'NONE',  ( 125.0000000000001705, 603.0000000000003411, -14.99999999999996447 ) ) ;
#1688 = VERTEX_POINT ( 'NONE', #6227 ) ;
#1689 = CARTESIAN_POINT ( 'NONE',  ( 60.00000000000006395, 465.0000000000000000, 16.24999999999999289 ) ) ;
#1690 = ORIENTED_EDGE ( 'NONE', *, *, #6305, .F. ) ;
#1691 = EDGE_LOOP ( 'NONE', ( #3495, #1063, #4716, #3902 ) ) ;
#1692 = EDGE_LOOP ( 'NONE', ( #4865, #2253, #60, #6189 ) ) ;
#1693 = DIRECTION ( 'NONE',  ( 1.000000000000000000, 1.162929597895994043E-16, 6.842277657836020854E-49 ) ) ;
#1694 = ORIENTED_EDGE ( 'NONE', *, *, #4513, .T. ) ;
#1695 = FACE_OUTER_BOUND ( 'NONE', #1564, .T. ) ;
#1696 = LINE ( 'NONE', #674, #5757 ) ;
#1697 = EDGE_LOOP ( 'NONE', ( #2499, #4332, #191, #4898 ) ) ;
#1698 = VERTEX_POINT ( 'NONE', #1787 ) ;
#1699 = DIRECTION ( 'NONE',  ( 2.387576397043347250E-16, -1.000000000000000000, 3.566332975710173193E-48 ) ) ;
#1700 = DIRECTION ( 'NONE',  ( -1.000000000000000000, -0.000000000000000000, -0.000000000000000000 ) ) ;
#1701 = DIRECTION ( 'NONE',  ( 5.968940992608368126E-17, -1.000000000000000000, 3.271334946041490653E-50 ) ) ;
#1702 = CYLINDRICAL_SURFACE ( 'NONE', #895, 6.999999999999992006 ) ;
#1703 = ADVANCED_FACE ( 'NONE', ( #1718 ), #2812, .T. ) ;
#1704 = DIRECTION ( 'NONE',  ( 1.000000000000000000, 0.000000000000000000, 0.000000000000000000 ) ) ;
#1705 = CARTESIAN_POINT ( 'NONE',  ( 60.00000000000006395, 465.0000000000000000, -16.24999999999999289 ) ) ;
#1706 = DIRECTION ( 'NONE',  ( 5.968940992608368126E-17, -1.000000000000000000, 3.271334946041490653E-50 ) ) ;
#1707 = ORIENTED_EDGE ( 'NONE', *, *, #3984, .F. ) ;
#1708 = CARTESIAN_POINT ( 'NONE',  ( -67.99999999999991473, -12.00000000000000000, -100.0000000000000000 ) ) ;
#1709 = CARTESIAN_POINT ( 'NONE',  ( 63.75000000000015632, 20.00000000000001776, 17.99999999999999645 ) ) ;
#1710 = VECTOR ( 'NONE', #3836, 1000.000000000000000 ) ;
#1711 = ADVANCED_FACE ( 'NONE', ( #1225 ), #3248, .T. ) ;
#1712 = EDGE_CURVE ( 'NONE', #1201, #2613, #3523, .T. ) ;
#1713 = EDGE_LOOP ( 'NONE', ( #5792, #1964, #641, #695 ) ) ;
#1714 = CARTESIAN_POINT ( 'NONE',  ( -61.99999999999990763, 20.00000000000001776, -16.25000000000000000 ) ) ;
#1715 = CIRCLE ( 'NONE', #3412, 8.000000000000007105 ) ;
#1716 = CYLINDRICAL_SURFACE ( 'NONE', #6511, 3.500000000000006661 ) ;
#1717 = VERTEX_POINT ( 'NONE', #3932 ) ;
#1718 = FACE_OUTER_BOUND ( 'NONE', #2286, .T. ) ;
#1719 = VERTEX_POINT ( 'NONE', #6352 ) ;
#1720 = EDGE_CURVE ( 'NONE', #1536, #2408, #3378, .T. ) ;
#1721 = VECTOR ( 'NONE', #1409, 1000.000000000000227 ) ;
#1722 = EDGE_CURVE ( 'NONE', #3014, #725, #436, .T. ) ;
#1723 = VERTEX_POINT ( 'NONE', #1356 ) ;
#1724 = VECTOR ( 'NONE', #4807, 1000.000000000000000 ) ;
#1725 = DIRECTION ( 'NONE',  ( 0.000000000000000000, 0.000000000000000000, 1.000000000000000000 ) ) ;
#1726 = ORIENTED_EDGE ( 'NONE', *, *, #5635, .F. ) ;
#1727 = LINE ( 'NONE', #122, #6145 ) ;
#1728 = DIRECTION ( 'NONE',  ( 0.000000000000000000, 0.000000000000000000, 1.000000000000000000 ) ) ;
#1729 = ADVANCED_FACE ( 'NONE', ( #1385 ), #4388, .T. ) ;
#1730 = ORIENTED_EDGE ( 'NONE', *, *, #5947, .T. ) ;
#1731 = CIRCLE ( 'NONE', #5412, 8.000000000000000000 ) ;
#1732 = ORIENTED_EDGE ( 'NONE', *, *, #3551, .F. ) ;
#1733 = AXIS2_PLACEMENT_3D ( 'NONE', #1827, #4340, #2305 ) ;
#1734 = CARTESIAN_POINT ( 'NONE',  ( 80.00000000000009948, -20.00000000000003553, -79.99999999999998579 ) ) ;
#1735 = CARTESIAN_POINT ( 'NONE',  ( 80.00000000000011369, 20.00000000000001776, -19.99999999999999645 ) ) ;
#1736 = VECTOR ( 'NONE', #2542, 1000.000000000000227 ) ;
#1737 = CARTESIAN_POINT ( 'NONE',  ( 63.75000000000007105, 465.0000000000000000, 16.24999999999999289 ) ) ;
#1738 = CARTESIAN_POINT ( 'NONE',  ( -115.0449085985328566, 564.4828590047433181, 30.00000000000000000 ) ) ;
#1739 = PLANE ( 'NONE',  #1856 ) ;
#1740 = VECTOR ( 'NONE', #2434, 1000.000000000000000 ) ;
#1741 = LINE ( 'NONE', #300, #310 ) ;
#1742 = CARTESIAN_POINT ( 'NONE',  ( -117.0000000000000142, 524.3052788474357158, -30.00000000000000000 ) ) ;
#1743 = VERTEX_POINT ( 'NONE', #5374 ) ;
#1744 = DIRECTION ( 'NONE',  ( -1.000000000000000000, 2.775557561562888886E-16, 0.000000000000000000 ) ) ;
#1745 = CARTESIAN_POINT ( 'NONE',  ( 80.00000000000009948, -31.99999999999999289, -79.99999999999998579 ) ) ;
#1746 = ORIENTED_EDGE ( 'NONE', *, *, #3445, .F. ) ;
#1747 = CARTESIAN_POINT ( 'NONE',  ( 118.0000000000000711, 615.0000000000001137, 30.00000000000000000 ) ) ;
#1748 = DIRECTION ( 'NONE',  ( -0.000000000000000000, -0.000000000000000000, -1.000000000000000000 ) ) ;
#1749 = CARTESIAN_POINT ( 'NONE',  ( -63.99999999999990763, -11.99999999999999645, 0.000000000000000000 ) ) ;
#1750 = EDGE_CURVE ( 'NONE', #3262, #3418, #4979, .T. ) ;
#1751 = ORIENTED_EDGE ( 'NONE', *, *, #440, .F. ) ;
#1752 = LINE ( 'NONE', #5828, #5392 ) ;
#1753 = LINE ( 'NONE', #373, #2733 ) ;
#1754 = CIRCLE ( 'NONE', #805, 10.00000000000000888 ) ;
#1755 = ORIENTED_EDGE ( 'NONE', *, *, #6345, .T. ) ;
#1756 = VECTOR ( 'NONE', #4938, 1000.000000000000000 ) ;
#1757 = DIRECTION ( 'NONE',  ( 0.000000000000000000, 0.000000000000000000, -1.000000000000000000 ) ) ;
#1758 = CARTESIAN_POINT ( 'NONE',  ( 95.99999999999990052, 11.99999999999999645, -95.00000000000000000 ) ) ;
#1759 = EDGE_LOOP ( 'NONE', ( #3657, #2677, #1390, #6501 ) ) ;
#1760 = VECTOR ( 'NONE', #1110, 1000.000000000000000 ) ;
#1761 = VECTOR ( 'NONE', #4872, 1000.000000000000000 ) ;
#1762 = ORIENTED_EDGE ( 'NONE', *, *, #327, .F. ) ;
#1763 = EDGE_LOOP ( 'NONE', ( #5148, #281, #2025, #416 ) ) ;
#1764 = DIRECTION ( 'NONE',  ( 0.000000000000000000, 0.000000000000000000, 1.000000000000000000 ) ) ;
#1765 = DIRECTION ( 'NONE',  ( -1.000000000000000000, 2.891205793294677833E-16, 4.527142667535182022E-34 ) ) ;
#1766 = AXIS2_PLACEMENT_3D ( 'NONE', #6320, #4854, #4291 ) ;
#1767 = EDGE_CURVE ( 'NONE', #6173, #5215, #1508, .T. ) ;
#1768 = AXIS2_PLACEMENT_3D ( 'NONE', #4594, #2249, #3861 ) ;
#1769 = EDGE_CURVE ( 'NONE', #5945, #3778, #2032, .T. ) ;
#1770 = CARTESIAN_POINT ( 'NONE',  ( -118.0000000000000000, 605.0000000000001137, 19.99999999999999645 ) ) ;
#1771 = CARTESIAN_POINT ( 'NONE',  ( -114.9999999999999858, 605.0000000000001137, -30.00000000000000000 ) ) ;
#1772 = VECTOR ( 'NONE', #2575, 1000.000000000000000 ) ;
#1773 = CLOSED_SHELL ( 'NONE', ( #4343, #2247, #4390, #1703, #6071, #5094, #3101, #2101, #930, #4473 ) ) ;
#1774 = LINE ( 'NONE', #2997, #1756 ) ;
#1775 = DIRECTION ( 'NONE',  ( 1.000000000000000000, 0.000000000000000000, -0.000000000000000000 ) ) ;
#1776 = DIRECTION ( 'NONE',  ( 0.000000000000000000, 0.000000000000000000, 1.000000000000000000 ) ) ;
#1777 = ORIENTED_EDGE ( 'NONE', *, *, #123, .T. ) ;
#1778 = CARTESIAN_POINT ( 'NONE',  ( -96.25000000000001421, 465.0000000000000000, -16.25000000000000000 ) ) ;
#1779 = AXIS2_PLACEMENT_3D ( 'NONE', #250, #1265, #285 ) ;
#1780 = LINE ( 'NONE', #6193, #3544 ) ;
#1781 = ORIENTED_EDGE ( 'NONE', *, *, #668, .T. ) ;
#1782 = CARTESIAN_POINT ( 'NONE',  ( 122.0000000000001279, 524.3052788474358294, 30.00000000000000000 ) ) ;
#1783 = AXIS2_PLACEMENT_3D ( 'NONE', #5341, #3965, #3439 ) ;
#1784 = CARTESIAN_POINT ( 'NONE',  ( -80.00000000000009948, -20.00000000000003553, -79.99999999999998579 ) ) ;
#1785 = CYLINDRICAL_SURFACE ( 'NONE', #4944, 3.750000000000003553 ) ;
#1786 = VERTEX_POINT ( 'NONE', #4489 ) ;
#1787 = CARTESIAN_POINT ( 'NONE',  ( -124.8802437372456353, 525.6843215014537236, 30.00000000000000000 ) ) ;
#1788 = EDGE_CURVE ( 'NONE', #2102, #5129, #5441, .T. ) ;
#1789 = ORIENTED_EDGE ( 'NONE', *, *, #22, .T. ) ;
#1790 = EDGE_CURVE ( 'NONE', #1499, #274, #5405, .T. ) ;
#1791 = EDGE_LOOP ( 'NONE', ( #6362, #1995, #1694, #1924 ) ) ;
#1792 = CARTESIAN_POINT ( 'NONE',  ( -95.99999999999990052, 11.99999999999999645, 95.00000000000000000 ) ) ;
#1793 = DIRECTION ( 'NONE',  ( -0.000000000000000000, -0.000000000000000000, -1.000000000000000000 ) ) ;
#1794 = ORIENTED_EDGE ( 'NONE', *, *, #4267, .F. ) ;
#1795 = ADVANCED_FACE ( 'NONE', ( #926 ), #2873, .T. ) ;
#1796 = ORIENTED_EDGE ( 'NONE', *, *, #4947, .T. ) ;
#1797 = VERTEX_POINT ( 'NONE', #2384 ) ;
#1798 = DIRECTION ( 'NONE',  ( 1.000000000000000000, 0.000000000000000000, 0.000000000000000000 ) ) ;
#1799 = CARTESIAN_POINT ( 'NONE',  ( 115.0000000000000711, 605.0000000000001137, 30.00000000000000000 ) ) ;
#1800 = CARTESIAN_POINT ( 'NONE',  ( 80.00000000000009948, -20.00000000000003553, 79.99999999999998579 ) ) ;
#1801 = DIRECTION ( 'NONE',  ( 0.000000000000000000, 1.000000000000000000, 0.000000000000000000 ) ) ;
#1802 = EDGE_CURVE ( 'NONE', #5861, #1554, #4426, .T. ) ;
#1803 = LINE ( 'NONE', #2240, #3137 ) ;
#1804 = CARTESIAN_POINT ( 'NONE',  ( -67.99999999999991473, 19.99999999999999645, 100.0000000000000000 ) ) ;
#1805 = DIRECTION ( 'NONE',  ( -1.000000000000000000, 0.000000000000000000, 0.000000000000000000 ) ) ;
#1806 = ORIENTED_EDGE ( 'NONE', *, *, #70, .T. ) ;
#1807 = CARTESIAN_POINT ( 'NONE',  ( -96.25000000000001421, 465.0000000000000000, 20.00000000000000355 ) ) ;
#1808 = FACE_OUTER_BOUND ( 'NONE', #3322, .T. ) ;
#1809 = EDGE_CURVE ( 'NONE', #6058, #4068, #5193, .T. ) ;
#1810 = VERTEX_POINT ( 'NONE', #2910 ) ;
#1811 = DIRECTION ( 'NONE',  ( -0.000000000000000000, -1.000000000000000000, -0.000000000000000000 ) ) ;
#1812 = DIRECTION ( 'NONE',  ( 0.000000000000000000, 0.000000000000000000, -1.000000000000000000 ) ) ;
#1813 = DIRECTION ( 'NONE',  ( -1.968757127242515241E-32, 0.000000000000000000, 1.000000000000000000 ) ) ;
#1814 = ORIENTED_EDGE ( 'NONE', *, *, #4592, .F. ) ;
#1815 = PLANE ( 'NONE',  #4559 ) ;
#1816 = ORIENTED_EDGE ( 'NONE', *, *, #5394, .T. ) ;
#1817 = ORIENTED_EDGE ( 'NONE', *, *, #2494, .T. ) ;
#1818 = AXIS2_PLACEMENT_3D ( 'NONE', #1262, #4825, #765 ) ;
#1819 = PLANE ( 'NONE',  #5778 ) ;
#1820 = DIRECTION ( 'NONE',  ( -0.000000000000000000, -1.000000000000000000, 0.000000000000000000 ) ) ;
#1821 = EDGE_LOOP ( 'NONE', ( #949, #5421, #1667, #4838 ) ) ;
#1822 = CIRCLE ( 'NONE', #5709, 1.750000000000001554 ) ;
#1823 = ORIENTED_EDGE ( 'NONE', *, *, #1250, .F. ) ;
#1824 = ORIENTED_EDGE ( 'NONE', *, *, #1888, .F. ) ;
#1825 = CARTESIAN_POINT ( 'NONE',  ( 95.99999999999988631, -12.00000000000000000, -100.0000000000000000 ) ) ;
#1826 = AXIS2_PLACEMENT_3D ( 'NONE', #817, #849, #4348 ) ;
#1827 = CARTESIAN_POINT ( 'NONE',  ( -63.74999999999990052, 20.00000000000001776, -16.25000000000000000 ) ) ;
#1828 = EDGE_CURVE ( 'NONE', #760, #2953, #2947, .T. ) ;
#1829 = DIRECTION ( 'NONE',  ( -1.000000000000000000, -0.000000000000000000, -0.000000000000000000 ) ) ;
#1830 = FACE_OUTER_BOUND ( 'NONE', #4553, .T. ) ;
#1831 = VECTOR ( 'NONE', #4044, 1000.000000000000000 ) ;
#1832 = LINE ( 'NONE', #203, #4705 ) ;
#1833 = DIRECTION ( 'NONE',  ( -0.000000000000000000, -0.000000000000000000, -1.000000000000000000 ) ) ;
#1834 = AXIS2_PLACEMENT_3D ( 'NONE', #3672, #2551, #5666 ) ;
#1835 = CARTESIAN_POINT ( 'NONE',  ( 118.0000000000000568, 565.4342007203531466, -30.00000000000000000 ) ) ;
#1836 = EDGE_CURVE ( 'NONE', #1547, #2824, #1883, .T. ) ;
#1837 = ORIENTED_EDGE ( 'NONE', *, *, #5695, .T. ) ;
#1838 = CARTESIAN_POINT ( 'NONE',  ( -95.99999999999988631, -12.00000000000000000, 95.00000000000000000 ) ) ;
#1839 = ADVANCED_FACE ( 'NONE', ( #6420 ), #1981, .F. ) ;
#1840 = PLANE ( 'NONE',  #3745 ) ;
#1841 = VECTOR ( 'NONE', #1640, 1000.000000000000000 ) ;
#1842 = CARTESIAN_POINT ( 'NONE',  ( -60.00000000000001421, 465.0000000000000000, 16.24999999999999289 ) ) ;
#1843 = DIRECTION ( 'NONE',  ( -1.000000000000000000, 0.000000000000000000, 0.000000000000000000 ) ) ;
#1844 = FACE_OUTER_BOUND ( 'NONE', #5280, .T. ) ;
#1845 = ORIENTED_EDGE ( 'NONE', *, *, #2737, .T. ) ;
#1846 = DIRECTION ( 'NONE',  ( 2.387576397043347250E-16, -1.000000000000000000, 3.566332975710173193E-48 ) ) ;
#1847 = EDGE_CURVE ( 'NONE', #3717, #179, #3203, .T. ) ;
#1848 = EDGE_CURVE ( 'NONE', #5121, #3720, #2847, .T. ) ;
#1849 = EDGE_LOOP ( 'NONE', ( #1980, #4606, #1816, #5641 ) ) ;
#1850 = CARTESIAN_POINT ( 'NONE',  ( -63.99999999999990763, 12.00000000000000000, -100.0000000000000000 ) ) ;
#1851 = ORIENTED_EDGE ( 'NONE', *, *, #1888, .T. ) ;
#1852 = DIRECTION ( 'NONE',  ( 1.000000000000000000, 0.000000000000000000, -6.844255435263898992E-34 ) ) ;
#1853 = DIRECTION ( 'NONE',  ( -1.000000000000000000, 0.000000000000000000, 0.000000000000000000 ) ) ;
#1854 = ORIENTED_EDGE ( 'NONE', *, *, #1992, .T. ) ;
#1855 = VERTEX_POINT ( 'NONE', #563 ) ;
#1856 = AXIS2_PLACEMENT_3D ( 'NONE', #3760, #5755, #2766 ) ;
#1857 = ORIENTED_EDGE ( 'NONE', *, *, #4431, .F. ) ;
#1858 = CIRCLE ( 'NONE', #1650, 3.750000000000003553 ) ;
#1859 = DIRECTION ( 'NONE',  ( -1.000000000000000000, -0.000000000000000000, -0.000000000000000000 ) ) ;
#1860 = CARTESIAN_POINT ( 'NONE',  ( -100.0000000000000142, 465.0000000000000000, 16.24999999999999289 ) ) ;
#1861 = VECTOR ( 'NONE', #2168, 1000.000000000000000 ) ;
#1862 = DIRECTION ( 'NONE',  ( -6.844255435263898992E-34, 0.000000000000000000, 1.000000000000000000 ) ) ;
#1863 = CIRCLE ( 'NONE', #3458, 4.000000000000003553 ) ;
#1864 = CARTESIAN_POINT ( 'NONE',  ( 115.0000000000000711, 615.0000000000001137, 30.00000000000000000 ) ) ;
#1865 = VERTEX_POINT ( 'NONE', #3638 ) ;
#1866 = EDGE_CURVE ( 'NONE', #4891, #2515, #3098, .T. ) ;
#1867 = CARTESIAN_POINT ( 'NONE',  ( 63.75000000000007105, 465.0000000000000000, 20.00000000000000355 ) ) ;
#1868 = AXIS2_PLACEMENT_3D ( 'NONE', #142, #112, #2713 ) ;
#1869 = AXIS2_PLACEMENT_3D ( 'NONE', #3374, #3339, #3308 ) ;
#1870 = CARTESIAN_POINT ( 'NONE',  ( 115.1197562627544073, 564.0551580663352524, -30.00000000000000000 ) ) ;
#1871 = CARTESIAN_POINT ( 'NONE',  ( -121.9251523357785345, 525.1671805061969280, -30.00000000000000000 ) ) ;
#1872 = ORIENTED_EDGE ( 'NONE', *, *, #210, .T. ) ;
#1873 = LINE ( 'NONE', #3895, #2573 ) ;
#1874 = DIRECTION ( 'NONE',  ( 0.000000000000000000, 0.000000000000000000, -1.000000000000000000 ) ) ;
#1875 = AXIS2_PLACEMENT_3D ( 'NONE', #5070, #6114, #64 ) ;
#1876 = CIRCLE ( 'NONE', #719, 8.500000000000007105 ) ;
#1877 = ADVANCED_FACE ( 'NONE', ( #2079, #4524, #533 ), #2145, .F. ) ;
#1878 = CARTESIAN_POINT ( 'NONE',  ( 67.99999999999991473, -12.00000000000000000, -95.00000000000000000 ) ) ;
#1879 = DIRECTION ( 'NONE',  ( 0.000000000000000000, 1.000000000000000000, 0.000000000000000000 ) ) ;
#1880 = VECTOR ( 'NONE', #5592, 1000.000000000000000 ) ;
#1881 = CARTESIAN_POINT ( 'NONE',  ( 117.0000000000001563, 468.0000000000000568, -30.00000000000000000 ) ) ;
#1882 = ORIENTED_EDGE ( 'NONE', *, *, #1066, .F. ) ;
#1883 = LINE ( 'NONE', #3903, #4882 ) ;
#1884 = DIRECTION ( 'NONE',  ( 1.000000000000000000, 0.000000000000000000, 0.000000000000000000 ) ) ;
#1885 = CARTESIAN_POINT ( 'NONE',  ( 96.25000000000009948, 20.00000000000001776, -16.25000000000000000 ) ) ;
#1886 = AXIS2_PLACEMENT_3D ( 'NONE', #4725, #6197, #1223 ) ;
#1887 = ORIENTED_EDGE ( 'NONE', *, *, #2000, .F. ) ;
#1888 = EDGE_CURVE ( 'NONE', #453, #1965, #2567, .T. ) ;
#1889 = EDGE_CURVE ( 'NONE', #2556, #3416, #4460, .T. ) ;
#1890 = CARTESIAN_POINT ( 'NONE',  ( 125.0000000000001421, 524.3052788474358294, -30.00000000000000000 ) ) ;
#1891 = DIRECTION ( 'NONE',  ( 0.000000000000000000, 1.000000000000000000, 0.000000000000000000 ) ) ;
#1892 = EDGE_LOOP ( 'NONE', ( #2917, #2781, #5904, #1456 ) ) ;
#1893 = ORIENTED_EDGE ( 'NONE', *, *, #1920, .T. ) ;
#1894 = EDGE_CURVE ( 'NONE', #526, #4306, #1822, .T. ) ;
#1895 = ORIENTED_EDGE ( 'NONE', *, *, #3251, .T. ) ;
#1896 = FACE_OUTER_BOUND ( 'NONE', #313, .T. ) ;
#1897 = MECHANICAL_CONTEXT ( 'NONE', #1127, 'mechanical' ) ;
#1898 = FACE_OUTER_BOUND ( 'NONE', #3559, .T. ) ;
#1899 = FACE_OUTER_BOUND ( 'NONE', #1697, .T. ) ;
#1900 = ORIENTED_EDGE ( 'NONE', *, *, #3788, .T. ) ;
#1901 = CARTESIAN_POINT ( 'NONE',  ( 96.25000000000007105, 465.0000000000000000, 16.24999999999999289 ) ) ;
#1902 = ADVANCED_FACE ( 'NONE', ( #2015 ), #2046, .T. ) ;
#1903 = CARTESIAN_POINT ( 'NONE',  ( 117.0000000000001563, 465.0000000000000568, 30.00000000000000000 ) ) ;
#1904 = DIRECTION ( 'NONE',  ( 1.000000000000000000, 0.000000000000000000, -0.000000000000000000 ) ) ;
#1905 = ORIENTED_EDGE ( 'NONE', *, *, #1426, .T. ) ;
#1906 = CARTESIAN_POINT ( 'NONE',  ( 125.0000000000001705, 603.0000000000003411, 14.99999999999896971 ) ) ;
#1907 = EDGE_CURVE ( 'NONE', #6464, #5983, #137, .T. ) ;
#1908 = DIRECTION ( 'NONE',  ( 0.000000000000000000, 1.000000000000000000, 0.000000000000000000 ) ) ;
#1909 = CARTESIAN_POINT ( 'NONE',  ( 67.99999999999991473, -12.00000000000000000, -100.0000000000000000 ) ) ;
#1910 = DIRECTION ( 'NONE',  ( 1.968757127242515241E-32, 0.000000000000000000, -1.000000000000000000 ) ) ;
#1911 = CARTESIAN_POINT ( 'NONE',  ( -59.99999999999991473, 16.25000000000000355, 16.24999999999999289 ) ) ;
#1912 = ORIENTED_EDGE ( 'NONE', *, *, #4693, .T. ) ;
#1913 = DIRECTION ( 'NONE',  ( -4.625929269271481969E-16, 1.000000000000000000, 0.000000000000000000 ) ) ;
#1914 = ADVANCED_FACE ( 'NONE', ( #3007 ), #1020, .T. ) ;
#1915 = DIRECTION ( 'NONE',  ( 1.224646799147353207E-16, -1.000000000000000000, 7.495956825746694590E-50 ) ) ;
#1916 = DIRECTION ( 'NONE',  ( 0.000000000000000000, 0.000000000000000000, 1.000000000000000000 ) ) ;
#1917 = ORIENTED_EDGE ( 'NONE', *, *, #4331, .T. ) ;
#1918 = VERTEX_POINT ( 'NONE', #1058 ) ;
#1919 = FACE_OUTER_BOUND ( 'NONE', #6165, .T. ) ;
#1920 = EDGE_CURVE ( 'NONE', #2914, #1501, #2646, .T. ) ;
#1921 = ORIENTED_EDGE ( 'NONE', *, *, #4663, .T. ) ;
#1922 = ADVANCED_FACE ( 'NONE', ( #4029 ), #3509, .T. ) ;
#1923 = VECTOR ( 'NONE', #6067, 1000.000000000000000 ) ;
#1924 = ORIENTED_EDGE ( 'NONE', *, *, #3911, .F. ) ;
#1925 = ORIENTED_EDGE ( 'NONE', *, *, #1828, .T. ) ;
#1926 = DIRECTION ( 'NONE',  ( 0.000000000000000000, 0.000000000000000000, -1.000000000000000000 ) ) ;
#1927 = VECTOR ( 'NONE', #4952, 1000.000000000000000 ) ;
#1928 = CARTESIAN_POINT ( 'NONE',  ( 115.0000000000000711, 605.0000000000001137, 19.99999999999999645 ) ) ;
#1929 = ADVANCED_FACE ( 'NONE', ( #2516 ), #5111, .T. ) ;
#1930 = CARTESIAN_POINT ( 'NONE',  ( 115.0000000000000568, 565.4342007203531466, 30.00000000000000000 ) ) ;
#1931 = EDGE_CURVE ( 'NONE', #4563, #11, #6059, .T. ) ;
#1932 = VERTEX_POINT ( 'NONE', #2549 ) ;
#1933 = AXIS2_PLACEMENT_3D ( 'NONE', #1770, #6243, #3231 ) ;
#1934 = ORIENTED_EDGE ( 'NONE', *, *, #5881, .F. ) ;
#1935 = CARTESIAN_POINT ( 'NONE',  ( -123.0000000000000000, 565.4342007203525782, -30.00000000000000000 ) ) ;
#1936 = LINE ( 'NONE', #3466, #5037 ) ;
#1937 = PLANE ( 'NONE',  #5545 ) ;
#1938 = CIRCLE ( 'NONE', #4258, 1.750000000000001554 ) ;
#1939 = EDGE_LOOP ( 'NONE', ( #3942, #1459, #2811, #2092 ) ) ;
#1940 = DIRECTION ( 'NONE',  ( 1.000000000000000000, 0.000000000000000000, 0.000000000000000000 ) ) ;
#1941 = CARTESIAN_POINT ( 'NONE',  ( 92.00000000000009948, 20.00000000000001421, 8.673617379884035472E-16 ) ) ;
#1942 = DIRECTION ( 'NONE',  ( -1.000000000000000000, 0.000000000000000000, 0.000000000000000000 ) ) ;
#1943 = AXIS2_PLACEMENT_3D ( 'NONE', #1090, #1551, #14 ) ;
#1944 = PLANE ( 'NONE',  #5242 ) ;
#1945 = LINE ( 'NONE', #825, #4527 ) ;
#1946 = ORIENTED_EDGE ( 'NONE', *, *, #5406, .F. ) ;
#1947 = DIRECTION ( 'NONE',  ( -0.000000000000000000, 0.000000000000000000, -1.000000000000000000 ) ) ;
#1948 = LINE ( 'NONE', #2911, #6089 ) ;
#1949 = FACE_OUTER_BOUND ( 'NONE', #4597, .T. ) ;
#1950 = VECTOR ( 'NONE', #2180, 1000.000000000000000 ) ;
#1951 = VERTEX_POINT ( 'NONE', #4554 ) ;
#1952 = EDGE_CURVE ( 'NONE', #117, #6041, #2777, .T. ) ;
#1953 = AXIS2_PLACEMENT_3D ( 'NONE', #5687, #6278, #4216 ) ;
#1954 = EDGE_LOOP ( 'NONE', ( #3976, #1132, #3741, #413 ) ) ;
#1955 = CARTESIAN_POINT ( 'NONE',  ( 96.25000000000007105, 465.0000000000000000, 16.24999999999999289 ) ) ;
#1956 = VERTEX_POINT ( 'NONE', #1613 ) ;
#1957 = ORIENTED_EDGE ( 'NONE', *, *, #1426, .F. ) ;
#1958 = ORIENTED_EDGE ( 'NONE', *, *, #5275, .T. ) ;
#1959 = DIRECTION ( 'NONE',  ( 1.224646799147353207E-16, -1.000000000000000000, 7.495956825746694590E-50 ) ) ;
#1960 = PERSON_AND_ORGANIZATION ( #410, #6463 ) ;
#1961 = LINE ( 'NONE', #3981, #4892 ) ;
#1962 = DIRECTION ( 'NONE',  ( -0.000000000000000000, 0.000000000000000000, -1.000000000000000000 ) ) ;
#1963 = AXIS2_PLACEMENT_3D ( 'NONE', #5125, #610, #6168 ) ;
#1964 = ORIENTED_EDGE ( 'NONE', *, *, #2458, .F. ) ;
#1965 = VERTEX_POINT ( 'NONE', #5572 ) ;
#1966 = CARTESIAN_POINT ( 'NONE',  ( -67.99999999999991473, 12.00000000000000000, -95.00000000000000000 ) ) ;
#1967 = EDGE_CURVE ( 'NONE', #1698, #2625, #1715, .T. ) ;
#1968 = EDGE_CURVE ( 'NONE', #3754, #4563, #561, .T. ) ;
#1969 = CARTESIAN_POINT ( 'NONE',  ( 67.99999999999990052, -16.00000000000000000, -100.0000000000000000 ) ) ;
#1970 = CIRCLE ( 'NONE', #3563, 1.750000000000001554 ) ;
#1971 = ORIENTED_EDGE ( 'NONE', *, *, #283, .T. ) ;
#1972 = DIRECTION ( 'NONE',  ( -1.000000000000000000, -0.000000000000000000, -0.000000000000000000 ) ) ;
#1973 = CARTESIAN_POINT ( 'NONE',  ( 100.0000000000000995, 12.00000000000001776, 8.673617379884035472E-16 ) ) ;
#1974 = VECTOR ( 'NONE', #762, 1000.000000000000000 ) ;
#1975 = AXIS2_PLACEMENT_3D ( 'NONE', #95, #3191, #1139 ) ;
#1976 = DIRECTION ( 'NONE',  ( 1.000000000000000000, 0.000000000000000000, 0.000000000000000000 ) ) ;
#1977 = DIRECTION ( 'NONE',  ( 2.387576397043347250E-16, -1.000000000000000000, 3.566332975710173193E-48 ) ) ;
#1978 = CARTESIAN_POINT ( 'NONE',  ( 80.00000000000009948, 16.25000000000002132, 20.00000000000000000 ) ) ;
#1979 = AXIS2_PLACEMENT_3D ( 'NONE', #1404, #5039, #4544 ) ;
#1980 = ORIENTED_EDGE ( 'NONE', *, *, #6107, .T. ) ;
#1981 = PLANE ( 'NONE',  #6131 ) ;
#1982 = CIRCLE ( 'NONE', #1664, 7.999999999999992895 ) ;
#1983 = LINE ( 'NONE', #5925, #5253 ) ;
#1984 = LINE ( 'NONE', #5999, #1207 ) ;
#1985 = VERTEX_POINT ( 'NONE', #5664 ) ;
#1986 = AXIS2_PLACEMENT_3D ( 'NONE', #2998, #2438, #525 ) ;
#1987 = CIRCLE ( 'NONE', #5665, 6.999999999999992006 ) ;
#1988 = ADVANCED_FACE ( 'NONE', ( #171 ), #1216, .T. ) ;
#1989 = ORIENTED_EDGE ( 'NONE', *, *, #5188, .F. ) ;
#1990 = DIRECTION ( 'NONE',  ( 5.968940992608368126E-17, -1.000000000000000000, 3.271334946041490653E-50 ) ) ;
#1991 = VERTEX_POINT ( 'NONE', #4683 ) ;
#1992 = EDGE_CURVE ( 'NONE', #3225, #1267, #5089, .T. ) ;
#1993 = AXIS2_PLACEMENT_3D ( 'NONE', #2870, #338, #5890 ) ;
#1994 = ORIENTED_EDGE ( 'NONE', *, *, #1907, .T. ) ;
#1995 = ORIENTED_EDGE ( 'NONE', *, *, #2073, .F. ) ;
#1996 = DIRECTION ( 'NONE',  ( -0.000000000000000000, -0.000000000000000000, -1.000000000000000000 ) ) ;
#1998 = VECTOR ( 'NONE', #3636, 1000.000000000000000 ) ;
#1997 = DIRECTION ( 'NONE',  ( 0.000000000000000000, 0.000000000000000000, 1.000000000000000000 ) ) ;
#1999 = DIRECTION ( 'NONE',  ( 0.000000000000000000, 0.000000000000000000, 1.000000000000000000 ) ) ;
#2000 = EDGE_CURVE ( 'NONE', #5650, #3164, #208, .T. ) ;
#2001 = CARTESIAN_POINT ( 'NONE',  ( -99.99999999999991473, -11.99999999999999822, 0.000000000000000000 ) ) ;
#2002 = ORIENTED_EDGE ( 'NONE', *, *, #3304, .T. ) ;
#2003 = EDGE_LOOP ( 'NONE', ( #2467, #1330, #5483, #3560 ) ) ;
#2004 = CARTESIAN_POINT ( 'NONE',  ( -100.0000000000000142, 465.0000000000000000, 16.24999999999999289 ) ) ;
#2005 = CARTESIAN_POINT ( 'NONE',  ( 63.75000000000007105, 465.0000000000000000, -18.00000000000000355 ) ) ;
#2006 = ORIENTED_EDGE ( 'NONE', *, *, #4743, .T. ) ;
#2007 = LINE ( 'NONE', #6019, #3208 ) ;
#2008 = EDGE_CURVE ( 'NONE', #2558, #507, #3801, .T. ) ;
#2009 = DIRECTION ( 'NONE',  ( 1.000000000000000000, 0.000000000000000000, 0.000000000000000000 ) ) ;
#2010 = ADVANCED_FACE ( 'NONE', ( #4222 ), #690, .F. ) ;
#2011 = DIRECTION ( 'NONE',  ( 0.000000000000000000, 1.000000000000000000, 0.000000000000000000 ) ) ;
#2012 = LINE ( 'NONE', #2546, #2191 ) ;
#2013 = DIRECTION ( 'NONE',  ( 0.000000000000000000, 0.000000000000000000, -1.000000000000000000 ) ) ;
#2014 = ORIENTED_EDGE ( 'NONE', *, *, #2259, .F. ) ;
#2015 = FACE_OUTER_BOUND ( 'NONE', #2069, .T. ) ;
#2016 = DIRECTION ( 'NONE',  ( 0.000000000000000000, -1.000000000000000000, 0.000000000000000000 ) ) ;
#2017 = LINE ( 'NONE', #77, #4792 ) ;
#2018 = ADVANCED_FACE ( 'NONE', ( #3303 ), #4189, .F. ) ;
#2019 = VERTEX_POINT ( 'NONE', #3175 ) ;
#2020 = CARTESIAN_POINT ( 'NONE',  ( 60.00000000000009237, -11.99999999999997868, -8.673617379884035472E-16 ) ) ;
#2021 = ORIENTED_EDGE ( 'NONE', *, *, #3975, .T. ) ;
#2022 = FACE_OUTER_BOUND ( 'NONE', #2848, .T. ) ;
#2023 = ORIENTED_EDGE ( 'NONE', *, *, #5886, .F. ) ;
#2024 = ORIENTED_EDGE ( 'NONE', *, *, #2981, .T. ) ;
#2025 = ORIENTED_EDGE ( 'NONE', *, *, #620, .F. ) ;
#2026 = AXIS2_PLACEMENT_3D ( 'NONE', #4164, #4562, #4038 ) ;
#2027 = PLANE ( 'NONE',  #3531 ) ;
#2028 = FACE_OUTER_BOUND ( 'NONE', #445, .T. ) ;
#2029 = ORIENTED_EDGE ( 'NONE', *, *, #1474, .T. ) ;
#2030 = ORIENTED_EDGE ( 'NONE', *, *, #2275, .F. ) ;
#2031 = DIRECTION ( 'NONE',  ( -1.000000000000000000, 2.891205793294677833E-16, 0.000000000000000000 ) ) ;
#2032 = CIRCLE ( 'NONE', #6337, 8.500000000000007105 ) ;
#2033 = EDGE_CURVE ( 'NONE', #5377, #6203, #460, .T. ) ;
#2034 = CARTESIAN_POINT ( 'NONE',  ( -80.00000000000009948, 15.99999999999999645, 79.99999999999998579 ) ) ;
#2035 = ORIENTED_EDGE ( 'NONE', *, *, #1522, .F. ) ;
#2036 = CARTESIAN_POINT ( 'NONE',  ( 91.99999999999991473, 16.00000000000000000, -95.00000000000000000 ) ) ;
#2037 = CARTESIAN_POINT ( 'NONE',  ( 125.0000000000001705, 473.0000000000001137, -30.00000000000000000 ) ) ;
#2038 = VECTOR ( 'NONE', #3603, 1000.000000000000000 ) ;
#2039 = CARTESIAN_POINT ( 'NONE',  ( 115.0000000000000568, 565.4342007203531466, -30.00000000000000000 ) ) ;
#2040 = ADVANCED_FACE ( 'NONE', ( #5727 ), #6190, .F. ) ;
#2041 = CARTESIAN_POINT ( 'NONE',  ( 98.00000000000007105, 465.0000000000000000, 16.25000000000000000 ) ) ;
#2042 = VECTOR ( 'NONE', #545, 1000.000000000000000 ) ;
#2043 = EDGE_CURVE ( 'NONE', #965, #4252, #5507, .T. ) ;
#2044 = CARTESIAN_POINT ( 'NONE',  ( -80.00000000000009948, 15.99999999999999645, -79.99999999999998579 ) ) ;
#2045 = ORIENTED_EDGE ( 'NONE', *, *, #5971, .T. ) ;
#2046 = CYLINDRICAL_SURFACE ( 'NONE', #4040, 15.00000000000000000 ) ;
#2047 = LINE ( 'NONE', #4032, #3685 ) ;
#2048 = DIRECTION ( 'NONE',  ( -0.000000000000000000, -0.000000000000000000, -1.000000000000000000 ) ) ;
#2049 = CIRCLE ( 'NONE', #54, 8.500000000000007105 ) ;
#2050 = ORIENTED_EDGE ( 'NONE', *, *, #2095, .F. ) ;
#2051 = AXIS2_PLACEMENT_3D ( 'NONE', #6211, #6274, #4770 ) ;
#2052 = EDGE_CURVE ( 'NONE', #3894, #5289, #1681, .T. ) ;
#2053 = ADVANCED_FACE ( 'NONE', ( #2804 ), #2771, .T. ) ;
#2054 = CYLINDRICAL_SURFACE ( 'NONE', #4720, 8.500000000000007105 ) ;
#2055 = CIRCLE ( 'NONE', #4997, 8.500000000000007105 ) ;
#2056 = ORIENTED_EDGE ( 'NONE', *, *, #2208, .T. ) ;
#2057 = CARTESIAN_POINT ( 'NONE',  ( -59.99999999999990052, 12.00000000000000000, 0.000000000000000000 ) ) ;
#2058 = ORIENTED_EDGE ( 'NONE', *, *, #1836, .F. ) ;
#2059 = ORIENTED_EDGE ( 'NONE', *, *, #1967, .F. ) ;
#2060 = AXIS2_PLACEMENT_3D ( 'NONE', #32, #4647, #2641 ) ;
#2061 = ORIENTED_EDGE ( 'NONE', *, *, #5853, .F. ) ;
#2062 = DIRECTION ( 'NONE',  ( 0.000000000000000000, 0.000000000000000000, 1.000000000000000000 ) ) ;
#2063 = DIRECTION ( 'NONE',  ( 2.387576397043347250E-16, -1.000000000000000000, 3.566332975710173193E-48 ) ) ;
#2064 = CARTESIAN_POINT ( 'NONE',  ( -118.0000000000000000, 605.0000000000001137, 30.00000000000000000 ) ) ;
#2065 = ORIENTED_EDGE ( 'NONE', *, *, #4113, .F. ) ;
#2066 = VERTEX_POINT ( 'NONE', #4286 ) ;
#2067 = CARTESIAN_POINT ( 'NONE',  ( 125.0000000000001705, 603.0000000000003411, -14.99999999999996447 ) ) ;
#2068 = CARTESIAN_POINT ( 'NONE',  ( -59.99999999999991473, 16.25000000000035527, -18.00000000000000000 ) ) ;
#2069 = EDGE_LOOP ( 'NONE', ( #4508, #2227, #4804, #321 ) ) ;
#2070 = DIRECTION ( 'NONE',  ( 2.891205793294677833E-16, -1.000000000000000000, 0.000000000000000000 ) ) ;
#2071 = VECTOR ( 'NONE', #135, 1000.000000000000000 ) ;
#2072 = FACE_OUTER_BOUND ( 'NONE', #6294, .T. ) ;
#2073 = EDGE_CURVE ( 'NONE', #287, #371, #3729, .T. ) ;
#2074 = DIRECTION ( 'NONE',  ( 0.000000000000000000, 0.000000000000000000, 1.000000000000000000 ) ) ;
#2075 = VECTOR ( 'NONE', #4746, 1000.000000000000000 ) ;
#2076 = CARTESIAN_POINT ( 'NONE',  ( 91.99999999999990052, -12.00000000000000000, -100.0000000000000000 ) ) ;
#2077 = CARTESIAN_POINT ( 'NONE',  ( 125.0000000000001705, 603.0000000000003411, 14.99999999999896971 ) ) ;
#2078 = ORIENTED_EDGE ( 'NONE', *, *, #2536, .T. ) ;
#2079 = FACE_BOUND ( 'NONE', #4037, .T. ) ;
#2080 = CYLINDRICAL_SURFACE ( 'NONE', #3056, 8.500000000000007105 ) ;
#2081 = CYLINDRICAL_SURFACE ( 'NONE', #1943, 4.000000000000003553 ) ;
#2082 = AXIS2_PLACEMENT_3D ( 'NONE', #5100, #1600, #3626 ) ;
#2083 = VECTOR ( 'NONE', #6012, 1000.000000000000000 ) ;
#2084 = ADVANCED_FACE ( 'NONE', ( #3703 ), #726, .T. ) ;
#2085 = AXIS2_PLACEMENT_3D ( 'NONE', #220, #3351, #6301 ) ;
#2086 = ORIENTED_EDGE ( 'NONE', *, *, #440, .T. ) ;
#2087 = VECTOR ( 'NONE', #1879, 1000.000000000000000 ) ;
#2088 = AXIS2_PLACEMENT_3D ( 'NONE', #3280, #2747, #4352 ) ;
#2089 = DIRECTION ( 'NONE',  ( -1.000000000000000000, -0.000000000000000000, -0.000000000000000000 ) ) ;
#2090 = VERTEX_POINT ( 'NONE', #5693 ) ;
#2091 = LINE ( 'NONE', #1130, #1923 ) ;
#2092 = ORIENTED_EDGE ( 'NONE', *, *, #4583, .T. ) ;
#2093 = AXIS2_PLACEMENT_3D ( 'NONE', #5237, #5845, #1343 ) ;
#2094 = EDGE_CURVE ( 'NONE', #1698, #2090, #1646, .T. ) ;
#2095 = EDGE_CURVE ( 'NONE', #4545, #5181, #4566, .T. ) ;
#2096 = ORIENTED_EDGE ( 'NONE', *, *, #4227, .F. ) ;
#2097 = VERTEX_POINT ( 'NONE', #2244 ) ;
#2098 = DIRECTION ( 'NONE',  ( -5.782411586589357639E-16, 1.000000000000000000, 0.000000000000000000 ) ) ;
#2099 = PLANE ( 'NONE',  #3421 ) ;
#2100 = LINE ( 'NONE', #6110, #4505 ) ;
#2101 = ADVANCED_FACE ( 'NONE', ( #5172 ), #3370, .T. ) ;
#2102 = VERTEX_POINT ( 'NONE', #3469 ) ;
#2103 = ORIENTED_EDGE ( 'NONE', *, *, #5355, .F. ) ;
#2104 = AXIS2_PLACEMENT_3D ( 'NONE', #2261, #4333, #345 ) ;
#2105 = CARTESIAN_POINT ( 'NONE',  ( 96.25000000000007105, 465.0000000000000000, -19.99999999999999645 ) ) ;
#2106 = CARTESIAN_POINT ( 'NONE',  ( 92.00000000000009948, -19.99999999999997868, 0.000000000000000000 ) ) ;
#2107 = CARTESIAN_POINT ( 'NONE',  ( -67.99999999999991473, -12.00000000000000178, 95.00000000000000000 ) ) ;
#2108 = CARTESIAN_POINT ( 'NONE',  ( 98.00000000000007105, 465.0000000000000000, -16.25000000000000000 ) ) ;
#2109 = EDGE_CURVE ( 'NONE', #3519, #5034, #362, .T. ) ;
#2110 = CARTESIAN_POINT ( 'NONE',  ( 98.00000000000007105, 465.0000000000000000, -16.25000000000000000 ) ) ;
#2111 = DIRECTION ( 'NONE',  ( -5.782411586589357639E-16, -1.000000000000000000, -0.000000000000000000 ) ) ;
#2112 = DIRECTION ( 'NONE',  ( 0.000000000000000000, 0.000000000000000000, -1.000000000000000000 ) ) ;
#2113 = ORIENTED_EDGE ( 'NONE', *, *, #4743, .F. ) ;
#2114 = DIRECTION ( 'NONE',  ( -0.000000000000000000, 0.000000000000000000, 1.000000000000000000 ) ) ;
#2115 = DIRECTION ( 'NONE',  ( -1.000000000000000000, -1.224646799147353207E-16, -0.000000000000000000 ) ) ;
#2116 = ORIENTED_EDGE ( 'NONE', *, *, #1641, .T. ) ;
#2117 = DIRECTION ( 'NONE',  ( 1.000000000000000000, 2.220446049250311109E-16, 0.000000000000000000 ) ) ;
#2118 = DIRECTION ( 'NONE',  ( -1.000000000000000000, -1.224646799147353207E-16, 0.000000000000000000 ) ) ;
#2119 = EDGE_CURVE ( 'NONE', #3418, #5215, #1442, .T. ) ;
#2120 = ORIENTED_EDGE ( 'NONE', *, *, #3094, .T. ) ;
#2121 = DIRECTION ( 'NONE',  ( 1.000000000000000000, 0.000000000000000000, 0.000000000000000000 ) ) ;
#2122 = EDGE_LOOP ( 'NONE', ( #6008, #4074, #1464, #3914 ) ) ;
#2123 = ORIENTED_EDGE ( 'NONE', *, *, #997, .T. ) ;
#2124 = ORIENTED_EDGE ( 'NONE', *, *, #6346, .F. ) ;
#2125 = EDGE_CURVE ( 'NONE', #1283, #4159, #2784, .T. ) ;
#2126 = ADVANCED_FACE ( 'NONE', ( #2838 ), #5467, .F. ) ;
#2127 = LINE ( 'NONE', #1629, #5764 ) ;
#2128 = CYLINDRICAL_SURFACE ( 'NONE', #2689, 8.000000000000000000 ) ;
#2129 = CARTESIAN_POINT ( 'NONE',  ( -117.0000000000000142, 524.3052788474357158, 30.00000000000000000 ) ) ;
#2130 = MANIFOLD_SOLID_BREP ( '切除-拉伸3[1]', #516 ) ;
#2131 = ORIENTED_EDGE ( 'NONE', *, *, #4949, .T. ) ;
#2132 = VERTEX_POINT ( 'NONE', #1807 ) ;
#2133 = DIRECTION ( 'NONE',  ( 0.000000000000000000, -1.000000000000000000, 0.000000000000000000 ) ) ;
#2134 = CARTESIAN_POINT ( 'NONE',  ( -62.00000000000001421, 465.0000000000000000, -16.25000000000000000 ) ) ;
#2135 = ADVANCED_FACE ( 'NONE', ( #4971 ), #4851, .F. ) ;
#2136 = CARTESIAN_POINT ( 'NONE',  ( 80.00000000000009948, -20.00000000000003553, -79.99999999999998579 ) ) ;
#2137 = DIRECTION ( 'NONE',  ( -1.000000000000000000, -1.224646799147353207E-16, -0.000000000000000000 ) ) ;
#2138 = CIRCLE ( 'NONE', #248, 8.000000000000007105 ) ;
#2139 = DIRECTION ( 'NONE',  ( 0.000000000000000000, -1.000000000000000000, 0.000000000000000000 ) ) ;
#2140 = MANIFOLD_SOLID_BREP ( 'M16 螺纹孔1[2]', #2945 ) ;
#2141 = PLANE ( 'NONE',  #4090 ) ;
#2142 = CARTESIAN_POINT ( 'NONE',  ( 118.0000000000000711, 605.0000000000001137, 19.99999999999999645 ) ) ;
#2143 = AXIS2_PLACEMENT_3D ( 'NONE', #3765, #5793, #6251 ) ;
#2144 = EDGE_LOOP ( 'NONE', ( #212, #5348, #4194, #4879, #5099, #1520, #1680, #3292 ) ) ;
#2145 = PLANE ( 'NONE',  #2879 ) ;
#2146 = CARTESIAN_POINT ( 'NONE',  ( 63.75000000000007105, 465.0000000000000000, 20.00000000000000355 ) ) ;
#2147 = ORIENTED_EDGE ( 'NONE', *, *, #4939, .F. ) ;
#2148 = AXIS2_PLACEMENT_3D ( 'NONE', #3628, #5623, #3133 ) ;
#2149 = LINE ( 'NONE', #733, #5342 ) ;
#2150 = CARTESIAN_POINT ( 'NONE',  ( 60.00000000000009237, -17.99999999999998579, 16.25000000000000000 ) ) ;
#2151 = ORIENTED_EDGE ( 'NONE', *, *, #2094, .F. ) ;
#2152 = CARTESIAN_POINT ( 'NONE',  ( 92.00000000000009948, -11.99999999999998046, 0.000000000000000000 ) ) ;
#2153 = MANIFOLD_SOLID_BREP ( 'M16 螺纹孔1[3]', #5045 ) ;
#2154 = ORIENTED_EDGE ( 'NONE', *, *, #946, .T. ) ;
#2155 = VECTOR ( 'NONE', #4472, 1000.000000000000000 ) ;
#2156 = EDGE_CURVE ( 'NONE', #6424, #4124, #1313, .T. ) ;
#2157 = ORIENTED_EDGE ( 'NONE', *, *, #1241, .T. ) ;
#2158 = ORIENTED_EDGE ( 'NONE', *, *, #6000, .T. ) ;
#2159 = VECTOR ( 'NONE', #5053, 1000.000000000000000 ) ;
#2160 = PERSON_AND_ORGANIZATION_ROLE ( 'design_supplier' ) ;
#2161 = CARTESIAN_POINT ( 'NONE',  ( -114.9999999999999858, 605.0000000000001137, -30.00000000000000000 ) ) ;
#2162 = CARTESIAN_POINT ( 'NONE',  ( -59.99999999999991473, 18.00000000000000355, -16.25000000000000000 ) ) ;
#2163 = CARTESIAN_POINT ( 'NONE',  ( 80.00000000000009948, -19.99999999999998224, 16.24999999999999289 ) ) ;
#2164 = AXIS2_PLACEMENT_3D ( 'NONE', #3470, #5469, #5104 ) ;
#2165 = EDGE_CURVE ( 'NONE', #6360, #4007, #2409, .T. ) ;
#2166 = ORIENTED_EDGE ( 'NONE', *, *, #6148, .F. ) ;
#2167 = ORIENTED_EDGE ( 'NONE', *, *, #2822, .F. ) ;
#2168 = DIRECTION ( 'NONE',  ( 1.968757127242515241E-32, 0.000000000000000000, -1.000000000000000000 ) ) ;
#2169 = CARTESIAN_POINT ( 'NONE',  ( -96.25000000000001421, 465.0000000000000000, 20.00000000000000355 ) ) ;
#2170 = DIRECTION ( 'NONE',  ( 0.000000000000000000, 0.000000000000000000, -1.000000000000000000 ) ) ;
#2171 = FACE_OUTER_BOUND ( 'NONE', #4839, .T. ) ;
#2172 = EDGE_CURVE ( 'NONE', #4824, #3285, #6443, .T. ) ;
#2173 = EDGE_CURVE ( 'NONE', #4261, #1932, #669, .T. ) ;
#2174 = DIRECTION ( 'NONE',  ( 0.000000000000000000, -1.000000000000000000, 0.000000000000000000 ) ) ;
#2175 = MANIFOLD_SOLID_BREP ( '切除-拉伸3[2]', #1042 ) ;
#2176 = CARTESIAN_POINT ( 'NONE',  ( -114.9999999999999858, 615.0000000000001137, 19.99999999999999645 ) ) ;
#2177 = DIRECTION ( 'NONE',  ( 0.000000000000000000, -1.000000000000000000, 0.000000000000000000 ) ) ;
#2178 = EDGE_LOOP ( 'NONE', ( #2257, #2120, #3055, #1261 ) ) ;
#2179 = CARTESIAN_POINT ( 'NONE',  ( 122.0449085985330271, 524.4828590047433181, 30.00000000000000000 ) ) ;
#2180 = DIRECTION ( 'NONE',  ( 2.775557561562888886E-16, 1.000000000000000000, 0.000000000000000000 ) ) ;
#2181 = AXIS2_PLACEMENT_3D ( 'NONE', #1742, #4680, #5759 ) ;
#2182 = ORIENTED_EDGE ( 'NONE', *, *, #2923, .F. ) ;
#2183 = UNCERTAINTY_MEASURE_WITH_UNIT (LENGTH_MEASURE( 1.000000000000000082E-05 ), #5486, 'distance_accuracy_value', 'NONE');
#2184 = CARTESIAN_POINT ( 'NONE',  ( -91.99999999999990052, 20.00000000000000000, -8.673617379884035472E-16 ) ) ;
#2185 = FACE_OUTER_BOUND ( 'NONE', #5480, .T. ) ;
#2186 = ORIENTED_EDGE ( 'NONE', *, *, #3211, .F. ) ;
#2187 = CARTESIAN_POINT ( 'NONE',  ( -117.0000000000000426, 473.0000000000000568, -30.00000000000000000 ) ) ;
#2188 = VECTOR ( 'NONE', #4474, 1000.000000000000000 ) ;
#2189 = ORIENTED_EDGE ( 'NONE', *, *, #758, .T. ) ;
#2190 = ORIENTED_EDGE ( 'NONE', *, *, #1148, .F. ) ;
#2191 = VECTOR ( 'NONE', #4551, 1000.000000000000000 ) ;
#2192 = VECTOR ( 'NONE', #1478, 1000.000000000000000 ) ;
#2193 = ADVANCED_FACE ( 'NONE', ( #915 ), #5334, .T. ) ;
#2194 = VERTEX_POINT ( 'NONE', #458 ) ;
#2195 = DIRECTION ( 'NONE',  ( -1.000000000000000000, 0.000000000000000000, 0.000000000000000000 ) ) ;
#2196 = EDGE_CURVE ( 'NONE', #636, #3744, #429, .T. ) ;
#2197 = ORIENTED_EDGE ( 'NONE', *, *, #4075, .F. ) ;
#2198 = CARTESIAN_POINT ( 'NONE',  ( -63.75000000000001421, 465.0000000000000000, -17.99999999999999645 ) ) ;
#2199 = VECTOR ( 'NONE', #3605, 1000.000000000000000 ) ;
#2200 = AXIS2_PLACEMENT_3D ( 'NONE', #1440, #5159, #2062 ) ;
#2201 = DIRECTION ( 'NONE',  ( -1.000000000000000000, 0.000000000000000000, 0.000000000000000000 ) ) ;
#2202 = ORIENTED_EDGE ( 'NONE', *, *, #3473, .F. ) ;
#2203 = ORIENTED_EDGE ( 'NONE', *, *, #587, .F. ) ;
#2204 = DIRECTION ( 'NONE',  ( 0.000000000000000000, 1.000000000000000000, 0.000000000000000000 ) ) ;
#2205 = CIRCLE ( 'NONE', #206, 3.750000000000003553 ) ;
#2207 = CLOSED_SHELL ( 'NONE', ( #4067, #1839, #1308, #2845, #3864, #3024, #431, #3616, #1711, #3535, #2084, #557, #4989, #600, #6132, #6191, #5387, #61 ) ) ;
#2206 = CYLINDRICAL_SURFACE ( 'NONE', #824, 8.500000000000007105 ) ;
#2208 = EDGE_CURVE ( 'NONE', #4391, #1918, #983, .T. ) ;
#2209 = EDGE_CURVE ( 'NONE', #2623, #287, #364, .T. ) ;
#2210 = DIRECTION ( 'NONE',  ( 1.968757127242515241E-32, 0.000000000000000000, -1.000000000000000000 ) ) ;
#2211 = DIRECTION ( 'NONE',  ( 1.968757127242515241E-32, 0.000000000000000000, -1.000000000000000000 ) ) ;
#2212 = AXIS2_PLACEMENT_3D ( 'NONE', #959, #1021, #3046 ) ;
#2213 = DIRECTION ( 'NONE',  ( 1.000000000000000000, 0.000000000000000000, -0.000000000000000000 ) ) ;
#2214 = FACE_BOUND ( 'NONE', #1461, .T. ) ;
#2215 = LINE ( 'NONE', #4650, #2071 ) ;
#2216 = EDGE_CURVE ( 'NONE', #5675, #380, #5850, .T. ) ;
#2217 = EDGE_LOOP ( 'NONE', ( #6069, #6363, #3712, #3377 ) ) ;
#2218 = CARTESIAN_POINT ( 'NONE',  ( -91.99999999999990052, 12.00000000000000000, 95.00000000000000000 ) ) ;
#2219 = EDGE_CURVE ( 'NONE', #4886, #4417, #1873, .T. ) ;
#2220 = CARTESIAN_POINT ( 'NONE',  ( 115.0000000000000711, 615.0000000000001137, 30.00000000000000000 ) ) ;
#2221 = EDGE_LOOP ( 'NONE', ( #6284, #2029, #4132, #935 ) ) ;
#2222 = DIRECTION ( 'NONE',  ( -2.387576397043347250E-16, 1.000000000000000000, -1.532218811828647824E-49 ) ) ;
#2223 = CARTESIAN_POINT ( 'NONE',  ( 68.00000000000008527, -15.99999999999997868, -100.0000000000000000 ) ) ;
#2224 = ORIENTED_EDGE ( 'NONE', *, *, #405, .F. ) ;
#2225 = DIRECTION ( 'NONE',  ( -1.000000000000000000, 0.000000000000000000, 6.844255435263898992E-34 ) ) ;
#2226 = EDGE_CURVE ( 'NONE', #4163, #512, #5885, .T. ) ;
#2227 = ORIENTED_EDGE ( 'NONE', *, *, #3814, .F. ) ;
#2228 = VERTEX_POINT ( 'NONE', #2902 ) ;
#2229 = CARTESIAN_POINT ( 'NONE',  ( 80.00000000000009948, -15.99999999999997868, -71.49999999999998579 ) ) ;
#2230 = VERTEX_POINT ( 'NONE', #4910 ) ;
#2231 = CARTESIAN_POINT ( 'NONE',  ( -114.9999999999999858, 605.0000000000001137, 30.00000000000000000 ) ) ;
#2232 = DIRECTION ( 'NONE',  ( -1.000000000000000000, -1.162929597895994043E-16, -5.473822126268816683E-48 ) ) ;
#2233 = EDGE_LOOP ( 'NONE', ( #4858, #4034, #2332, #972, #3044, #2729, #484, #235 ) ) ;
#2234 = ORIENTED_EDGE ( 'NONE', *, *, #6221, .F. ) ;
#2235 = CARTESIAN_POINT ( 'NONE',  ( -96.24999999999990052, 20.00000000000001776, -16.25000000000000000 ) ) ;
#2236 = CARTESIAN_POINT ( 'NONE',  ( 80.00000000000009948, -31.99999999999999289, -94.99999999999998579 ) ) ;
#2237 = CARTESIAN_POINT ( 'NONE',  ( -63.75000000000001421, 465.0000000000000000, 19.99999999999999645 ) ) ;
#2238 = CARTESIAN_POINT ( 'NONE',  ( -80.00000000000009948, -31.99999999999999289, 73.00000000000000000 ) ) ;
#2239 = ADVANCED_FACE ( 'NONE', ( #396 ), #5004, .T. ) ;
#2240 = CARTESIAN_POINT ( 'NONE',  ( 91.99999999999991473, 16.00000000000000000, -100.0000000000000000 ) ) ;
#2241 = CARTESIAN_POINT ( 'NONE',  ( -80.00000000000009948, -31.99999999999999289, 64.99999999999998579 ) ) ;
#2242 = CYLINDRICAL_SURFACE ( 'NONE', #5644, 8.500000000000007105 ) ;
#2243 = ORIENTED_EDGE ( 'NONE', *, *, #5187, .F. ) ;
#2244 = CARTESIAN_POINT ( 'NONE',  ( 63.75000000000007105, 20.00000000000001776, 20.00000000000000355 ) ) ;
#2245 = FACE_BOUND ( 'NONE', #5357, .T. ) ;
#2246 = CIRCLE ( 'NONE', #3930, 8.000000000000007105 ) ;
#2247 = ADVANCED_FACE ( 'NONE', ( #2571 ), #527, .T. ) ;
#2248 = VERTEX_POINT ( 'NONE', #3036 ) ;
#2249 = DIRECTION ( 'NONE',  ( 0.000000000000000000, 0.000000000000000000, 1.000000000000000000 ) ) ;
#2250 = FACE_OUTER_BOUND ( 'NONE', #5832, .T. ) ;
#2251 = AXIS2_PLACEMENT_3D ( 'NONE', #6096, #2114, #4125 ) ;
#2252 = CARTESIAN_POINT ( 'NONE',  ( 115.0000000000000711, 603.0000000000003411, -11.49999999999995737 ) ) ;
#2253 = ORIENTED_EDGE ( 'NONE', *, *, #2608, .T. ) ;
#2254 = DIRECTION ( 'NONE',  ( 0.9850304671557075231, 0.1723803317522292489, 0.000000000000000000 ) ) ;
#2255 = CARTESIAN_POINT ( 'NONE',  ( 68.00000000000009948, -11.99999999999997868, -100.0000000000000000 ) ) ;
#2256 = AXIS2_PLACEMENT_3D ( 'NONE', #3670, #2674, #303 ) ;
#2257 = ORIENTED_EDGE ( 'NONE', *, *, #2367, .F. ) ;
#2258 = EDGE_CURVE ( 'NONE', #3247, #4682, #4088, .T. ) ;
#2259 = EDGE_CURVE ( 'NONE', #11, #4163, #1113, .T. ) ;
#2260 = AXIS2_PLACEMENT_3D ( 'NONE', #3852, #386, #4440 ) ;
#2261 = CARTESIAN_POINT ( 'NONE',  ( -122.0000000000000284, 524.3052788474357158, 30.00000000000000000 ) ) ;
#2262 = CARTESIAN_POINT ( 'NONE',  ( -59.99999999999991473, 16.25000000000002132, 18.00000000000000000 ) ) ;
#2263 = ORIENTED_EDGE ( 'NONE', *, *, #2659, .T. ) ;
#2264 = VERTEX_POINT ( 'NONE', #1540 ) ;
#2265 = AXIS2_PLACEMENT_3D ( 'NONE', #110, #6097, #4126 ) ;
#2266 = ORIENTED_EDGE ( 'NONE', *, *, #4709, .F. ) ;
#2267 = AXIS2_PLACEMENT_3D ( 'NONE', #1206, #4309, #2336 ) ;
#2268 = CARTESIAN_POINT ( 'NONE',  ( 96.25000000000009948, 20.00000000000001776, 20.00000000000000355 ) ) ;
#2269 = DIRECTION ( 'NONE',  ( 0.000000000000000000, 3.160343196191257749E-48, 1.000000000000000000 ) ) ;
#2270 = AXIS2_PLACEMENT_3D ( 'NONE', #1745, #691, #4223 ) ;
#2271 = DIRECTION ( 'NONE',  ( 0.000000000000000000, 1.000000000000000000, 0.000000000000000000 ) ) ;
#2272 = DIRECTION ( 'NONE',  ( -1.000000000000000000, 2.775557561562888886E-16, 0.000000000000000000 ) ) ;
#2273 = CARTESIAN_POINT ( 'NONE',  ( -80.00000000000009948, -20.00000000000003553, 79.99999999999998579 ) ) ;
#2274 = AXIS2_PLACEMENT_3D ( 'NONE', #1274, #5754, #4708 ) ;
#2275 = EDGE_CURVE ( 'NONE', #4448, #5383, #1578, .T. ) ;
#2276 = CARTESIAN_POINT ( 'NONE',  ( -80.00000000000009948, -19.99999999999999289, -94.99999999999998579 ) ) ;
#2277 = DIRECTION ( 'NONE',  ( 2.775557561562888886E-16, -1.000000000000000000, 0.000000000000000000 ) ) ;
#2278 = VERTEX_POINT ( 'NONE', #2036 ) ;
#2279 = CARTESIAN_POINT ( 'NONE',  ( -67.99999999999991473, 12.00000000000000000, 8.673617379884035472E-16 ) ) ;
#2280 = EDGE_CURVE ( 'NONE', #2132, #4598, #5072, .T. ) ;
#2281 = DIRECTION ( 'NONE',  ( 6.844255435263898992E-34, 0.000000000000000000, -1.000000000000000000 ) ) ;
#2282 = ORIENTED_EDGE ( 'NONE', *, *, #5287, .T. ) ;
#2283 = FACE_OUTER_BOUND ( 'NONE', #4109, .T. ) ;
#2284 = CARTESIAN_POINT ( 'NONE',  ( 125.0000000000001705, 465.0000000000000568, 30.00000000000000000 ) ) ;
#2285 = DIRECTION ( 'NONE',  ( 6.844255435263898992E-34, 0.000000000000000000, -1.000000000000000000 ) ) ;
#2286 = EDGE_LOOP ( 'NONE', ( #3006, #6508, #5970, #6250 ) ) ;
#2287 = CARTESIAN_POINT ( 'NONE',  ( -91.99999999999991473, 16.00000000000000000, -95.00000000000000000 ) ) ;
#2288 = MANIFOLD_SOLID_BREP ( 'M16 螺纹孔1[4]', #5567 ) ;
#2289 = EDGE_CURVE ( 'NONE', #2491, #1560, #4251, .T. ) ;
#2290 = CARTESIAN_POINT ( 'NONE',  ( -60.00000000000001421, 465.0000000000000000, -16.24999999999999289 ) ) ;
#2291 = VECTOR ( 'NONE', #5599, 1000.000000000000000 ) ;
#2292 = EDGE_LOOP ( 'NONE', ( #797, #2361, #4636, #2636 ) ) ;
#2293 = CIRCLE ( 'NONE', #6374, 1.750000000000001554 ) ;
#2294 = CARTESIAN_POINT ( 'NONE',  ( 60.00000000000009237, -17.99999999999998579, -16.25000000000000000 ) ) ;
#2295 = DIRECTION ( 'NONE',  ( 1.224646799147353207E-16, -1.000000000000000000, 0.000000000000000000 ) ) ;
#2296 = VERTEX_POINT ( 'NONE', #1052 ) ;
#2297 = EDGE_CURVE ( 'NONE', #1267, #350, #5135, .T. ) ;
#2298 = EDGE_CURVE ( 'NONE', #5041, #2302, #6040, .T. ) ;
#2299 = VECTOR ( 'NONE', #2989, 1000.000000000000000 ) ;
#2300 = AXIS2_PLACEMENT_3D ( 'NONE', #254, #2758, #125 ) ;
#2301 = EDGE_LOOP ( 'NONE', ( #1045, #1565, #6328, #1872, #2552, #3747, #1845, #5959 ) ) ;
#2302 = VERTEX_POINT ( 'NONE', #590 ) ;
#2303 = CARTESIAN_POINT ( 'NONE',  ( 96.25000000000007105, 465.0000000000000000, -19.99999999999999645 ) ) ;
#2304 = ADVANCED_BREP_SHAPE_REPRESENTATION ( 'RM-JJ-00084398-01', ( #44, #6440, #6490, #4397, #130, #4322, #2130, #2175, #4410, #2140, #2153, #2288, #4681 ), #4266 ) ;
#2305 = DIRECTION ( 'NONE',  ( 1.000000000000000000, 0.000000000000000000, 0.000000000000000000 ) ) ;
#2306 = CIRCLE ( 'NONE', #1868, 3.500000000000058620 ) ;
#2307 = VECTOR ( 'NONE', #1942, 1000.000000000000000 ) ;
#2308 = CARTESIAN_POINT ( 'NONE',  ( 92.00000000000009948, -19.99999999999997868, 100.0000000000000000 ) ) ;
#2309 = EDGE_CURVE ( 'NONE', #4369, #2230, #1079, .T. ) ;
#2310 = DIRECTION ( 'NONE',  ( 0.000000000000000000, -1.000000000000000000, 0.000000000000000000 ) ) ;
#2311 = CIRCLE ( 'NONE', #6498, 5.000000000000004441 ) ;
#2312 = DIRECTION ( 'NONE',  ( -1.000000000000000000, 0.000000000000000000, 0.000000000000000000 ) ) ;
#2313 = CARTESIAN_POINT ( 'NONE',  ( -67.99999999999990052, -16.00000000000000000, -100.0000000000000000 ) ) ;
#2314 = DIRECTION ( 'NONE',  ( 0.000000000000000000, 0.000000000000000000, 1.000000000000000000 ) ) ;
#2315 = EDGE_LOOP ( 'NONE', ( #616, #96, #838, #3440 ) ) ;
#2316 = DIRECTION ( 'NONE',  ( 1.000000000000000000, 5.968940992608368126E-17, 3.421138828918010427E-49 ) ) ;
#2317 = CIRCLE ( 'NONE', #2527, 15.00000000000000000 ) ;
#2318 = CARTESIAN_POINT ( 'NONE',  ( -59.99999999999991473, -16.25000000000024869, 19.99999999999999645 ) ) ;
#2319 = ORIENTED_EDGE ( 'NONE', *, *, #996, .F. ) ;
#2320 = DIRECTION ( 'NONE',  ( 0.000000000000000000, 0.000000000000000000, -1.000000000000000000 ) ) ;
#2321 = AXIS2_PLACEMENT_3D ( 'NONE', #4123, #5630, #2547 ) ;
#2322 = DIRECTION ( 'NONE',  ( 1.000000000000000000, 1.162929597895994043E-16, 5.473822126268816683E-48 ) ) ;
#2323 = CARTESIAN_POINT ( 'NONE',  ( 67.99999999999990052, 16.00000000000000000, -95.00000000000000000 ) ) ;
#2324 = ORIENTED_EDGE ( 'NONE', *, *, #109, .T. ) ;
#2325 = PLANE ( 'NONE',  #1818 ) ;
#2326 = CARTESIAN_POINT ( 'NONE',  ( 80.00000000000009948, -20.00000000000003553, -88.50000000000000000 ) ) ;
#2327 = EDGE_LOOP ( 'NONE', ( #3163, #5473, #4895, #5239 ) ) ;
#2328 = DIRECTION ( 'NONE',  ( 0.000000000000000000, 0.000000000000000000, -1.000000000000000000 ) ) ;
#2329 = CARTESIAN_POINT ( 'NONE',  ( -95.99999999999990052, 11.99999999999999645, -100.0000000000000000 ) ) ;
#2330 = ORIENTED_EDGE ( 'NONE', *, *, #3750, .F. ) ;
#2331 = ORIENTED_EDGE ( 'NONE', *, *, #4827, .F. ) ;
#2332 = ORIENTED_EDGE ( 'NONE', *, *, #1389, .T. ) ;
#2333 = EDGE_CURVE ( 'NONE', #341, #1719, #1604, .T. ) ;
#2334 = CYLINDRICAL_SURFACE ( 'NONE', #6489, 1.750000000000001554 ) ;
#2335 = ADVANCED_FACE ( 'NONE', ( #4 ), #4613, .F. ) ;
#2336 = DIRECTION ( 'NONE',  ( 0.000000000000000000, 0.000000000000000000, 1.000000000000000000 ) ) ;
#2337 = DIRECTION ( 'NONE',  ( 1.000000000000000000, 0.000000000000000000, 0.000000000000000000 ) ) ;
#2338 = LINE ( 'NONE', #4935, #5941 ) ;
#2339 = LINE ( 'NONE', #4281, #5330 ) ;
#2340 = EDGE_CURVE ( 'NONE', #1499, #1723, #2007, .T. ) ;
#2341 = LINE ( 'NONE', #6339, #1248 ) ;
#2342 = LINE ( 'NONE', #2802, #5848 ) ;
#2343 = ORIENTED_EDGE ( 'NONE', *, *, #260, .T. ) ;
#2344 = CARTESIAN_POINT ( 'NONE',  ( 80.00000000000009948, -31.99999999999999289, 73.00000000000000000 ) ) ;
#2345 = LINE ( 'NONE', #1941, #5735 ) ;
#2346 = CARTESIAN_POINT ( 'NONE',  ( -91.99999999999990052, -15.99999999999999289, 95.00000000000000000 ) ) ;
#2347 = LINE ( 'NONE', #3403, #5972 ) ;
#2348 = CARTESIAN_POINT ( 'NONE',  ( 117.0000000000001563, 468.0000000000000568, -30.00000000000000000 ) ) ;
#2349 = VECTOR ( 'NONE', #4199, 1000.000000000000000 ) ;
#2350 = VERTEX_POINT ( 'NONE', #5042 ) ;
#2351 = DIRECTION ( 'NONE',  ( -1.000000000000000000, -1.162929597895994043E-16, -6.842277657836020854E-49 ) ) ;
#2352 = EDGE_LOOP ( 'NONE', ( #3943, #2385, #5158, #2691 ) ) ;
#2353 = CARTESIAN_POINT ( 'NONE',  ( -91.99999999999991473, -16.00000000000000000, 0.000000000000000000 ) ) ;
#2354 = ORIENTED_EDGE ( 'NONE', *, *, #4255, .T. ) ;
#2355 = AXIS2_PLACEMENT_3D ( 'NONE', #3587, #3084, #2121 ) ;
#2356 = CARTESIAN_POINT ( 'NONE',  ( 67.99999999999990052, -16.00000000000000000, -95.00000000000000000 ) ) ;
#2357 = DIRECTION ( 'NONE',  ( -0.000000000000000000, -1.000000000000000000, -0.000000000000000000 ) ) ;
#2358 = ORIENTED_EDGE ( 'NONE', *, *, #2173, .F. ) ;
#2359 = AXIS2_PLACEMENT_3D ( 'NONE', #1417, #5997, #4887 ) ;
#2360 = ADVANCED_FACE ( 'NONE', ( #1506 ), #3533, .F. ) ;
#2361 = ORIENTED_EDGE ( 'NONE', *, *, #123, .F. ) ;
#2362 = EDGE_LOOP ( 'NONE', ( #5452, #2909, #5523, #5022 ) ) ;
#2363 = DIRECTION ( 'NONE',  ( 2.387576397043347250E-16, -1.000000000000000000, 3.566332975710173193E-48 ) ) ;
#2364 = VECTOR ( 'NONE', #3000, 1000.000000000000000 ) ;
#2365 = APPROVAL_ROLE ( '' ) ;
#2366 = DIRECTION ( 'NONE',  ( 0.000000000000000000, 1.000000000000000000, 0.000000000000000000 ) ) ;
#2367 = EDGE_CURVE ( 'NONE', #5903, #1046, #4779, .T. ) ;
#2368 = CARTESIAN_POINT ( 'NONE',  ( 115.0000000000000568, 565.4342007203531466, 30.00000000000000000 ) ) ;
#2369 = VECTOR ( 'NONE', #3662, 1000.000000000000000 ) ;
#2370 = AXIS2_PLACEMENT_3D ( 'NONE', #5385, #903, #384 ) ;
#2371 = CARTESIAN_POINT ( 'NONE',  ( -67.99999999999991473, 12.00000000000000000, -100.0000000000000000 ) ) ;
#2372 = DIRECTION ( 'NONE',  ( 0.000000000000000000, 1.000000000000000000, 0.000000000000000000 ) ) ;
#2373 = PLANE ( 'NONE',  #5231 ) ;
#2374 = EDGE_LOOP ( 'NONE', ( #1958, #6194, #3922, #2712 ) ) ;
#2375 = DIRECTION ( 'NONE',  ( 0.000000000000000000, -1.000000000000000000, 0.000000000000000000 ) ) ;
#2376 = DIRECTION ( 'NONE',  ( -0.000000000000000000, -0.000000000000000000, -1.000000000000000000 ) ) ;
#2377 = ADVANCED_FACE ( 'NONE', ( #5530 ), #1010, .T. ) ;
#2378 = EDGE_CURVE ( 'NONE', #4598, #5861, #5092, .T. ) ;
#2379 = VECTOR ( 'NONE', #5531, 1000.000000000000000 ) ;
#2380 = CARTESIAN_POINT ( 'NONE',  ( -62.00000000000001421, 465.0000000000000000, 16.25000000000000000 ) ) ;
#2381 = DIRECTION ( 'NONE',  ( 0.000000000000000000, 0.000000000000000000, -1.000000000000000000 ) ) ;
#2382 = DIRECTION ( 'NONE',  ( -0.000000000000000000, 0.000000000000000000, -1.000000000000000000 ) ) ;
#2383 = ORIENTED_EDGE ( 'NONE', *, *, #548, .T. ) ;
#2384 = CARTESIAN_POINT ( 'NONE',  ( 60.00000000000009237, -16.25000000000087397, -20.00000000000000000 ) ) ;
#2385 = ORIENTED_EDGE ( 'NONE', *, *, #2209, .F. ) ;
#2386 = DIRECTION ( 'NONE',  ( 0.000000000000000000, 0.000000000000000000, 1.000000000000000000 ) ) ;
#2387 = ORIENTED_EDGE ( 'NONE', *, *, #1189, .T. ) ;
#2388 = LINE ( 'NONE', #1363, #521 ) ;
#2389 = DIRECTION ( 'NONE',  ( -0.000000000000000000, -0.000000000000000000, -1.000000000000000000 ) ) ;
#2390 = ORIENTED_EDGE ( 'NONE', *, *, #1131, .F. ) ;
#2391 = ORIENTED_EDGE ( 'NONE', *, *, #5908, .T. ) ;
#2392 = VECTOR ( 'NONE', #3919, 1000.000000000000000 ) ;
#2393 = ORIENTED_EDGE ( 'NONE', *, *, #6062, .T. ) ;
#2394 = AXIS2_PLACEMENT_3D ( 'NONE', #879, #4941, #2439 ) ;
#2395 = CARTESIAN_POINT ( 'NONE',  ( 118.0000000000000711, 605.0000000000001137, 30.00000000000000000 ) ) ;
#2396 = EDGE_CURVE ( 'NONE', #1786, #4563, #6212, .T. ) ;
#2397 = CARTESIAN_POINT ( 'NONE',  ( 80.00000000000009948, -31.99999999999999289, -64.99999999999998579 ) ) ;
#2398 = AXIS2_PLACEMENT_3D ( 'NONE', #537, #601, #991 ) ;
#2399 = DIRECTION ( 'NONE',  ( -1.000000000000000000, 0.000000000000000000, 1.968757127242514694E-32 ) ) ;
#2400 = ORIENTED_EDGE ( 'NONE', *, *, #3661, .T. ) ;
#2401 = LINE ( 'NONE', #4414, #2392 ) ;
#2402 = CIRCLE ( 'NONE', #3253, 4.000000000000003553 ) ;
#2403 = AXIS2_PLACEMENT_3D ( 'NONE', #1878, #5731, #275 ) ;
#2404 = EDGE_CURVE ( 'NONE', #3302, #4909, #2883, .T. ) ;
#2405 = CYLINDRICAL_SURFACE ( 'NONE', #3471, 4.000000000000003553 ) ;
#2406 = EDGE_CURVE ( 'NONE', #3987, #3783, #3941, .T. ) ;
#2407 = FACE_OUTER_BOUND ( 'NONE', #1583, .T. ) ;
#2408 = VERTEX_POINT ( 'NONE', #229 ) ;
#2409 = LINE ( 'NONE', #2344, #4465 ) ;
#2410 = FACE_OUTER_BOUND ( 'NONE', #1954, .T. ) ;
#2411 = VECTOR ( 'NONE', #3990, 1000.000000000000000 ) ;
#2412 = VECTOR ( 'NONE', #251, 1000.000000000000000 ) ;
#2413 = DIRECTION ( 'NONE',  ( 5.968940992608368126E-17, -1.000000000000000000, 3.271334946041490653E-50 ) ) ;
#2414 = EDGE_CURVE ( 'NONE', #3824, #2296, #5301, .T. ) ;
#2415 = DIRECTION ( 'NONE',  ( 2.387576397043347250E-16, -1.000000000000000000, 3.566332975710173193E-48 ) ) ;
#2416 = EDGE_CURVE ( 'NONE', #1645, #5610, #1273, .T. ) ;
#2417 = CYLINDRICAL_SURFACE ( 'NONE', #1783, 1.750000000000001554 ) ;
#2418 = AXIS2_PLACEMENT_3D ( 'NONE', #3968, #6030, #3409 ) ;
#2419 = VERTEX_POINT ( 'NONE', #2701 ) ;
#2420 = DIRECTION ( 'NONE',  ( 1.000000000000000000, 0.000000000000000000, 0.000000000000000000 ) ) ;
#2421 = CYLINDRICAL_SURFACE ( 'NONE', #6405, 1.750000000000001554 ) ;
#2422 = DIRECTION ( 'NONE',  ( 1.000000000000000000, 0.000000000000000000, 0.000000000000000000 ) ) ;
#2423 = VECTOR ( 'NONE', #3245, 1000.000000000000000 ) ;
#2424 = ORIENTED_EDGE ( 'NONE', *, *, #1641, .F. ) ;
#2425 = ADVANCED_FACE ( 'NONE', ( #4706 ), #4244, .T. ) ;
#2426 = ORIENTED_EDGE ( 'NONE', *, *, #876, .T. ) ;
#2427 = DIRECTION ( 'NONE',  ( -2.387576397043347250E-16, 1.000000000000000000, -3.566332975710173193E-48 ) ) ;
#2428 = EDGE_LOOP ( 'NONE', ( #704, #595, #3872, #5807 ) ) ;
#2429 = VERTEX_POINT ( 'NONE', #4646 ) ;
#2430 = ORIENTED_EDGE ( 'NONE', *, *, #160, .T. ) ;
#2431 = DIRECTION ( 'NONE',  ( 1.000000000000000000, 0.000000000000000000, 0.000000000000000000 ) ) ;
#2432 = DIRECTION ( 'NONE',  ( 0.000000000000000000, -1.000000000000000000, 0.000000000000000000 ) ) ;
#2433 = PLANE ( 'NONE',  #1202 ) ;
#2434 = DIRECTION ( 'NONE',  ( 0.000000000000000000, 0.000000000000000000, -1.000000000000000000 ) ) ;
#2435 = ORIENTED_EDGE ( 'NONE', *, *, #3073, .T. ) ;
#2436 = ORIENTED_EDGE ( 'NONE', *, *, #4549, .F. ) ;
#2437 = DIRECTION ( 'NONE',  ( 1.000000000000000000, 0.000000000000000000, 0.000000000000000000 ) ) ;
#2438 = DIRECTION ( 'NONE',  ( 0.000000000000000000, 1.000000000000000000, 0.000000000000000000 ) ) ;
#2439 = DIRECTION ( 'NONE',  ( -1.968757127242515241E-32, 0.000000000000000000, 1.000000000000000000 ) ) ;
#2440 = ORIENTED_EDGE ( 'NONE', *, *, #955, .F. ) ;
#2441 = DIRECTION ( 'NONE',  ( 0.000000000000000000, 1.000000000000000000, 0.000000000000000000 ) ) ;
#2442 = CARTESIAN_POINT ( 'NONE',  ( -118.0748476642215081, 564.5722990615913659, -30.00000000000000000 ) ) ;
#2443 = ADVANCED_FACE ( 'NONE', ( #4744 ), #2666, .F. ) ;
#2444 = DIRECTION ( 'NONE',  ( 0.000000000000000000, -1.000000000000000000, 0.000000000000000000 ) ) ;
#2445 = DIRECTION ( 'NONE',  ( -0.000000000000000000, -0.000000000000000000, -1.000000000000000000 ) ) ;
#2446 = DIRECTION ( 'NONE',  ( -1.000000000000000000, 2.891205793294677833E-16, 0.000000000000000000 ) ) ;
#2447 = EDGE_LOOP ( 'NONE', ( #4978, #6325, #3971, #149 ) ) ;
#2448 = DIRECTION ( 'NONE',  ( 1.000000000000000000, 0.000000000000000000, 0.000000000000000000 ) ) ;
#2449 = DIRECTION ( 'NONE',  ( -1.000000000000000000, -1.224646799147353207E-16, -0.000000000000000000 ) ) ;
#2450 = DIRECTION ( 'NONE',  ( 0.000000000000000000, 0.000000000000000000, -1.000000000000000000 ) ) ;
#2451 = EDGE_CURVE ( 'NONE', #5054, #1688, #1518, .T. ) ;
#2452 = ORIENTED_EDGE ( 'NONE', *, *, #3504, .T. ) ;
#2453 = EDGE_LOOP ( 'NONE', ( #4515, #2817, #3858, #1893, #4365, #3263, #6130, #5699 ) ) ;
#2454 = DIRECTION ( 'NONE',  ( 0.000000000000000000, -1.000000000000000000, 0.000000000000000000 ) ) ;
#2455 = EDGE_LOOP ( 'NONE', ( #4850, #1165 ) ) ;
#2456 = AXIS2_PLACEMENT_3D ( 'NONE', #4072, #6102, #1559 ) ;
#2457 = EDGE_CURVE ( 'NONE', #6353, #2558, #5098, .T. ) ;
#2458 = EDGE_CURVE ( 'NONE', #3425, #6209, #3757, .T. ) ;
#2459 = ORIENTED_EDGE ( 'NONE', *, *, #475, .F. ) ;
#2460 = ORIENTED_EDGE ( 'NONE', *, *, #3898, .F. ) ;
#2461 = DIRECTION ( 'NONE',  ( 0.1723803317522496770, 0.9850304671557039704, 0.000000000000000000 ) ) ;
#2462 = PERSON_AND_ORGANIZATION ( #410, #6463 ) ;
#2463 = CARTESIAN_POINT ( 'NONE',  ( 115.0000000000000568, 565.0000000000001137, 30.00000000000000000 ) ) ;
#2464 = CYLINDRICAL_SURFACE ( 'NONE', #3436, 8.500000000000007105 ) ;
#2465 = ORIENTED_EDGE ( 'NONE', *, *, #1230, .F. ) ;
#2466 = VECTOR ( 'NONE', #882, 1000.000000000000000 ) ;
#2467 = ORIENTED_EDGE ( 'NONE', *, *, #4693, .F. ) ;
#2468 = DIRECTION ( 'NONE',  ( -0.000000000000000000, -1.000000000000000000, -0.000000000000000000 ) ) ;
#2469 = CARTESIAN_POINT ( 'NONE',  ( -80.00000000000009948, -16.00000000000000000, -71.49999999999998579 ) ) ;
#2470 = ORIENTED_EDGE ( 'NONE', *, *, #3714, .T. ) ;
#2471 = CARTESIAN_POINT ( 'NONE',  ( 67.99999999999990052, -16.00000000000000000, -95.00000000000000000 ) ) ;
#2472 = FACE_OUTER_BOUND ( 'NONE', #2221, .T. ) ;
#2473 = VECTOR ( 'NONE', #4278, 1000.000000000000000 ) ;
#2474 = EDGE_CURVE ( 'NONE', #773, #1427, #880, .T. ) ;
#2475 = CARTESIAN_POINT ( 'NONE',  ( 68.00000000000009948, -11.99999999999997868, -100.0000000000000000 ) ) ;
#2476 = VECTOR ( 'NONE', #5926, 1000.000000000000000 ) ;
#2477 = CARTESIAN_POINT ( 'NONE',  ( 96.25000000000009948, 20.00000000000001776, -16.25000000000000000 ) ) ;
#2478 = CARTESIAN_POINT ( 'NONE',  ( 91.99999999999991473, 16.00000000000000000, -95.00000000000000000 ) ) ;
#2479 = ADVANCED_FACE ( 'NONE', ( #6146 ), #750, .F. ) ;
#2480 = ORIENTED_EDGE ( 'NONE', *, *, #3593, .F. ) ;
#2481 = DIRECTION ( 'NONE',  ( -0.000000000000000000, -0.000000000000000000, -1.000000000000000000 ) ) ;
#2482 = DIRECTION ( 'NONE',  ( 0.000000000000000000, -1.000000000000000000, 0.000000000000000000 ) ) ;
#2483 = CARTESIAN_POINT ( 'NONE',  ( -80.00000000000009948, 20.00000000000001421, -79.99999999999998579 ) ) ;
#2484 = AXIS2_PLACEMENT_3D ( 'NONE', #2037, #2507, #3001 ) ;
#2485 = VERTEX_POINT ( 'NONE', #1638 ) ;
#2486 = ADVANCED_FACE ( 'NONE', ( #4772 ), #5166, .F. ) ;
#2487 = ORIENTED_EDGE ( 'NONE', *, *, #1397, .T. ) ;
#2488 = DIRECTION ( 'NONE',  ( -0.9850304671557014169, -0.1723803317522635548, 0.000000000000000000 ) ) ;
#2489 = ORIENTED_EDGE ( 'NONE', *, *, #905, .T. ) ;
#2490 = EDGE_LOOP ( 'NONE', ( #2330, #4009, #738, #1489 ) ) ;
#2491 = VERTEX_POINT ( 'NONE', #163 ) ;
#2492 = CARTESIAN_POINT ( 'NONE',  ( 68.00000000000009948, -11.99999999999997868, -8.673617379884035472E-16 ) ) ;
#2493 = DATE_TIME_ROLE ( 'creation_date' ) ;
#2494 = EDGE_CURVE ( 'NONE', #4327, #4942, #6245, .T. ) ;
#2495 = DIRECTION ( 'NONE',  ( 0.1723803317522503709, -0.9850304671557038594, 0.000000000000000000 ) ) ;
#2496 = CARTESIAN_POINT ( 'NONE',  ( 96.25000000000007105, 465.0000000000000000, -16.25000000000000000 ) ) ;
#2497 = VECTOR ( 'NONE', #3988, 1000.000000000000000 ) ;
#2498 = CIRCLE ( 'NONE', #1016, 10.00000000000000888 ) ;
#2499 = ORIENTED_EDGE ( 'NONE', *, *, #3314, .F. ) ;
#2500 = EDGE_LOOP ( 'NONE', ( #3882, #5898, #1463, #5321, #1140, #2436, #5540, #4654 ) ) ;
#2501 = FACE_OUTER_BOUND ( 'NONE', #4256, .T. ) ;
#2502 = LINE ( 'NONE', #5949, #618 ) ;
#2503 = AXIS2_PLACEMENT_3D ( 'NONE', #4740, #3722, #1798 ) ;
#2504 = ADVANCED_FACE ( 'NONE', ( #5718, #6180, #1673 ), #3198, .F. ) ;
#2505 = ORIENTED_EDGE ( 'NONE', *, *, #5217, .F. ) ;
#2506 = CARTESIAN_POINT ( 'NONE',  ( 125.0000000000001705, 603.0000000000003411, -11.49999999999995737 ) ) ;
#2507 = DIRECTION ( 'NONE',  ( -0.000000000000000000, 0.000000000000000000, -1.000000000000000000 ) ) ;
#2508 = AXIS2_PLACEMENT_3D ( 'NONE', #4130, #3020, #4687 ) ;
#2509 = AXIS2_PLACEMENT_3D ( 'NONE', #3888, #5909, #6368 ) ;
#2510 = CARTESIAN_POINT ( 'NONE',  ( 100.0000000000000711, 465.0000000000000000, 16.24999999999999289 ) ) ;
#2511 = VECTOR ( 'NONE', #1793, 1000.000000000000000 ) ;
#2512 = CARTESIAN_POINT ( 'NONE',  ( -115.1197562627543931, 564.0551580663345703, 30.00000000000000000 ) ) ;
#2513 = CARTESIAN_POINT ( 'NONE',  ( 98.00000000000009948, 20.00000000000001776, -16.25000000000000000 ) ) ;
#2514 = VECTOR ( 'NONE', #911, 1000.000000000000000 ) ;
#2515 = VERTEX_POINT ( 'NONE', #3361 ) ;
#2516 = FACE_OUTER_BOUND ( 'NONE', #1759, .T. ) ;
#2517 = AXIS2_PLACEMENT_3D ( 'NONE', #1510, #2545, #4550 ) ;
#2518 = VECTOR ( 'NONE', #2195, 1000.000000000000000 ) ;
#2519 = CARTESIAN_POINT ( 'NONE',  ( 80.00000000000009948, -20.00000000000003553, -79.99999999999998579 ) ) ;
#2520 = CYLINDRICAL_SURFACE ( 'NONE', #1626, 1.750000000000001554 ) ;
#2521 = ORIENTED_EDGE ( 'NONE', *, *, #3472, .F. ) ;
#2522 = AXIS2_PLACEMENT_3D ( 'NONE', #4609, #2604, #2665 ) ;
#2523 = DIRECTION ( 'NONE',  ( 0.000000000000000000, 0.000000000000000000, 1.000000000000000000 ) ) ;
#2524 = ORIENTED_EDGE ( 'NONE', *, *, #2406, .F. ) ;
#2525 = DIRECTION ( 'NONE',  ( 1.000000000000000000, 0.000000000000000000, 0.000000000000000000 ) ) ;
#2526 = ORIENTED_EDGE ( 'NONE', *, *, #283, .F. ) ;
#2527 = AXIS2_PLACEMENT_3D ( 'NONE', #2880, #860, #2818 ) ;
#2528 = ADVANCED_FACE ( 'NONE', ( #3819 ), #5361, .T. ) ;
#2529 = ORIENTED_EDGE ( 'NONE', *, *, #2416, .T. ) ;
#2530 = VERTEX_POINT ( 'NONE', #2308 ) ;
#2531 = CARTESIAN_POINT ( 'NONE',  ( 92.00000000000009948, 20.00000000000001421, 100.0000000000000000 ) ) ;
#2532 = DIRECTION ( 'NONE',  ( -1.000000000000000000, -2.891205793294675861E-16, 8.248115961767026306E-33 ) ) ;
#2533 = CARTESIAN_POINT ( 'NONE',  ( 91.99999999999990052, 12.00000000000000000, -100.0000000000000000 ) ) ;
#2534 = EDGE_CURVE ( 'NONE', #1178, #2982, #2860, .T. ) ;
#2535 = ORIENTED_EDGE ( 'NONE', *, *, #4795, .F. ) ;
#2536 = EDGE_CURVE ( 'NONE', #1932, #4261, #3215, .T. ) ;
#2537 = ORIENTED_EDGE ( 'NONE', *, *, #6269, .F. ) ;
#2538 = PLANE ( 'NONE',  #4921 ) ;
#2539 = LINE ( 'NONE', #5493, #2411 ) ;
#2540 = VERTEX_POINT ( 'NONE', #5907 ) ;
#2541 = DIRECTION ( 'NONE',  ( -0.000000000000000000, -1.000000000000000000, -0.000000000000000000 ) ) ;
#2542 = DIRECTION ( 'NONE',  ( 0.9850304671557014169, 0.1723803317522635548, 0.000000000000000000 ) ) ;
#2543 = ADVANCED_FACE ( 'NONE', ( #4871 ), #4902, .F. ) ;
#2544 = ADVANCED_FACE ( 'NONE', ( #6367 ), #2433, .T. ) ;
#2545 = DIRECTION ( 'NONE',  ( 0.000000000000000000, 1.000000000000000000, 0.000000000000000000 ) ) ;
#2546 = CARTESIAN_POINT ( 'NONE',  ( -59.99999999999991473, -16.24999999999997868, -20.00000000000000000 ) ) ;
#2547 = DIRECTION ( 'NONE',  ( 1.000000000000000000, 0.000000000000000000, 0.000000000000000000 ) ) ;
#2548 = ORIENTED_EDGE ( 'NONE', *, *, #5275, .F. ) ;
#2549 = CARTESIAN_POINT ( 'NONE',  ( -80.00000000000009948, -19.99999999999999289, 86.99999999999998579 ) ) ;
#2550 = CYLINDRICAL_SURFACE ( 'NONE', #4519, 10.00000000000000000 ) ;
#2551 = DIRECTION ( 'NONE',  ( -0.000000000000000000, 0.000000000000000000, -1.000000000000000000 ) ) ;
#2552 = ORIENTED_EDGE ( 'NONE', *, *, #5139, .T. ) ;
#2553 = CYLINDRICAL_SURFACE ( 'NONE', #2398, 8.000000000000007105 ) ;
#2554 = ORIENTED_EDGE ( 'NONE', *, *, #639, .T. ) ;
#2555 = CARTESIAN_POINT ( 'NONE',  ( -114.9999999999999858, 615.0000000000001137, -30.00000000000000000 ) ) ;
#2556 = VERTEX_POINT ( 'NONE', #4934 ) ;
#2557 = EDGE_LOOP ( 'NONE', ( #5202, #5097, #4106, #864 ) ) ;
#2558 = VERTEX_POINT ( 'NONE', #2397 ) ;
#2559 = CARTESIAN_POINT ( 'NONE',  ( -63.99999999999990763, -12.00000000000000000, -100.0000000000000000 ) ) ;
#2560 = EDGE_CURVE ( 'NONE', #2953, #6209, #2576, .T. ) ;
#2561 = AXIS2_PLACEMENT_3D ( 'NONE', #4727, #6295, #217 ) ;
#2562 = LINE ( 'NONE', #450, #1831 ) ;
#2563 = CARTESIAN_POINT ( 'NONE',  ( -80.00000000000009948, -31.99999999999999289, -64.99999999999998579 ) ) ;
#2564 = VERTEX_POINT ( 'NONE', #1430 ) ;
#2565 = EDGE_LOOP ( 'NONE', ( #4135, #1751, #1226, #4561 ) ) ;
#2566 = LINE ( 'NONE', #6084, #88 ) ;
#2567 = CIRCLE ( 'NONE', #979, 8.500000000000007105 ) ;
#2568 = DIRECTION ( 'NONE',  ( -1.000000000000000000, 0.000000000000000000, 0.000000000000000000 ) ) ;
#2569 = EDGE_CURVE ( 'NONE', #5606, #4391, #3887, .T. ) ;
#2570 = ORIENTED_EDGE ( 'NONE', *, *, #837, .T. ) ;
#2571 = FACE_OUTER_BOUND ( 'NONE', #5808, .T. ) ;
#2572 = DIRECTION ( 'NONE',  ( -0.000000000000000000, 0.000000000000000000, -1.000000000000000000 ) ) ;
#2573 = VECTOR ( 'NONE', #5397, 1000.000000000000000 ) ;
#2574 = DIRECTION ( 'NONE',  ( 0.000000000000000000, 0.000000000000000000, 1.000000000000000000 ) ) ;
#2575 = DIRECTION ( 'NONE',  ( 5.968940992608368126E-17, -1.000000000000000000, 3.271334946041490653E-50 ) ) ;
#2576 = CIRCLE ( 'NONE', #2260, 3.750000000000003553 ) ;
#2577 = CARTESIAN_POINT ( 'NONE',  ( 80.00000000000009948, -20.00000000000003553, -88.50000000000000000 ) ) ;
#2578 = VERTEX_POINT ( 'NONE', #808 ) ;
#2579 = DIRECTION ( 'NONE',  ( -6.844255435263898992E-34, 0.000000000000000000, 1.000000000000000000 ) ) ;
#2580 = EDGE_CURVE ( 'NONE', #1267, #3225, #5518, .T. ) ;
#2581 = ADVANCED_FACE ( 'NONE', ( #1337 ), #4313, .T. ) ;
#2582 = CARTESIAN_POINT ( 'NONE',  ( 80.00000000000009948, -31.99999999999999289, 79.99999999999998579 ) ) ;
#2583 = DIRECTION ( 'NONE',  ( 6.844255435263898992E-34, 0.000000000000000000, -1.000000000000000000 ) ) ;
#2584 = CIRCLE ( 'NONE', #1834, 5.000000000000004441 ) ;
#2585 = ORIENTED_EDGE ( 'NONE', *, *, #312, .F. ) ;
#2586 = VECTOR ( 'NONE', #1244, 1000.000000000000000 ) ;
#2587 = DIRECTION ( 'NONE',  ( -0.000000000000000000, -0.000000000000000000, -1.000000000000000000 ) ) ;
#2588 = VECTOR ( 'NONE', #1280, 1000.000000000000000 ) ;
#2589 = ORIENTED_EDGE ( 'NONE', *, *, #3131, .F. ) ;
#2590 = CARTESIAN_POINT ( 'NONE',  ( 115.0000000000000568, 565.4342007203531466, 30.00000000000000000 ) ) ;
#2591 = EDGE_CURVE ( 'NONE', #5019, #633, #6406, .T. ) ;
#2592 = VERTEX_POINT ( 'NONE', #2797 ) ;
#2593 = EDGE_LOOP ( 'NONE', ( #4789, #6260, #2718, #5765 ) ) ;
#2594 = VECTOR ( 'NONE', #5196, 1000.000000000000000 ) ;
#2595 = VERTEX_POINT ( 'NONE', #5841 ) ;
#2596 = PERSON_AND_ORGANIZATION ( #410, #6463 ) ;
#2597 = DIRECTION ( 'NONE',  ( -1.000000000000000000, 2.775557561562888886E-16, 0.000000000000000000 ) ) ;
#2598 = CARTESIAN_POINT ( 'NONE',  ( -59.99999999999991473, 18.00000000000000711, 16.25000000000000000 ) ) ;
#2599 = APPROVAL ( #2630, '未指定' ) ;
#2600 = FACE_OUTER_BOUND ( 'NONE', #1065, .T. ) ;
#2601 = ORIENTED_EDGE ( 'NONE', *, *, #2297, .F. ) ;
#2602 = ORIENTED_EDGE ( 'NONE', *, *, #1931, .T. ) ;
#2603 = FACE_OUTER_BOUND ( 'NONE', #6014, .T. ) ;
#2604 = DIRECTION ( 'NONE',  ( -0.000000000000000000, -0.000000000000000000, -1.000000000000000000 ) ) ;
#2605 = DIRECTION ( 'NONE',  ( 2.387576397043347250E-16, -1.000000000000000000, 3.566332975710173193E-48 ) ) ;
#2606 = AXIS2_PLACEMENT_3D ( 'NONE', #688, #5201, #1177 ) ;
#2607 = LINE ( 'NONE', #1579, #2904 ) ;
#2608 = EDGE_CURVE ( 'NONE', #380, #3193, #1938, .T. ) ;
#2609 = CARTESIAN_POINT ( 'NONE',  ( 115.0000000000000568, 565.0000000000001137, -30.00000000000000000 ) ) ;
#2610 = AXIS2_PLACEMENT_3D ( 'NONE', #4248, #330, #752 ) ;
#2611 = DIRECTION ( 'NONE',  ( 1.000000000000000000, 0.000000000000000000, 0.000000000000000000 ) ) ;
#2612 = CARTESIAN_POINT ( 'NONE',  ( 80.00000000000009948, -31.99999999999999289, -79.99999999999998579 ) ) ;
#2613 = VERTEX_POINT ( 'NONE', #5326 ) ;
#2614 = CARTESIAN_POINT ( 'NONE',  ( -91.99999999999990052, -12.00000000000000000, -100.0000000000000000 ) ) ;
#2615 = CARTESIAN_POINT ( 'NONE',  ( -67.99999999999991473, 11.99999999999999822, 95.00000000000000000 ) ) ;
#2616 = AXIS2_PLACEMENT_3D ( 'NONE', #2959, #1859, #6403 ) ;
#2617 = ADVANCED_FACE ( 'NONE', ( #1898 ), #5294, .T. ) ;
#2618 = ORIENTED_EDGE ( 'NONE', *, *, #6371, .F. ) ;
#2619 = EDGE_CURVE ( 'NONE', #1501, #2264, #4843, .T. ) ;
#2620 = AXIS2_PLACEMENT_3D ( 'NONE', #3340, #492, #3041 ) ;
#2621 = AXIS2_PLACEMENT_3D ( 'NONE', #4151, #4182, #4092 ) ;
#2622 = LINE ( 'NONE', #5152, #189 ) ;
#2623 = VERTEX_POINT ( 'NONE', #295 ) ;
#2624 = CARTESIAN_POINT ( 'NONE',  ( -117.9999999999998295, 603.0000000000003411, -11.49999999999995737 ) ) ;
#2625 = VERTEX_POINT ( 'NONE', #5424 ) ;
#2626 = AXIS2_PLACEMENT_3D ( 'NONE', #5364, #3761, #3299 ) ;
#2627 = ORIENTED_EDGE ( 'NONE', *, *, #6299, .T. ) ;
#2628 = EDGE_CURVE ( 'NONE', #3157, #4824, #4470, .T. ) ;
#2629 = EDGE_LOOP ( 'NONE', ( #5178, #3590, #3970, #4531, #2460, #5944, #3734, #3242 ) ) ;
#2630 = APPROVAL_STATUS ( 'not_yet_approved' ) ;
#2631 = CARTESIAN_POINT ( 'NONE',  ( 60.00000000000009237, 16.25000000000001776, -18.00000000000000355 ) ) ;
#2632 = AXIS2_PLACEMENT_3D ( 'NONE', #1911, #923, #4386 ) ;
#2633 = PLANE ( 'NONE',  #3945 ) ;
#2634 = DIRECTION ( 'NONE',  ( 0.000000000000000000, -1.000000000000000000, 0.000000000000000000 ) ) ;
#2635 = EDGE_LOOP ( 'NONE', ( #2266, #1934, #464, #1781 ) ) ;
#2636 = ORIENTED_EDGE ( 'NONE', *, *, #1712, .T. ) ;
#2637 = VECTOR ( 'NONE', #1449, 1000.000000000000000 ) ;
#2638 = DIRECTION ( 'NONE',  ( -2.387576397043347250E-16, 1.000000000000000000, -3.566332975710173193E-48 ) ) ;
#2639 = LINE ( 'NONE', #4645, #1353 ) ;
#2640 = CARTESIAN_POINT ( 'NONE',  ( 80.00000000000009948, -19.99999999999999289, -79.99999999999998579 ) ) ;
#2641 = DIRECTION ( 'NONE',  ( -1.000000000000000000, 0.000000000000000000, 0.000000000000000000 ) ) ;
#2642 = DIRECTION ( 'NONE',  ( -1.000000000000000000, -0.000000000000000000, -0.000000000000000000 ) ) ;
#2643 = FACE_OUTER_BOUND ( 'NONE', #3461, .T. ) ;
#2644 = CARTESIAN_POINT ( 'NONE',  ( -91.99999999999990052, 20.00000000000000000, -100.0000000000000000 ) ) ;
#2645 = ORIENTED_EDGE ( 'NONE', *, *, #1467, .T. ) ;
#2646 = LINE ( 'NONE', #3045, #2991 ) ;
#2647 = ADVANCED_FACE ( 'NONE', ( #5980 ), #5063, .F. ) ;
#2648 = DIRECTION ( 'NONE',  ( -0.000000000000000000, 0.000000000000000000, -1.000000000000000000 ) ) ;
#2649 = EDGE_LOOP ( 'NONE', ( #5382, #3355, #4047, #4866 ) ) ;
#2650 = PLANE ( 'NONE',  #5857 ) ;
#2651 = DIRECTION ( 'NONE',  ( -1.000000000000000000, -1.224646799147353207E-16, -0.000000000000000000 ) ) ;
#2652 = ORIENTED_EDGE ( 'NONE', *, *, #4463, .F. ) ;
#2653 = CARTESIAN_POINT ( 'NONE',  ( -63.74999999999934630, 20.00000000000001776, 18.00000000000000355 ) ) ;
#2654 = EDGE_LOOP ( 'NONE', ( #672, #1558, #1170, #6491, #1192, #1270 ) ) ;
#2655 = EDGE_LOOP ( 'NONE', ( #2918, #6271, #1882, #3380 ) ) ;
#2656 = VERTEX_POINT ( 'NONE', #2598 ) ;
#2657 = CARTESIAN_POINT ( 'NONE',  ( 115.0000000000000711, 603.0000000000003411, -14.99999999999996447 ) ) ;
#2658 = CARTESIAN_POINT ( 'NONE',  ( -99.99999999999990052, -11.99999999999999822, 0.000000000000000000 ) ) ;
#2659 = EDGE_CURVE ( 'NONE', #4307, #6464, #1533, .T. ) ;
#2660 = ADVANCED_FACE ( 'NONE', ( #6011 ), #2099, .F. ) ;
#2661 = FACE_OUTER_BOUND ( 'NONE', #17, .T. ) ;
#2662 = ORIENTED_EDGE ( 'NONE', *, *, #2209, .T. ) ;
#2663 = ORIENTED_EDGE ( 'NONE', *, *, #29, .F. ) ;
#2664 = DIRECTION ( 'NONE',  ( -1.000000000000000000, -0.000000000000000000, -0.000000000000000000 ) ) ;
#2665 = DIRECTION ( 'NONE',  ( -1.000000000000000000, 0.000000000000000000, 0.000000000000000000 ) ) ;
#2666 = CYLINDRICAL_SURFACE ( 'NONE', #5200, 5.000000000000004441 ) ;
#2667 = CARTESIAN_POINT ( 'NONE',  ( -59.99999999999991473, -16.25000000000077804, 18.00000000000000000 ) ) ;
#2668 = VECTOR ( 'NONE', #3015, 1000.000000000000000 ) ;
#2669 = DIRECTION ( 'NONE',  ( -1.000000000000000000, 0.000000000000000000, 0.000000000000000000 ) ) ;
#2670 = DIRECTION ( 'NONE',  ( 1.000000000000000000, 0.000000000000000000, 0.000000000000000000 ) ) ;
#2671 = DIRECTION ( 'NONE',  ( -2.387576397043347250E-16, 1.000000000000000000, -3.566332975710173193E-48 ) ) ;
#2672 = VECTOR ( 'NONE', #1913, 1000.000000000000000 ) ;
#2673 = ORIENTED_EDGE ( 'NONE', *, *, #116, .T. ) ;
#2674 = DIRECTION ( 'NONE',  ( 0.000000000000000000, 0.000000000000000000, 1.000000000000000000 ) ) ;
#2675 = CARTESIAN_POINT ( 'NONE',  ( -80.00000000000009948, -31.99999999999999289, -79.99999999999998579 ) ) ;
#2676 = CC_DESIGN_PERSON_AND_ORGANIZATION_ASSIGNMENT ( #6432, #4471, ( #3925 ) ) ;
#2677 = ORIENTED_EDGE ( 'NONE', *, *, #405, .T. ) ;
#2678 = AXIS2_PLACEMENT_3D ( 'NONE', #3500, #2541, #4546 ) ;
#2679 = EDGE_CURVE ( 'NONE', #1234, #1499, #3091, .T. ) ;
#2680 = LINE ( 'NONE', #3147, #3977 ) ;
#2681 = FACE_OUTER_BOUND ( 'NONE', #1000, .T. ) ;
#2682 = ORIENTED_EDGE ( 'NONE', *, *, #6268, .T. ) ;
#2683 = CARTESIAN_POINT ( 'NONE',  ( -67.99999999999990052, 16.00000000000000000, -100.0000000000000000 ) ) ;
#2684 = EDGE_LOOP ( 'NONE', ( #1394, #3356, #30, #1598, #5066, #3212, #2986, #4229 ) ) ;
#2685 = AXIS2_PLACEMENT_3D ( 'NONE', #6335, #1829, #2925 ) ;
#2686 = VERTEX_POINT ( 'NONE', #6471 ) ;
#2687 = VERTEX_POINT ( 'NONE', #1496 ) ;
#2688 = EDGE_CURVE ( 'NONE', #4886, #3048, #5585, .T. ) ;
#2689 = AXIS2_PLACEMENT_3D ( 'NONE', #1630, #3655, #5646 ) ;
#2690 = FACE_OUTER_BOUND ( 'NONE', #5250, .T. ) ;
#2691 = ORIENTED_EDGE ( 'NONE', *, *, #4421, .F. ) ;
#2692 = DIRECTION ( 'NONE',  ( 0.000000000000000000, 0.000000000000000000, -1.000000000000000000 ) ) ;
#2693 = CARTESIAN_POINT ( 'NONE',  ( 80.00000000000009948, 16.00000000000002487, -79.99999999999998579 ) ) ;
#2694 = AXIS2_PLACEMENT_3D ( 'NONE', #2971, #5851, #883 ) ;
#2695 = ORIENTED_EDGE ( 'NONE', *, *, #6000, .F. ) ;
#2696 = VERTEX_POINT ( 'NONE', #4015 ) ;
#2697 = EDGE_CURVE ( 'NONE', #6082, #3, #1961, .T. ) ;
#2698 = CARTESIAN_POINT ( 'NONE',  ( -122.0000000000000284, 525.0000000000001137, -30.00000000000000000 ) ) ;
#2699 = EDGE_CURVE ( 'NONE', #389, #2696, #2562, .T. ) ;
#2700 = DIRECTION ( 'NONE',  ( 0.000000000000000000, 0.000000000000000000, 1.000000000000000000 ) ) ;
#2701 = CARTESIAN_POINT ( 'NONE',  ( -118.0000000000000000, 605.0000000000001137, -30.00000000000000000 ) ) ;
#2702 = LINE ( 'NONE', #3759, #4802 ) ;
#2703 = CARTESIAN_POINT ( 'NONE',  ( 60.00000000000009237, -16.24999999999998224, -16.25000000000000000 ) ) ;
#2704 = EDGE_CURVE ( 'NONE', #1743, #2491, #941, .T. ) ;
#2705 = CARTESIAN_POINT ( 'NONE',  ( 60.00000000000009237, 18.00000000000001776, -16.25000000000000000 ) ) ;
#2706 = CARTESIAN_POINT ( 'NONE',  ( 80.00000000000009948, -19.99999999999999289, -79.99999999999998579 ) ) ;
#2707 = ORIENTED_EDGE ( 'NONE', *, *, #5260, .F. ) ;
#2708 = DIRECTION ( 'NONE',  ( 1.000000000000000000, 0.000000000000000000, 0.000000000000000000 ) ) ;
#2709 = CARTESIAN_POINT ( 'NONE',  ( 91.99999999999991473, 16.00000000000000000, -95.00000000000000000 ) ) ;
#2710 = VECTOR ( 'NONE', #1502, 1000.000000000000000 ) ;
#2711 = AXIS2_PLACEMENT_3D ( 'NONE', #2836, #847, #1904 ) ;
#2712 = ORIENTED_EDGE ( 'NONE', *, *, #2877, .T. ) ;
#2713 = DIRECTION ( 'NONE',  ( 0.000000000000000000, 1.000000000000000000, 0.000000000000000000 ) ) ;
#2714 = CARTESIAN_POINT ( 'NONE',  ( 118.0000000000000711, 603.0000000000003411, 14.99999999999896971 ) ) ;
#2715 = AXIS2_PLACEMENT_3D ( 'NONE', #5164, #2133, #6175 ) ;
#2716 = ORIENTED_EDGE ( 'NONE', *, *, #5971, .F. ) ;
#2717 = PLANE ( 'NONE',  #2561 ) ;
#2718 = ORIENTED_EDGE ( 'NONE', *, *, #6252, .F. ) ;
#2719 = ORIENTED_EDGE ( 'NONE', *, *, #587, .T. ) ;
#2720 = AXIS2_PLACEMENT_3D ( 'NONE', #5767, #5370, #4915 ) ;
#2721 = LINE ( 'NONE', #3782, #6494 ) ;
#2722 = EDGE_LOOP ( 'NONE', ( #5068, #2673 ) ) ;
#2723 = AXIS2_PLACEMENT_3D ( 'NONE', #1116, #3700, #1176 ) ;
#2724 = CARTESIAN_POINT ( 'NONE',  ( -115.1197562627543931, 605.0000000000001137, 30.00000000000000000 ) ) ;
#2725 = AXIS2_PLACEMENT_3D ( 'NONE', #71, #4677, #2074 ) ;
#2726 = ADVANCED_FACE ( 'NONE', ( #517, #1468, #4538 ), #2027, .T. ) ;
#2727 = PLANE ( 'NONE',  #5966 ) ;
#2728 = ORIENTED_EDGE ( 'NONE', *, *, #7, .F. ) ;
#2729 = ORIENTED_EDGE ( 'NONE', *, *, #1848, .T. ) ;
#2730 = CARTESIAN_POINT ( 'NONE',  ( 91.99999999999991473, 16.00000000000000000, -95.00000000000000000 ) ) ;
#2731 = AXIS2_PLACEMENT_3D ( 'NONE', #1538, #5653, #2568 ) ;
#2733 = VECTOR ( 'NONE', #1263, 1000.000000000000000 ) ;
#2732 = LINE ( 'NONE', #4741, #2794 ) ;
#2734 = CARTESIAN_POINT ( 'NONE',  ( 124.8802437372457348, 525.6843215014538373, -30.00000000000000000 ) ) ;
#2735 = ADVANCED_FACE ( 'NONE', ( #5554 ), #5520, .T. ) ;
#2736 = LINE ( 'NONE', #1771, #2594 ) ;
#2737 = EDGE_CURVE ( 'NONE', #2656, #3096, #5720, .T. ) ;
#2738 = CARTESIAN_POINT ( 'NONE',  ( -59.99999999999990052, 11.99999999999999822, 100.0000000000000000 ) ) ;
#2739 = FACE_OUTER_BOUND ( 'NONE', #1939, .T. ) ;
#2740 = CARTESIAN_POINT ( 'NONE',  ( 80.00000000000009948, -19.99999999999999289, -86.99999999999998579 ) ) ;
#2741 = VERTEX_POINT ( 'NONE', #969 ) ;
#2742 = DIRECTION ( 'NONE',  ( 6.844255435263898992E-34, 0.000000000000000000, -1.000000000000000000 ) ) ;
#2743 = CARTESIAN_POINT ( 'NONE',  ( -91.99999999999990052, -12.00000000000000000, -100.0000000000000000 ) ) ;
#2744 = EDGE_CURVE ( 'NONE', #1278, #2578, #23, .T. ) ;
#2745 = EDGE_CURVE ( 'NONE', #2564, #5181, #6506, .T. ) ;
#2746 = ORIENTED_EDGE ( 'NONE', *, *, #3671, .F. ) ;
#2747 = DIRECTION ( 'NONE',  ( -0.000000000000000000, 3.160343196191257749E-48, 1.000000000000000000 ) ) ;
#2748 = DIRECTION ( 'NONE',  ( 1.000000000000000000, 0.000000000000000000, 0.000000000000000000 ) ) ;
#2749 = CARTESIAN_POINT ( 'NONE',  ( 80.00000000000009948, 16.00000000000002487, 88.50000000000000000 ) ) ;
#2750 = ORIENTED_EDGE ( 'NONE', *, *, #4913, .T. ) ;
#2751 = DIRECTION ( 'NONE',  ( 5.782411586589357639E-16, 1.000000000000000000, 0.000000000000000000 ) ) ;
#2752 = ORIENTED_EDGE ( 'NONE', *, *, #4293, .F. ) ;
#2753 = EDGE_LOOP ( 'NONE', ( #2618, #6101, #2803, #894 ) ) ;
#2754 = LINE ( 'NONE', #4832, #4206 ) ;
#2755 = CYLINDRICAL_SURFACE ( 'NONE', #4829, 8.500000000000007105 ) ;
#2756 = ORIENTED_EDGE ( 'NONE', *, *, #6062, .F. ) ;
#2757 = LINE ( 'NONE', #5743, #5723 ) ;
#2758 = DIRECTION ( 'NONE',  ( 0.000000000000000000, -1.000000000000000000, 0.000000000000000000 ) ) ;
#2759 = ORIENTED_EDGE ( 'NONE', *, *, #6397, .F. ) ;
#2760 = ORIENTED_EDGE ( 'NONE', *, *, #3371, .T. ) ;
#2761 = DIRECTION ( 'NONE',  ( -2.387576397043347250E-16, 1.000000000000000000, -1.532218811828647824E-49 ) ) ;
#2762 = ADVANCED_FACE ( 'NONE', ( #480 ), #6043, .F. ) ;
#2763 = LINE ( 'NONE', #2857, #5354 ) ;
#2764 = DIRECTION ( 'NONE',  ( 0.000000000000000000, 0.000000000000000000, 1.000000000000000000 ) ) ;
#2765 = FACE_OUTER_BOUND ( 'NONE', #826, .T. ) ;
#2766 = DIRECTION ( 'NONE',  ( 1.000000000000000000, 0.000000000000000000, -0.000000000000000000 ) ) ;
#2767 = ADVANCED_FACE ( 'NONE', ( #2992 ), #1071, .T. ) ;
#2768 = LINE ( 'NONE', #2241, #3574 ) ;
#2769 = DIRECTION ( 'NONE',  ( -1.000000000000000000, 0.000000000000000000, 0.000000000000000000 ) ) ;
#2770 = ORIENTED_EDGE ( 'NONE', *, *, #1788, .T. ) ;
#2771 = PLANE ( 'NONE',  #2256 ) ;
#2772 = DIRECTION ( 'NONE',  ( -6.844255435263898992E-34, 0.000000000000000000, 1.000000000000000000 ) ) ;
#2773 = VECTOR ( 'NONE', #3647, 1000.000000000000000 ) ;
#2774 = ORIENTED_EDGE ( 'NONE', *, *, #1066, .T. ) ;
#2775 = CARTESIAN_POINT ( 'NONE',  ( 80.00000000000009948, -19.99999999999999289, -79.99999999999998579 ) ) ;
#2776 = LINE ( 'NONE', #368, #402 ) ;
#2777 = CIRCLE ( 'NONE', #1185, 6.999999999999992006 ) ;
#2778 = EDGE_CURVE ( 'NONE', #3753, #2687, #222, .T. ) ;
#2779 = ADVANCED_FACE ( 'NONE', ( #1197, #743, #1105 ), #2633, .T. ) ;
#2780 = CARTESIAN_POINT ( 'NONE',  ( 125.0000000000001705, 603.0000000000003411, -14.99999999999996447 ) ) ;
#2781 = ORIENTED_EDGE ( 'NONE', *, *, #3271, .T. ) ;
#2782 = CARTESIAN_POINT ( 'NONE',  ( -67.99999999999991473, -12.00000000000000000, -100.0000000000000000 ) ) ;
#2783 = ORIENTED_EDGE ( 'NONE', *, *, #4760, .F. ) ;
#2784 = CIRCLE ( 'NONE', #1300, 8.500000000000007105 ) ;
#2785 = ORIENTED_EDGE ( 'NONE', *, *, #3092, .F. ) ;
#2786 = EDGE_CURVE ( 'NONE', #4651, #2194, #3126, .T. ) ;
#2787 = AXIS2_PLACEMENT_3D ( 'NONE', #94, #5458, #1999 ) ;
#2788 = DIRECTION ( 'NONE',  ( 1.000000000000000000, 0.000000000000000000, 0.000000000000000000 ) ) ;
#2789 = CARTESIAN_POINT ( 'NONE',  ( 63.75000000000007105, 465.0000000000000000, 18.00000000000000355 ) ) ;
#2790 = ORIENTED_EDGE ( 'NONE', *, *, #366, .F. ) ;
#2791 = ORIENTED_EDGE ( 'NONE', *, *, #4796, .T. ) ;
#2792 = AXIS2_PLACEMENT_3D ( 'NONE', #4981, #1358, #2386 ) ;
#2793 = ORIENTED_EDGE ( 'NONE', *, *, #623, .T. ) ;
#2794 = VECTOR ( 'NONE', #2269, 1000.000000000000000 ) ;
#2795 = DIRECTION ( 'NONE',  ( -1.000000000000000000, 2.775557561562888886E-16, 0.000000000000000000 ) ) ;
#2796 = CARTESIAN_POINT ( 'NONE',  ( -63.74999999999990052, 20.00000000000001776, 16.24999999999999289 ) ) ;
#2797 = CARTESIAN_POINT ( 'NONE',  ( 80.00000000000009948, -19.99999999999999289, -94.99999999999998579 ) ) ;
#2798 = DIRECTION ( 'NONE',  ( -0.000000000000000000, -1.000000000000000000, -0.000000000000000000 ) ) ;
#2799 = CARTESIAN_POINT ( 'NONE',  ( -80.00000000000009948, -20.00000000000003553, -71.49999999999998579 ) ) ;
#2800 = VECTOR ( 'NONE', #1210, 1000.000000000000000 ) ;
#2801 = FACE_OUTER_BOUND ( 'NONE', #6160, .T. ) ;
#2802 = CARTESIAN_POINT ( 'NONE',  ( -80.00000000000009948, -31.99999999999999289, -73.00000000000000000 ) ) ;
#2803 = ORIENTED_EDGE ( 'NONE', *, *, #3081, .T. ) ;
#2804 = FACE_OUTER_BOUND ( 'NONE', #4011, .T. ) ;
#2805 = CARTESIAN_POINT ( 'NONE',  ( -125.0000000000000284, 524.3052788474357158, -30.00000000000000000 ) ) ;
#2806 = EDGE_CURVE ( 'NONE', #3847, #2966, #673, .T. ) ;
#2807 = ORIENTED_EDGE ( 'NONE', *, *, #3025, .T. ) ;
#2808 = FACE_OUTER_BOUND ( 'NONE', #4165, .T. ) ;
#2809 = FACE_OUTER_BOUND ( 'NONE', #4295, .T. ) ;
#2810 = CYLINDRICAL_SURFACE ( 'NONE', #6094, 3.500000000000006661 ) ;
#2811 = ORIENTED_EDGE ( 'NONE', *, *, #6312, .F. ) ;
#2812 = PLANE ( 'NONE',  #4242 ) ;
#2813 = CARTESIAN_POINT ( 'NONE',  ( 80.00000000000009948, -31.99999999999999289, 64.99999999999998579 ) ) ;
#2814 = ADVANCED_FACE ( 'NONE', ( #1695 ), #3222, .F. ) ;
#2815 = VECTOR ( 'NONE', #5062, 1000.000000000000000 ) ;
#2816 = ADVANCED_FACE ( 'NONE', ( #3718, #643 ), #705, .T. ) ;
#2817 = ORIENTED_EDGE ( 'NONE', *, *, #5235, .T. ) ;
#2818 = DIRECTION ( 'NONE',  ( 0.000000000000000000, 0.000000000000000000, -1.000000000000000000 ) ) ;
#2819 = LINE ( 'NONE', #4800, #3119 ) ;
#2820 = ORIENTED_EDGE ( 'NONE', *, *, #3348, .T. ) ;
#2821 = AXIS2_PLACEMENT_3D ( 'NONE', #4423, #6417, #1910 ) ;
#2822 = EDGE_CURVE ( 'NONE', #2846, #3987, #5126, .T. ) ;
#2823 = CIRCLE ( 'NONE', #3144, 8.500000000000007105 ) ;
#2824 = VERTEX_POINT ( 'NONE', #154 ) ;
#2825 = ORIENTED_EDGE ( 'NONE', *, *, #2972, .F. ) ;
#2826 = DIRECTION ( 'NONE',  ( 0.000000000000000000, 0.000000000000000000, 1.000000000000000000 ) ) ;
#2827 = CARTESIAN_POINT ( 'NONE',  ( -117.9999999999999858, 565.0000000000001137, -30.00000000000000000 ) ) ;
#2828 = AXIS2_PLACEMENT_3D ( 'NONE', #4345, #1775, #6313 ) ;
#2829 = AXIS2_PLACEMENT_3D ( 'NONE', #1318, #367, #3804 ) ;
#2830 = DIRECTION ( 'NONE',  ( 0.000000000000000000, -1.000000000000000000, 0.000000000000000000 ) ) ;
#2831 = CARTESIAN_POINT ( 'NONE',  ( 60.00000000000009237, -16.24999999999997868, -18.00000000000000000 ) ) ;
#2832 = CIRCLE ( 'NONE', #3049, 4.000000000000003553 ) ;
#2833 = CIRCLE ( 'NONE', #3364, 8.500000000000007105 ) ;
#2834 = LINE ( 'NONE', #722, #4605 ) ;
#2835 = CARTESIAN_POINT ( 'NONE',  ( 80.00000000000009948, 20.00000000000002487, 16.24999999999999289 ) ) ;
#2836 = CARTESIAN_POINT ( 'NONE',  ( 67.99999999999991473, -12.00000000000000000, -95.00000000000000000 ) ) ;
#2837 = EDGE_LOOP ( 'NONE', ( #4467, #4054, #1253, #6485 ) ) ;
#2838 = FACE_OUTER_BOUND ( 'NONE', #4931, .T. ) ;
#2839 = AXIS2_PLACEMENT_3D ( 'NONE', #2844, #5371, #3928 ) ;
#2840 = DIRECTION ( 'NONE',  ( -1.968757127242515241E-32, 0.000000000000000000, 1.000000000000000000 ) ) ;
#2841 = CARTESIAN_POINT ( 'NONE',  ( -100.0000000000000142, 465.0000000000000000, -16.24999999999999289 ) ) ;
#2842 = CIRCLE ( 'NONE', #5, 1.750000000000001554 ) ;
#2843 = CARTESIAN_POINT ( 'NONE',  ( 122.0000000000001705, 473.0000000000001137, 30.00000000000000000 ) ) ;
#2844 = CARTESIAN_POINT ( 'NONE',  ( 91.99999999999990052, 12.00000000000000000, 95.00000000000000000 ) ) ;
#2845 = ADVANCED_FACE ( 'NONE', ( #612 ), #5160, .F. ) ;
#2846 = VERTEX_POINT ( 'NONE', #2231 ) ;
#2847 = LINE ( 'NONE', #340, #6027 ) ;
#2848 = EDGE_LOOP ( 'NONE', ( #6342, #5618, #4731, #5185 ) ) ;
#2849 = ORIENTED_EDGE ( 'NONE', *, *, #3706, .T. ) ;
#2850 = EDGE_CURVE ( 'NONE', #2886, #274, #1727, .T. ) ;
#2851 = FACE_OUTER_BOUND ( 'NONE', #2837, .T. ) ;
#2852 = FACE_BOUND ( 'NONE', #4834, .T. ) ;
#2853 = ORIENTED_EDGE ( 'NONE', *, *, #1847, .T. ) ;
#2854 = ORIENTED_EDGE ( 'NONE', *, *, #4421, .T. ) ;
#2855 = ORIENTED_EDGE ( 'NONE', *, *, #4152, .F. ) ;
#2856 = DIRECTION ( 'NONE',  ( -1.000000000000000000, 0.000000000000000000, 6.844255435263904979E-34 ) ) ;
#2857 = CARTESIAN_POINT ( 'NONE',  ( 118.0000000000000568, 565.0000000000001137, -30.00000000000000000 ) ) ;
#2858 = EDGE_CURVE ( 'NONE', #6174, #4478, #2757, .T. ) ;
#2859 = EDGE_CURVE ( 'NONE', #4824, #4203, #3190, .T. ) ;
#2860 = LINE ( 'NONE', #871, #4362 ) ;
#2861 = DIRECTION ( 'NONE',  ( 1.968757127242515241E-32, 0.000000000000000000, -1.000000000000000000 ) ) ;
#2862 = CARTESIAN_POINT ( 'NONE',  ( 67.99999999999991473, 12.00000000000000000, 95.00000000000000000 ) ) ;
#2863 = DIRECTION ( 'NONE',  ( 0.000000000000000000, 0.000000000000000000, -1.000000000000000000 ) ) ;
#2864 = DIRECTION ( 'NONE',  ( 0.000000000000000000, 0.000000000000000000, 1.000000000000000000 ) ) ;
#2865 = EDGE_LOOP ( 'NONE', ( #5143, #6497, #1031, #3878 ) ) ;
#2866 = DIRECTION ( 'NONE',  ( 0.000000000000000000, -1.000000000000000000, 0.000000000000000000 ) ) ;
#2867 = LINE ( 'NONE', #6444, #3851 ) ;
#2868 = PLANE ( 'NONE',  #2088 ) ;
#2869 = CYLINDRICAL_SURFACE ( 'NONE', #3879, 3.999999999999989786 ) ;
#2870 = CARTESIAN_POINT ( 'NONE',  ( 80.00000000000009948, 16.00000000000002487, 79.99999999999998579 ) ) ;
#2871 = VECTOR ( 'NONE', #1526, 1000.000000000000000 ) ;
#2872 = VERTEX_POINT ( 'NONE', #6170 ) ;
#2873 = CYLINDRICAL_SURFACE ( 'NONE', #2359, 10.00000000000000178 ) ;
#2874 = CC_DESIGN_PERSON_AND_ORGANIZATION_ASSIGNMENT ( #151, #2160, ( #678 ) ) ;
#2875 = VERTEX_POINT ( 'NONE', #4859 ) ;
#2876 = DIRECTION ( 'NONE',  ( 0.000000000000000000, -1.000000000000000000, 0.000000000000000000 ) ) ;
#2877 = EDGE_CURVE ( 'NONE', #5863, #1369, #342, .T. ) ;
#2878 = ORIENTED_EDGE ( 'NONE', *, *, #5981, .F. ) ;
#2879 = AXIS2_PLACEMENT_3D ( 'NONE', #5144, #5536, #5012 ) ;
#2880 = CARTESIAN_POINT ( 'NONE',  ( 80.00000000000009948, -19.99999999999999289, 79.99999999999998579 ) ) ;
#2881 = DIRECTION ( 'NONE',  ( -1.000000000000000000, -1.224646799147353207E-16, -0.000000000000000000 ) ) ;
#2882 = EDGE_LOOP ( 'NONE', ( #52, #107, #5603, #4990 ) ) ;
#2883 = CIRCLE ( 'NONE', #46, 1.750000000000001554 ) ;
#2884 = ADVANCED_FACE ( 'NONE', ( #5615 ), #2128, .T. ) ;
#2885 = EDGE_CURVE ( 'NONE', #5696, #2556, #1137, .T. ) ;
#2886 = VERTEX_POINT ( 'NONE', #4666 ) ;
#2887 = VERTEX_POINT ( 'NONE', #2162 ) ;
#2888 = CYLINDRICAL_SURFACE ( 'NONE', #4818, 15.00000000000000000 ) ;
#2889 = AXIS2_PLACEMENT_3D ( 'NONE', #3724, #196, #2210 ) ;
#2890 = APPROVAL_STATUS ( 'not_yet_approved' ) ;
#2891 = DIRECTION ( 'NONE',  ( 0.000000000000000000, 0.000000000000000000, -1.000000000000000000 ) ) ;
#2892 = CARTESIAN_POINT ( 'NONE',  ( -114.9999999999999858, 603.0000000000003411, 11.49999999999896438 ) ) ;
#2893 = EDGE_CURVE ( 'NONE', #5933, #1100, #4170, .T. ) ;
#2894 = ORIENTED_EDGE ( 'NONE', *, *, #5457, .F. ) ;
#2895 = CC_DESIGN_APPROVAL ( #1497, ( #678 ) ) ;
#2896 = ADVANCED_FACE ( 'NONE', ( #1949 ), #5505, .T. ) ;
#2897 = LINE ( 'NONE', #6409, #5542 ) ;
#2898 = CARTESIAN_POINT ( 'NONE',  ( 80.00000000000009948, -31.99999999999999289, -73.00000000000000000 ) ) ;
#2899 = AXIS2_PLACEMENT_3D ( 'NONE', #4120, #489, #978 ) ;
#2900 = CARTESIAN_POINT ( 'NONE',  ( 68.00000000000009948, 12.00000000000002132, -100.0000000000000000 ) ) ;
#2901 = ORIENTED_EDGE ( 'NONE', *, *, #2679, .T. ) ;
#2902 = CARTESIAN_POINT ( 'NONE',  ( 80.00000000000009948, 20.00000000000001421, -88.50000000000000000 ) ) ;
#2903 = CARTESIAN_POINT ( 'NONE',  ( 80.00000000000009948, -19.99999999999999289, 79.99999999999998579 ) ) ;
#2904 = VECTOR ( 'NONE', #2137, 1000.000000000000000 ) ;
#2905 = ADVANCED_FACE ( 'NONE', ( #3481 ), #438, .T. ) ;
#2906 = CARTESIAN_POINT ( 'NONE',  ( 80.00000000000009948, 20.00000000000001421, 71.49999999999998579 ) ) ;
#2907 = CARTESIAN_POINT ( 'NONE',  ( 80.00000000000009948, 18.00000000000002132, 16.25000000000000000 ) ) ;
#2908 = CARTESIAN_POINT ( 'NONE',  ( -118.0000000000000000, 615.0000000000001137, -19.99999999999999645 ) ) ;
#2909 = ORIENTED_EDGE ( 'NONE', *, *, #2962, .T. ) ;
#2910 = CARTESIAN_POINT ( 'NONE',  ( 80.00000000000009948, 20.00000000000001421, 88.50000000000000000 ) ) ;
#2911 = CARTESIAN_POINT ( 'NONE',  ( 68.00000000000009948, -19.99999999999997158, -100.0000000000000000 ) ) ;
#2912 = FACE_OUTER_BOUND ( 'NONE', #3352, .T. ) ;
#2913 = ORIENTED_EDGE ( 'NONE', *, *, #6458, .T. ) ;
#2914 = VERTEX_POINT ( 'NONE', #498 ) ;
#2915 = CARTESIAN_POINT ( 'NONE',  ( 63.75000000000007105, 465.0000000000000000, -16.25000000000000000 ) ) ;
#2916 = CIRCLE ( 'NONE', #3236, 15.00000000000000000 ) ;
#2917 = ORIENTED_EDGE ( 'NONE', *, *, #3661, .F. ) ;
#2918 = ORIENTED_EDGE ( 'NONE', *, *, #2119, .F. ) ;
#2919 = CIRCLE ( 'NONE', #2610, 8.500000000000007105 ) ;
#2920 = ORIENTED_EDGE ( 'NONE', *, *, #5173, .T. ) ;
#2921 = DIRECTION ( 'NONE',  ( -0.000000000000000000, -0.000000000000000000, -1.000000000000000000 ) ) ;
#2922 = DIRECTION ( 'NONE',  ( 0.000000000000000000, 0.000000000000000000, -1.000000000000000000 ) ) ;
#2923 = EDGE_CURVE ( 'NONE', #3649, #1985, #992, .T. ) ;
#2924 = AXIS2_PLACEMENT_3D ( 'NONE', #4212, #5290, #4703 ) ;
#2925 = DIRECTION ( 'NONE',  ( 0.000000000000000000, 0.000000000000000000, 1.000000000000000000 ) ) ;
#2926 = AXIS2_PLACEMENT_3D ( 'NONE', #5842, #1339, #1432 ) ;
#2927 = FACE_OUTER_BOUND ( 'NONE', #1329, .T. ) ;
#2928 = VERTEX_POINT ( 'NONE', #3934 ) ;
#2929 = ORIENTED_EDGE ( 'NONE', *, *, #4939, .T. ) ;
#2930 = DIRECTION ( 'NONE',  ( 0.000000000000000000, -1.000000000000000000, 0.000000000000000000 ) ) ;
#2931 = AXIS2_PLACEMENT_3D ( 'NONE', #2907, #1381, #6291 ) ;
#2932 = AXIS2_PLACEMENT_3D ( 'NONE', #3243, #4290, #6290 ) ;
#2934 = VECTOR ( 'NONE', #3089, 1000.000000000000000 ) ;
#2933 = CARTESIAN_POINT ( 'NONE',  ( -95.99999999999990052, 11.99999999999999645, -95.00000000000000000 ) ) ;
#2935 = CARTESIAN_POINT ( 'NONE',  ( 96.00000000000009948, -11.99999999999997691, 95.00000000000000000 ) ) ;
#2936 = ADVANCED_FACE ( 'NONE', ( #960 ), #2520, .F. ) ;
#2937 = ORIENTED_EDGE ( 'NONE', *, *, #6221, .T. ) ;
#2938 = CARTESIAN_POINT ( 'NONE',  ( -80.00000000000009948, -20.00000000000003553, 79.99999999999998579 ) ) ;
#2939 = PLANE ( 'NONE',  #2694 ) ;
#2940 = CIRCLE ( 'NONE', #4196, 5.000000000000004441 ) ;
#2941 = VECTOR ( 'NONE', #4665, 1000.000000000000000 ) ;
#2942 = DIRECTION ( 'NONE',  ( 1.968757127242515241E-32, 0.000000000000000000, -1.000000000000000000 ) ) ;
#2943 = CARTESIAN_POINT ( 'NONE',  ( -80.00000000000009948, -31.99999999999999289, -94.99999999999998579 ) ) ;
#2944 = CARTESIAN_POINT ( 'NONE',  ( 80.00000000000009948, 16.00000000000002487, -88.50000000000000000 ) ) ;
#2945 = CLOSED_SHELL ( 'NONE', ( #1050, #2767, #2528, #2816, #5555, #1350 ) ) ;
#2946 = VERTEX_POINT ( 'NONE', #5962 ) ;
#2947 = LINE ( 'NONE', #404, #1927 ) ;
#2948 = EDGE_CURVE ( 'NONE', #5432, #5083, #1984, .T. ) ;
#2949 = EDGE_CURVE ( 'NONE', #6302, #6042, #2055, .T. ) ;
#2950 = FACE_OUTER_BOUND ( 'NONE', #224, .T. ) ;
#2951 = CARTESIAN_POINT ( 'NONE',  ( 96.25000000000007105, 465.0000000000000000, -19.99999999999999645 ) ) ;
#2952 = AXIS2_PLACEMENT_3D ( 'NONE', #4980, #4525, #5052 ) ;
#2953 = VERTEX_POINT ( 'NONE', #6354 ) ;
#2954 = VERTEX_POINT ( 'NONE', #1850 ) ;
#2955 = DIRECTION ( 'NONE',  ( 0.000000000000000000, 0.000000000000000000, -1.000000000000000000 ) ) ;
#2956 = VERTEX_POINT ( 'NONE', #3869 ) ;
#2957 = EDGE_LOOP ( 'NONE', ( #2505, #4275, #5714, #307 ) ) ;
#2958 = ORIENTED_EDGE ( 'NONE', *, *, #5497, .T. ) ;
#2959 = CARTESIAN_POINT ( 'NONE',  ( 60.00000000000009237, -16.24999999999998224, -16.25000000000000000 ) ) ;
#2960 = DIRECTION ( 'NONE',  ( 1.000000000000000000, 0.000000000000000000, 0.000000000000000000 ) ) ;
#2961 = DIRECTION ( 'NONE',  ( -1.000000000000000000, 0.000000000000000000, 6.844255435263904979E-34 ) ) ;
#2962 = EDGE_CURVE ( 'NONE', #2914, #2350, #5862, .T. ) ;
#2963 = DIRECTION ( 'NONE',  ( 0.000000000000000000, -1.000000000000000000, 0.000000000000000000 ) ) ;
#2964 = EDGE_LOOP ( 'NONE', ( #3715, #1098, #532, #1169 ) ) ;
#2965 = ADVANCED_FACE ( 'NONE', ( #1455 ), #374, .F. ) ;
#2966 = VERTEX_POINT ( 'NONE', #4004 ) ;
#2967 = CARTESIAN_POINT ( 'NONE',  ( -59.99999999999990052, 11.99999999999999822, 100.0000000000000000 ) ) ;
#2968 = LINE ( 'NONE', #6017, #1348 ) ;
#2969 = ORIENTED_EDGE ( 'NONE', *, *, #5812, .T. ) ;
#2970 = CARTESIAN_POINT ( 'NONE',  ( -80.00000000000009948, -19.99999999999999289, 79.99999999999998579 ) ) ;
#2971 = CARTESIAN_POINT ( 'NONE',  ( -96.25000000000001421, 465.0000000000000000, 18.00000000000000355 ) ) ;
#2972 = EDGE_CURVE ( 'NONE', #5427, #2966, #4576, .T. ) ;
#2973 = DIRECTION ( 'NONE',  ( 0.000000000000000000, -0.000000000000000000, 1.000000000000000000 ) ) ;
#2974 = DIRECTION ( 'NONE',  ( 5.782411586589357639E-16, -1.000000000000000000, 0.000000000000000000 ) ) ;
#2975 = LINE ( 'NONE', #2908, #1679 ) ;
#2976 = ORIENTED_EDGE ( 'NONE', *, *, #29, .T. ) ;
#2977 = CARTESIAN_POINT ( 'NONE',  ( 80.00000000000009948, -15.99999999999997868, -79.99999999999998579 ) ) ;
#2978 = CARTESIAN_POINT ( 'NONE',  ( -63.99999999999990763, 11.99999999999999467, -100.0000000000000000 ) ) ;
#2979 = CARTESIAN_POINT ( 'NONE',  ( 80.00000000000009948, -16.24999999999997868, 16.24999999999999289 ) ) ;
#2980 = ORIENTED_EDGE ( 'NONE', *, *, #1631, .F. ) ;
#2981 = EDGE_CURVE ( 'NONE', #4942, #4327, #2049, .T. ) ;
#2982 = VERTEX_POINT ( 'NONE', #929 ) ;
#2983 = LINE ( 'NONE', #4462, #6438 ) ;
#2984 = ORIENTED_EDGE ( 'NONE', *, *, #4973, .T. ) ;
#2985 = CIRCLE ( 'NONE', #2355, 7.999999999999992895 ) ;
#2986 = ORIENTED_EDGE ( 'NONE', *, *, #868, .F. ) ;
#2987 = EDGE_CURVE ( 'NONE', #1956, #5175, #5831, .T. ) ;
#2988 = EDGE_LOOP ( 'NONE', ( #3290, #606, #4017, #363, #6473, #4577, #6270, #967 ) ) ;
#2989 = DIRECTION ( 'NONE',  ( 0.000000000000000000, 1.000000000000000000, 0.000000000000000000 ) ) ;
#2990 = APPLICATION_PROTOCOL_DEFINITION ( 'international standard', 'config_control_design', 1994, #3408 ) ;
#2991 = VECTOR ( 'NONE', #1548, 1000.000000000000000 ) ;
#2992 = FACE_OUTER_BOUND ( 'NONE', #4897, .T. ) ;
#2993 = CARTESIAN_POINT ( 'NONE',  ( -67.99999999999991473, 12.00000000000000000, -100.0000000000000000 ) ) ;
#2994 = EDGE_LOOP ( 'NONE', ( #5460, #2319 ) ) ;
#2995 = AXIS2_PLACEMENT_3D ( 'NONE', #6285, #2316, #6155 ) ;
#2996 = ORIENTED_EDGE ( 'NONE', *, *, #2628, .T. ) ;
#2997 = CARTESIAN_POINT ( 'NONE',  ( 80.00000000000009948, 16.25000000000002132, -20.00000000000000355 ) ) ;
#2998 = CARTESIAN_POINT ( 'NONE',  ( 80.00000000000009948, 20.00000000000001421, 79.99999999999998579 ) ) ;
#2999 = ORIENTED_EDGE ( 'NONE', *, *, #6035, .T. ) ;
#3000 = DIRECTION ( 'NONE',  ( 0.000000000000000000, 0.000000000000000000, -1.000000000000000000 ) ) ;
#3001 = DIRECTION ( 'NONE',  ( -1.000000000000000000, 0.000000000000000000, 0.000000000000000000 ) ) ;
#3002 = LINE ( 'NONE', #5007, #3150 ) ;
#3003 = AXIS2_PLACEMENT_3D ( 'NONE', #5114, #3766, #3802 ) ;
#3004 = DIRECTION ( 'NONE',  ( 0.000000000000000000, -1.000000000000000000, 0.000000000000000000 ) ) ;
#3005 = CARTESIAN_POINT ( 'NONE',  ( -91.99999999999990052, 12.00000000000000000, -100.0000000000000000 ) ) ;
#3006 = ORIENTED_EDGE ( 'NONE', *, *, #5829, .F. ) ;
#3007 = FACE_OUTER_BOUND ( 'NONE', #3485, .T. ) ;
#3008 = EDGE_CURVE ( 'NONE', #3702, #4448, #3323, .T. ) ;
#3009 = DIRECTION ( 'NONE',  ( 0.000000000000000000, 0.000000000000000000, -1.000000000000000000 ) ) ;
#3010 = CARTESIAN_POINT ( 'NONE',  ( 117.0000000000001137, 524.3052788474358294, 30.00000000000000000 ) ) ;
#3011 = AXIS2_PLACEMENT_3D ( 'NONE', #3629, #3037, #1605 ) ;
#3012 = ORIENTED_EDGE ( 'NONE', *, *, #4615, .F. ) ;
#3013 = CARTESIAN_POINT ( 'NONE',  ( 80.00000000000009948, -17.99999999999998224, -16.25000000000000000 ) ) ;
#3014 = VERTEX_POINT ( 'NONE', #4428 ) ;
#3015 = DIRECTION ( 'NONE',  ( -0.000000000000000000, -0.000000000000000000, -1.000000000000000000 ) ) ;
#3016 = ORIENTED_EDGE ( 'NONE', *, *, #2172, .T. ) ;
#3017 = ADVANCED_FACE ( 'NONE', ( #5896, #1387 ), #6422, .F. ) ;
#3018 = ORIENTED_EDGE ( 'NONE', *, *, #5147, .T. ) ;
#3019 = ORIENTED_EDGE ( 'NONE', *, *, #3151, .T. ) ;
#3020 = DIRECTION ( 'NONE',  ( 0.000000000000000000, 1.000000000000000000, 0.000000000000000000 ) ) ;
#3021 = APPROVAL_STATUS ( 'not_yet_approved' ) ;
#3022 = AXIS2_PLACEMENT_3D ( 'NONE', #6425, #2427, #4926 ) ;
#3023 = DIRECTION ( 'NONE',  ( -1.000000000000000000, -1.224646799147353207E-16, 0.000000000000000000 ) ) ;
#3024 = ADVANCED_FACE ( 'NONE', ( #2912 ), #4920, .F. ) ;
#3025 = EDGE_CURVE ( 'NONE', #2090, #966, #4157, .T. ) ;
#3026 = DIRECTION ( 'NONE',  ( 0.000000000000000000, -3.160343196191257749E-48, -1.000000000000000000 ) ) ;
#3027 = CIRCLE ( 'NONE', #3240, 5.000000000000004441 ) ;
#3028 = VECTOR ( 'NONE', #234, 1000.000000000000000 ) ;
#3029 = ORIENTED_EDGE ( 'NONE', *, *, #1041, .F. ) ;
#3030 = ORIENTED_EDGE ( 'NONE', *, *, #3957, .T. ) ;
#3031 = LINE ( 'NONE', #551, #298 ) ;
#3032 = CARTESIAN_POINT ( 'NONE',  ( 68.00000000000009948, 12.00000000000002132, -100.0000000000000000 ) ) ;
#3033 = VECTOR ( 'NONE', #1996, 1000.000000000000000 ) ;
#3034 = CIRCLE ( 'NONE', #1134, 3.999999999999989786 ) ;
#3035 = EDGE_LOOP ( 'NONE', ( #1187, #5123, #80, #4959 ) ) ;
#3036 = CARTESIAN_POINT ( 'NONE',  ( 60.00000000000009237, 20.00000000000002132, -16.24999999999999289 ) ) ;
#3037 = DIRECTION ( 'NONE',  ( 6.844255435263898992E-34, 0.000000000000000000, 1.000000000000000000 ) ) ;
#3038 = VECTOR ( 'NONE', #5855, 1000.000000000000000 ) ;
#3039 = AXIS2_PLACEMENT_3D ( 'NONE', #822, #1811, #5245 ) ;
#3040 = DIRECTION ( 'NONE',  ( -1.000000000000000000, 0.000000000000000000, 0.000000000000000000 ) ) ;
#3041 = DIRECTION ( 'NONE',  ( 1.000000000000000000, 0.000000000000000000, -0.000000000000000000 ) ) ;
#3042 = CYLINDRICAL_SURFACE ( 'NONE', #6272, 3.500000000000003109 ) ;
#3043 = VECTOR ( 'NONE', #1049, 1000.000000000000000 ) ;
#3044 = ORIENTED_EDGE ( 'NONE', *, *, #3050, .T. ) ;
#3045 = CARTESIAN_POINT ( 'NONE',  ( 91.99999999999991473, 16.00000000000000000, 95.00000000000000000 ) ) ;
#3046 = DIRECTION ( 'NONE',  ( 0.000000000000000000, 0.000000000000000000, -1.000000000000000000 ) ) ;
#3047 = CARTESIAN_POINT ( 'NONE',  ( 80.00000000000009948, -16.24999999999997868, -20.00000000000000000 ) ) ;
#3048 = VERTEX_POINT ( 'NONE', #1647 ) ;
#3049 = AXIS2_PLACEMENT_3D ( 'NONE', #5165, #4147, #1077 ) ;
#3050 = EDGE_CURVE ( 'NONE', #3709, #5121, #4158, .T. ) ;
#3051 = AXIS2_PLACEMENT_3D ( 'NONE', #6296, #5802, #1884 ) ;
#3052 = DIRECTION ( 'NONE',  ( -0.000000000000000000, -0.000000000000000000, -1.000000000000000000 ) ) ;
#3053 = ORIENTED_EDGE ( 'NONE', *, *, #1790, .F. ) ;
#3054 = CARTESIAN_POINT ( 'NONE',  ( -96.24999999999995737, 20.00000000000001776, 18.00000000000000355 ) ) ;
#3055 = ORIENTED_EDGE ( 'NONE', *, *, #5139, .F. ) ;
#3056 = AXIS2_PLACEMENT_3D ( 'NONE', #5573, #1550, #5776 ) ;
#3057 = ORIENTED_EDGE ( 'NONE', *, *, #1802, .T. ) ;
#3058 = ORIENTED_EDGE ( 'NONE', *, *, #2457, .T. ) ;
#3059 = EDGE_CURVE ( 'NONE', #2019, #1743, #6355, .T. ) ;
#3060 = LINE ( 'NONE', #1595, #2518 ) ;
#3061 = DIRECTION ( 'NONE',  ( 1.000000000000000000, -0.000000000000000000, -0.000000000000000000 ) ) ;
#3062 = DIRECTION ( 'NONE',  ( 1.000000000000000000, 0.000000000000000000, 0.000000000000000000 ) ) ;
#3063 = EDGE_LOOP ( 'NONE', ( #737, #3613, #908, #1033 ) ) ;
#3064 = ORIENTED_EDGE ( 'NONE', *, *, #3937, .F. ) ;
#3065 = LINE ( 'NONE', #648, #6073 ) ;
#3066 = EDGE_CURVE ( 'NONE', #3617, #4499, #1731, .T. ) ;
#3067 = EDGE_CURVE ( 'NONE', #666, #1865, #2017, .T. ) ;
#3068 = PLANE ( 'NONE',  #1034 ) ;
#3069 = EDGE_LOOP ( 'NONE', ( #4595, #5061, #790, #2065 ) ) ;
#3070 = DIRECTION ( 'NONE',  ( 0.000000000000000000, 1.000000000000000000, 0.000000000000000000 ) ) ;
#3071 = DIRECTION ( 'NONE',  ( -1.000000000000000000, -2.387576397043347250E-16, 0.000000000000000000 ) ) ;
#3072 = DIRECTION ( 'NONE',  ( 5.968940992608368126E-17, -1.000000000000000000, 3.271334946041490653E-50 ) ) ;
#3073 = EDGE_CURVE ( 'NONE', #633, #993, #2584, .T. ) ;
#3074 = CARTESIAN_POINT ( 'NONE',  ( -117.9999999999998295, 603.0000000000003411, -18.49999999999997158 ) ) ;
#3075 = DIRECTION ( 'NONE',  ( 1.000000000000000000, 0.000000000000000000, 0.000000000000000000 ) ) ;
#3076 = VERTEX_POINT ( 'NONE', #5633 ) ;
#3077 = CARTESIAN_POINT ( 'NONE',  ( -117.0000000000000142, 524.3052788474357158, 30.00000000000000000 ) ) ;
#3078 = DIRECTION ( 'NONE',  ( -0.000000000000000000, -1.000000000000000000, -0.000000000000000000 ) ) ;
#3079 = LINE ( 'NONE', #6123, #266 ) ;
#3080 = ORIENTED_EDGE ( 'NONE', *, *, #681, .T. ) ;
#3081 = EDGE_CURVE ( 'NONE', #1717, #1100, #1155, .T. ) ;
#3082 = DIRECTION ( 'NONE',  ( 0.000000000000000000, 0.000000000000000000, 1.000000000000000000 ) ) ;
#3083 = VERTEX_POINT ( 'NONE', #2146 ) ;
#3084 = DIRECTION ( 'NONE',  ( -1.968757127242515241E-32, 0.000000000000000000, 1.000000000000000000 ) ) ;
#3085 = ORIENTED_EDGE ( 'NONE', *, *, #1519, .T. ) ;
#3086 = ADVANCED_FACE ( 'NONE', ( #4556 ), #5602, .F. ) ;
#3087 = ORIENTED_EDGE ( 'NONE', *, *, #5795, .F. ) ;
#3088 = ORIENTED_EDGE ( 'NONE', *, *, #4069, .T. ) ;
#3089 = DIRECTION ( 'NONE',  ( -1.000000000000000000, -0.000000000000000000, -0.000000000000000000 ) ) ;
#3090 = AXIS2_PLACEMENT_3D ( 'NONE', #2915, #4433, #4496 ) ;
#3091 = LINE ( 'NONE', #4111, #263 ) ;
#3092 = EDGE_CURVE ( 'NONE', #3764, #5512, #1517, .T. ) ;
#3093 = DIRECTION ( 'NONE',  ( 1.000000000000000000, -0.000000000000000000, 6.844255435263898992E-34 ) ) ;
#3094 = EDGE_CURVE ( 'NONE', #5903, #2887, #5539, .T. ) ;
#3095 = VERTEX_POINT ( 'NONE', #1585 ) ;
#3096 = VERTEX_POINT ( 'NONE', #597 ) ;
#3097 = CARTESIAN_POINT ( 'NONE',  ( -67.99999999999991473, 19.99999999999999289, 0.000000000000000000 ) ) ;
#3098 = CIRCLE ( 'NONE', #4247, 8.000000000000000000 ) ;
#3099 = LINE ( 'NONE', #2106, #515 ) ;
#3100 = DIRECTION ( 'NONE',  ( 1.000000000000000000, 0.000000000000000000, -0.000000000000000000 ) ) ;
#3101 = ADVANCED_FACE ( 'NONE', ( #4033 ), #2081, .T. ) ;
#3102 = LINE ( 'NONE', #2108, #2379 ) ;
#3103 = VECTOR ( 'NONE', #1972, 1000.000000000000000 ) ;
#3104 = EDGE_CURVE ( 'NONE', #3048, #1178, #3537, .T. ) ;
#3105 = CARTESIAN_POINT ( 'NONE',  ( 60.00000000000009237, -16.24999999999998224, 16.24999999999999289 ) ) ;
#3106 = CARTESIAN_POINT ( 'NONE',  ( 80.00000000000009948, -31.99999999999999289, -73.00000000000000000 ) ) ;
#3107 = AXIS2_PLACEMENT_3D ( 'NONE', #5195, #1173, #621 ) ;
#3108 = PLANE ( 'NONE',  #4601 ) ;
#3109 = ORIENTED_EDGE ( 'NONE', *, *, #3270, .T. ) ;
#3110 = CARTESIAN_POINT ( 'NONE',  ( -80.00000000000009948, -31.99999999999999289, -79.99999999999998579 ) ) ;
#3111 = DIRECTION ( 'NONE',  ( 1.000000000000000000, 0.000000000000000000, 0.000000000000000000 ) ) ;
#3112 = EDGE_CURVE ( 'NONE', #3, #6429, #3113, .T. ) ;
#3113 = CIRCLE ( 'NONE', #783, 7.999999999999992895 ) ;
#3114 = ORIENTED_EDGE ( 'NONE', *, *, #1189, .F. ) ;
#3115 = APPROVAL_PERSON_ORGANIZATION ( #2596, #2599, #1532 ) ;
#3116 = CARTESIAN_POINT ( 'NONE',  ( -80.00000000000009948, -16.00000000000000000, -79.99999999999998579 ) ) ;
#3117 = AXIS2_PLACEMENT_3D ( 'NONE', #2675, #3206, #5694 ) ;
#3118 = ORIENTED_EDGE ( 'NONE', *, *, #4760, .T. ) ;
#3119 = VECTOR ( 'NONE', #3716, 1000.000000000000000 ) ;
#3120 = CARTESIAN_POINT ( 'NONE',  ( -59.99999999999991473, 20.00000000000000711, 16.24999999999999289 ) ) ;
#3121 = EDGE_LOOP ( 'NONE', ( #2752, #4936, #1651, #3124 ) ) ;
#3122 = ORIENTED_EDGE ( 'NONE', *, *, #5372, .T. ) ;
#3123 = CIRCLE ( 'NONE', #6470, 1.750000000000001554 ) ;
#3124 = ORIENTED_EDGE ( 'NONE', *, *, #5120, .T. ) ;
#3125 = CARTESIAN_POINT ( 'NONE',  ( -95.99999999999988631, -12.00000000000000000, -100.0000000000000000 ) ) ;
#3126 = LINE ( 'NONE', #6206, #6456 ) ;
#3127 = DIRECTION ( 'NONE',  ( -5.782411586589357639E-16, -1.000000000000000000, -0.000000000000000000 ) ) ;
#3128 = ORIENTED_EDGE ( 'NONE', *, *, #4949, .F. ) ;
#3129 = ORIENTED_EDGE ( 'NONE', *, *, #3413, .T. ) ;
#3130 = CARTESIAN_POINT ( 'NONE',  ( -80.00000000000009948, -19.99999999999999289, -79.99999999999998579 ) ) ;
#3131 = EDGE_CURVE ( 'NONE', #1797, #4041, #4653, .T. ) ;
#3132 = CARTESIAN_POINT ( 'NONE',  ( 80.00000000000009948, -20.00000000000003553, -71.49999999999998579 ) ) ;
#3133 = DIRECTION ( 'NONE',  ( 0.000000000000000000, 0.000000000000000000, 1.000000000000000000 ) ) ;
#3134 = CIRCLE ( 'NONE', #79, 4.000000000000003553 ) ;
#3135 = LINE ( 'NONE', #4548, #1107 ) ;
#3136 = CARTESIAN_POINT ( 'NONE',  ( 60.00000000000006395, 465.0000000000000000, -16.24999999999999289 ) ) ;
#3137 = VECTOR ( 'NONE', #6215, 1000.000000000000000 ) ;
#3138 = DIRECTION ( 'NONE',  ( -0.000000000000000000, -0.000000000000000000, -1.000000000000000000 ) ) ;
#3139 = CARTESIAN_POINT ( 'NONE',  ( 63.75000000000012790, 20.00000000000001776, 18.00000000000000355 ) ) ;
#3140 = ORIENTED_EDGE ( 'NONE', *, *, #4436, .F. ) ;
#3141 = DIRECTION ( 'NONE',  ( -1.000000000000000000, -1.224646799147353207E-16, -0.000000000000000000 ) ) ;
#3142 = DIRECTION ( 'NONE',  ( -1.000000000000000000, -0.000000000000000000, 0.000000000000000000 ) ) ;
#3143 = CIRCLE ( 'NONE', #294, 3.750000000000003553 ) ;
#3144 = AXIS2_PLACEMENT_3D ( 'NONE', #2693, #3751, #155 ) ;
#3145 = AXIS2_PLACEMENT_3D ( 'NONE', #1328, #4271, #4205 ) ;
#3146 = ORIENTED_EDGE ( 'NONE', *, *, #1809, .F. ) ;
#3147 = CARTESIAN_POINT ( 'NONE',  ( 68.00000000000009948, -19.99999999999997158, -8.673617379884035472E-16 ) ) ;
#3148 = CIRCLE ( 'NONE', #4831, 8.500000000000007105 ) ;
#3149 = EDGE_CURVE ( 'NONE', #937, #6442, #3079, .T. ) ;
#3150 = VECTOR ( 'NONE', #2444, 1000.000000000000000 ) ;
#3151 = EDGE_CURVE ( 'NONE', #5346, #6389, #3639, .T. ) ;
#3152 = FACE_OUTER_BOUND ( 'NONE', #3484, .T. ) ;
#3153 = VERTEX_POINT ( 'NONE', #1060 ) ;
#3154 = CARTESIAN_POINT ( 'NONE',  ( -80.00000000000009948, -31.99999999999999289, 79.99999999999998579 ) ) ;
#3155 = ORIENTED_EDGE ( 'NONE', *, *, #6034, .F. ) ;
#3156 = VECTOR ( 'NONE', #687, 1000.000000000000000 ) ;
#3157 = VERTEX_POINT ( 'NONE', #5146 ) ;
#3158 = EDGE_LOOP ( 'NONE', ( #6202, #184, #6051, #4239 ) ) ;
#3159 = CARTESIAN_POINT ( 'NONE',  ( 60.00000000000009237, 16.25000000000002132, 18.00000000000000000 ) ) ;
#3160 = AXIS2_PLACEMENT_3D ( 'NONE', #4399, #6398, #2788 ) ;
#3161 = DIRECTION ( 'NONE',  ( -1.000000000000000000, -0.000000000000000000, -0.000000000000000000 ) ) ;
#3162 = DIRECTION ( 'NONE',  ( 6.844255435263898992E-34, 0.000000000000000000, -1.000000000000000000 ) ) ;
#3163 = ORIENTED_EDGE ( 'NONE', *, *, #5812, .F. ) ;
#3164 = VERTEX_POINT ( 'NONE', #3610 ) ;
#3165 = CIRCLE ( 'NONE', #3483, 15.00000000000000000 ) ;
#3166 = FACE_OUTER_BOUND ( 'NONE', #422, .T. ) ;
#3167 = CARTESIAN_POINT ( 'NONE',  ( 80.00000000000009948, -20.00000000000003553, 71.49999999999998579 ) ) ;
#3168 = DIRECTION ( 'NONE',  ( -2.387576397043347250E-16, 1.000000000000000000, -1.532218811828647824E-49 ) ) ;
#3169 = PLANE ( 'NONE',  #6050 ) ;
#3170 = EDGE_CURVE ( 'NONE', #19, #584, #1101, .T. ) ;
#3171 = PLANE ( 'NONE',  #2621 ) ;
#3172 = CARTESIAN_POINT ( 'NONE',  ( -117.0000000000000142, 524.3052788474357158, -30.00000000000000000 ) ) ;
#3173 = FACE_OUTER_BOUND ( 'NONE', #6141, .T. ) ;
#3174 = ORIENTED_EDGE ( 'NONE', *, *, #4192, .F. ) ;
#3175 = CARTESIAN_POINT ( 'NONE',  ( -67.99999999999990052, 16.00000000000000355, 95.00000000000000000 ) ) ;
#3176 = CARTESIAN_POINT ( 'NONE',  ( -121.9251523357785345, 525.1671805061969280, 30.00000000000000000 ) ) ;
#3177 = EDGE_CURVE ( 'NONE', #20, #5447, #4685, .T. ) ;
#3178 = ORIENTED_EDGE ( 'NONE', *, *, #5476, .T. ) ;
#3179 = CYLINDRICAL_SURFACE ( 'NONE', #4823, 15.00000000000000000 ) ;
#3180 = DIRECTION ( 'NONE',  ( 1.000000000000000000, 0.000000000000000000, 0.000000000000000000 ) ) ;
#3181 = ORIENTED_EDGE ( 'NONE', *, *, #1968, .T. ) ;
#3182 = LINE ( 'NONE', #5119, #2871 ) ;
#3183 = ORIENTED_EDGE ( 'NONE', *, *, #4265, .F. ) ;
#3184 = EDGE_CURVE ( 'NONE', #4499, #6203, #4321, .T. ) ;
#3185 = EDGE_LOOP ( 'NONE', ( #1193, #2854, #5449, #1994, #4762, #2324, #1228, #572 ) ) ;
#3186 = EDGE_LOOP ( 'NONE', ( #2189, #5642, #97, #4083, #6436, #495, #971, #1384 ) ) ;
#3187 = SHAPE_DEFINITION_REPRESENTATION ( #3502, #2304 ) ;
#3188 = CYLINDRICAL_SURFACE ( 'NONE', #2200, 8.500000000000007105 ) ;
#3189 = ORIENTED_EDGE ( 'NONE', *, *, #4075, .T. ) ;
#3190 = LINE ( 'NONE', #3259, #1524 ) ;
#3191 = DIRECTION ( 'NONE',  ( 0.000000000000000000, 1.000000000000000000, 0.000000000000000000 ) ) ;
#3192 = ADVANCED_FACE ( 'NONE', ( #1808 ), #5204, .T. ) ;
#3193 = VERTEX_POINT ( 'NONE', #4287 ) ;
#3194 = EDGE_LOOP ( 'NONE', ( #4558, #3985, #1887, #6226 ) ) ;
#3195 = CARTESIAN_POINT ( 'NONE',  ( 62.00000000000009948, 20.00000000000001776, 16.25000000000000000 ) ) ;
#3196 = CARTESIAN_POINT ( 'NONE',  ( -62.00000000000001421, 465.0000000000000000, -16.25000000000000000 ) ) ;
#3197 = AXIS2_PLACEMENT_3D ( 'NONE', #443, #4958, #861 ) ;
#3198 = PLANE ( 'NONE',  #2889 ) ;
#3199 = CARTESIAN_POINT ( 'NONE',  ( 115.0000000000000711, 603.0000000000003411, -18.49999999999997158 ) ) ;
#3200 = CARTESIAN_POINT ( 'NONE',  ( -99.99999999999991473, -12.00000000000000000, -100.0000000000000000 ) ) ;
#3201 = LINE ( 'NONE', #5199, #3156 ) ;
#3202 = PLANE ( 'NONE',  #3448 ) ;
#3203 = CIRCLE ( 'NONE', #5815, 8.500000000000007105 ) ;
#3204 = ORIENTED_EDGE ( 'NONE', *, *, #6035, .F. ) ;
#3205 = DIRECTION ( 'NONE',  ( 0.9850304671557014169, -0.1723803317522644152, 0.000000000000000000 ) ) ;
#3206 = DIRECTION ( 'NONE',  ( 0.000000000000000000, -1.000000000000000000, 0.000000000000000000 ) ) ;
#3207 = EDGE_LOOP ( 'NONE', ( #2061, #2035 ) ) ;
#3208 = VECTOR ( 'NONE', #31, 1000.000000000000000 ) ;
#3209 = CARTESIAN_POINT ( 'NONE',  ( 63.75000000000009948, 20.00000000000001776, -19.99999999999999645 ) ) ;
#3210 = DIRECTION ( 'NONE',  ( 0.000000000000000000, -1.000000000000000000, 0.000000000000000000 ) ) ;
#3211 = EDGE_CURVE ( 'NONE', #5302, #6464, #4368, .T. ) ;
#3212 = ORIENTED_EDGE ( 'NONE', *, *, #2404, .F. ) ;
#3213 = DIRECTION ( 'NONE',  ( -1.000000000000000000, 0.000000000000000000, -0.000000000000000000 ) ) ;
#3214 = ORIENTED_EDGE ( 'NONE', *, *, #1104, .T. ) ;
#3215 = CIRCLE ( 'NONE', #4053, 6.999999999999992006 ) ;
#3216 = ORIENTED_EDGE ( 'NONE', *, *, #3366, .F. ) ;
#3217 = EDGE_LOOP ( 'NONE', ( #3935, #3554, #6018, #3868 ) ) ;
#3218 = VECTOR ( 'NONE', #185, 1000.000000000000000 ) ;
#3219 = EDGE_CURVE ( 'NONE', #3783, #474, #1181, .T. ) ;
#3220 = CARTESIAN_POINT ( 'NONE',  ( 95.99999999999990052, 11.99999999999999645, -95.00000000000000000 ) ) ;
#3221 = ORIENTED_EDGE ( 'NONE', *, *, #5670, .T. ) ;
#3222 = CYLINDRICAL_SURFACE ( 'NONE', #3318, 1.750000000000003331 ) ;
#3223 = DIRECTION ( 'NONE',  ( -0.000000000000000000, -0.000000000000000000, -1.000000000000000000 ) ) ;
#3224 = VECTOR ( 'NONE', #1314, 1000.000000000000000 ) ;
#3225 = VERTEX_POINT ( 'NONE', #3733 ) ;
#3226 = ORIENTED_EDGE ( 'NONE', *, *, #3219, .F. ) ;
#3227 = CARTESIAN_POINT ( 'NONE',  ( 115.0000000000000711, 605.0000000000001137, -19.99999999999999645 ) ) ;
#3228 = FACE_OUTER_BOUND ( 'NONE', #269, .T. ) ;
#3229 = EDGE_CURVE ( 'NONE', #4563, #5897, #6286, .T. ) ;
#3230 = EDGE_CURVE ( 'NONE', #2419, #725, #5762, .T. ) ;
#3231 = DIRECTION ( 'NONE',  ( 0.000000000000000000, 1.000000000000000000, 0.000000000000000000 ) ) ;
#3232 = DIRECTION ( 'NONE',  ( 0.000000000000000000, 0.000000000000000000, 1.000000000000000000 ) ) ;
#3233 = CYLINDRICAL_SURFACE ( 'NONE', #1035, 8.000000000000007105 ) ;
#3234 = DIRECTION ( 'NONE',  ( 2.387576397043347250E-16, -1.000000000000000000, 3.566332975710173193E-48 ) ) ;
#3235 = LINE ( 'NONE', #4778, #291 ) ;
#3236 = AXIS2_PLACEMENT_3D ( 'NONE', #5365, #1311, #3432 ) ;
#3237 = ORIENTED_EDGE ( 'NONE', *, *, #5298, .T. ) ;
#3238 = DIRECTION ( 'NONE',  ( -2.387576397043347250E-16, 1.000000000000000000, -3.566332975710173193E-48 ) ) ;
#3239 = DIRECTION ( 'NONE',  ( -0.000000000000000000, -0.000000000000000000, -1.000000000000000000 ) ) ;
#3240 = AXIS2_PLACEMENT_3D ( 'NONE', #1935, #3954, #5946 ) ;
#3241 = AXIS2_PLACEMENT_3D ( 'NONE', #3300, #2314, #5300 ) ;
#3242 = ORIENTED_EDGE ( 'NONE', *, *, #6386, .F. ) ;
#3243 = CARTESIAN_POINT ( 'NONE',  ( -67.99999999999991473, 12.00000000000000000, 8.673617379884035472E-16 ) ) ;
#3244 = CARTESIAN_POINT ( 'NONE',  ( -117.9999999999998295, 603.0000000000003411, 18.49999999999897327 ) ) ;
#3245 = DIRECTION ( 'NONE',  ( 6.844255435263898992E-34, 0.000000000000000000, -1.000000000000000000 ) ) ;
#3246 = AXIS2_PLACEMENT_3D ( 'NONE', #1734, #5748, #2826 ) ;
#3247 = VERTEX_POINT ( 'NONE', #3277 ) ;
#3248 = PLANE ( 'NONE',  #5084 ) ;
#3249 = VECTOR ( 'NONE', #1400, 1000.000000000000000 ) ;
#3250 = ORIENTED_EDGE ( 'NONE', *, *, #2073, .T. ) ;
#3251 = EDGE_CURVE ( 'NONE', #3083, #2097, #3336, .T. ) ;
#3252 = ORIENTED_EDGE ( 'NONE', *, *, #446, .T. ) ;
#3253 = AXIS2_PLACEMENT_3D ( 'NONE', #4948, #3927, #4521 ) ;
#3254 = CIRCLE ( 'NONE', #406, 5.000000000000004441 ) ;
#3255 = DIRECTION ( 'NONE',  ( 0.000000000000000000, 0.000000000000000000, -1.000000000000000000 ) ) ;
#3256 = PLANE ( 'NONE',  #583 ) ;
#3257 = ORIENTED_EDGE ( 'NONE', *, *, #3059, .T. ) ;
#3258 = CIRCLE ( 'NONE', #1986, 8.500000000000007105 ) ;
#3259 = CARTESIAN_POINT ( 'NONE',  ( 60.00000000000009237, 16.25000000000002132, 20.00000000000000000 ) ) ;
#3260 = CARTESIAN_POINT ( 'NONE',  ( 63.75000000000007105, 465.0000000000000000, 16.24999999999999289 ) ) ;
#3261 = EDGE_CURVE ( 'NONE', #38, #2066, #4753, .T. ) ;
#3262 = VERTEX_POINT ( 'NONE', #5335 ) ;
#3263 = ORIENTED_EDGE ( 'NONE', *, *, #4372, .T. ) ;
#3264 = CARTESIAN_POINT ( 'NONE',  ( 100.0000000000000995, 20.00000000000001776, -16.25000000000000000 ) ) ;
#3266 = VECTOR ( 'NONE', #4490, 1000.000000000000000 ) ;
#3265 = DIRECTION ( 'NONE',  ( -0.000000000000000000, -1.000000000000000000, -0.000000000000000000 ) ) ;
#3267 = DIRECTION ( 'NONE',  ( 0.000000000000000000, 0.000000000000000000, -1.000000000000000000 ) ) ;
#3268 = FACE_OUTER_BOUND ( 'NONE', #1692, .T. ) ;
#3269 = CIRCLE ( 'NONE', #2952, 8.000000000000007105 ) ;
#3270 = EDGE_CURVE ( 'NONE', #5153, #6174, #1780, .T. ) ;
#3271 = EDGE_CURVE ( 'NONE', #2296, #3824, #4481, .T. ) ;
#3272 = CARTESIAN_POINT ( 'NONE',  ( -67.99999999999990052, 16.00000000000000000, -100.0000000000000000 ) ) ;
#3273 = DIRECTION ( 'NONE',  ( -1.000000000000000000, 0.000000000000000000, 6.844255435263898992E-34 ) ) ;
#3274 = DIRECTION ( 'NONE',  ( 0.000000000000000000, 0.000000000000000000, -1.000000000000000000 ) ) ;
#3275 = VERTEX_POINT ( 'NONE', #5304 ) ;
#3276 = CARTESIAN_POINT ( 'NONE',  ( -80.00000000000009948, -31.99999999999999289, -64.99999999999998579 ) ) ;
#3277 = CARTESIAN_POINT ( 'NONE',  ( -67.99999999999990052, 16.00000000000000000, -95.00000000000000000 ) ) ;
#3278 = EDGE_CURVE ( 'NONE', #2485, #1365, #788, .T. ) ;
#3279 = ORIENTED_EDGE ( 'NONE', *, *, #3849, .F. ) ;
#3280 = CARTESIAN_POINT ( 'NONE',  ( -63.75000000000001421, 465.0000000000000000, -19.99999999999999645 ) ) ;
#3281 = FACE_OUTER_BOUND ( 'NONE', #2882, .T. ) ;
#3282 = LINE ( 'NONE', #4757, #1258 ) ;
#3283 = ORIENTED_EDGE ( 'NONE', *, *, #4752, .T. ) ;
#3284 = FACE_OUTER_BOUND ( 'NONE', #6351, .T. ) ;
#3285 = VERTEX_POINT ( 'NONE', #2318 ) ;
#3286 = ORIENTED_EDGE ( 'NONE', *, *, #2173, .T. ) ;
#3287 = EDGE_CURVE ( 'NONE', #584, #2278, #1682, .T. ) ;
#3288 = CARTESIAN_POINT ( 'NONE',  ( -80.00000000000009948, -20.00000000000003553, -88.50000000000000000 ) ) ;
#3289 = FACE_OUTER_BOUND ( 'NONE', #6400, .T. ) ;
#3290 = ORIENTED_EDGE ( 'NONE', *, *, #1894, .F. ) ;
#3291 = ORIENTED_EDGE ( 'NONE', *, *, #834, .F. ) ;
#3292 = ORIENTED_EDGE ( 'NONE', *, *, #343, .T. ) ;
#3293 = DIRECTION ( 'NONE',  ( -4.625929269271477039E-16, -1.000000000000000000, 0.000000000000000000 ) ) ;
#3294 = CARTESIAN_POINT ( 'NONE',  ( -63.75000000000001421, 465.0000000000000000, -19.99999999999999645 ) ) ;
#3295 = EDGE_CURVE ( 'NONE', #2946, #20, #4718, .T. ) ;
#3296 = DIRECTION ( 'NONE',  ( -0.000000000000000000, -0.000000000000000000, -1.000000000000000000 ) ) ;
#3297 = CARTESIAN_POINT ( 'NONE',  ( -117.9999999999998295, 603.0000000000003411, 14.99999999999896971 ) ) ;
#3298 = LINE ( 'NONE', #2738, #2075 ) ;
#3299 = DIRECTION ( 'NONE',  ( 1.000000000000000000, 0.000000000000000000, -6.844255435263898992E-34 ) ) ;
#3300 = CARTESIAN_POINT ( 'NONE',  ( -117.0000000000000426, 468.0000000000000000, 30.00000000000000000 ) ) ;
#3301 = ADVANCED_FACE ( 'NONE', ( #2245, #4254 ), #6253, .T. ) ;
#3302 = VERTEX_POINT ( 'NONE', #1709 ) ;
#3303 = FACE_OUTER_BOUND ( 'NONE', #4101, .T. ) ;
#3304 = EDGE_CURVE ( 'NONE', #2824, #5346, #5728, .T. ) ;
#3305 = DIRECTION ( 'NONE',  ( 1.000000000000000000, 2.775557561562888886E-16, -0.000000000000000000 ) ) ;
#3306 = VECTOR ( 'NONE', #5154, 1000.000000000000000 ) ;
#3307 = ORIENTED_EDGE ( 'NONE', *, *, #3073, .F. ) ;
#3308 = DIRECTION ( 'NONE',  ( 0.000000000000000000, 0.000000000000000000, -1.000000000000000000 ) ) ;
#3309 = CARTESIAN_POINT ( 'NONE',  ( 60.00000000000009237, 20.00000000000001776, 16.24999999999999289 ) ) ;
#3310 = AXIS2_PLACEMENT_3D ( 'NONE', #3731, #1279, #656 ) ;
#3311 = CARTESIAN_POINT ( 'NONE',  ( 80.00000000000009948, -19.99999999999999289, -79.99999999999998579 ) ) ;
#3312 = ORIENTED_EDGE ( 'NONE', *, *, #5902, .F. ) ;
#3313 = DIRECTION ( 'NONE',  ( -1.000000000000000000, 0.000000000000000000, 1.968757127242514694E-32 ) ) ;
#3314 = EDGE_CURVE ( 'NONE', #3753, #1951, #209, .T. ) ;
#3315 = CARTESIAN_POINT ( 'NONE',  ( 117.0000000000001563, 465.0000000000000568, 30.00000000000000000 ) ) ;
#3316 = AXIS2_PLACEMENT_3D ( 'NONE', #4483, #5594, #977 ) ;
#3317 = ORIENTED_EDGE ( 'NONE', *, *, #1967, .T. ) ;
#3318 = AXIS2_PLACEMENT_3D ( 'NONE', #3748, #4140, #5221 ) ;
#3319 = CARTESIAN_POINT ( 'NONE',  ( 68.00000000000008527, -15.99999999999997868, -8.673617379884035472E-16 ) ) ;
#3320 = DIRECTION ( 'NONE',  ( 1.000000000000000000, 1.224646799147353207E-16, 0.000000000000000000 ) ) ;
#3321 = ORIENTED_EDGE ( 'NONE', *, *, #3050, .F. ) ;
#3322 = EDGE_LOOP ( 'NONE', ( #5244, #3283, #1917, #4221 ) ) ;
#3323 = CIRCLE ( 'NONE', #471, 1.750000000000003331 ) ;
#3324 = VERTEX_POINT ( 'NONE', #5241 ) ;
#3325 = CARTESIAN_POINT ( 'NONE',  ( -100.0000000000000142, 465.0000000000000000, 16.24999999999999289 ) ) ;
#3326 = CARTESIAN_POINT ( 'NONE',  ( 80.00000000000009948, -19.99999999999999289, 73.00000000000000000 ) ) ;
#3327 = CIRCLE ( 'NONE', #4373, 3.500000000000006661 ) ;
#3328 = CARTESIAN_POINT ( 'NONE',  ( -80.00000000000009948, -19.99999999999999289, 79.99999999999998579 ) ) ;
#3329 = CYLINDRICAL_SURFACE ( 'NONE', #589, 4.000000000000003553 ) ;
#3330 = EDGE_CURVE ( 'NONE', #371, #5263, #728, .T. ) ;
#3331 = DIRECTION ( 'NONE',  ( -1.000000000000000000, -1.224646799147353207E-16, -0.000000000000000000 ) ) ;
#3332 = LINE ( 'NONE', #4378, #3994 ) ;
#3333 = LINE ( 'NONE', #3921, #3763 ) ;
#3334 = ORIENTED_EDGE ( 'NONE', *, *, #4227, .T. ) ;
#3335 = DIRECTION ( 'NONE',  ( -0.000000000000000000, -1.000000000000000000, -0.000000000000000000 ) ) ;
#3336 = LINE ( 'NONE', #271, #3645 ) ;
#3337 = EDGE_CURVE ( 'NONE', #1985, #3526, #2867, .T. ) ;
#3338 = ORIENTED_EDGE ( 'NONE', *, *, #5652, .T. ) ;
#3339 = DIRECTION ( 'NONE',  ( 1.000000000000000000, -0.000000000000000000, -0.000000000000000000 ) ) ;
#3340 = CARTESIAN_POINT ( 'NONE',  ( 123.0000000000000568, 565.4342007203531466, -30.00000000000000000 ) ) ;
#3341 = DIRECTION ( 'NONE',  ( -1.000000000000000000, 0.000000000000000000, -0.000000000000000000 ) ) ;
#3342 = ORIENTED_EDGE ( 'NONE', *, *, #5017, .F. ) ;
#3343 = DIRECTION ( 'NONE',  ( 0.000000000000000000, -3.160343196191257749E-48, -1.000000000000000000 ) ) ;
#3344 = EDGE_LOOP ( 'NONE', ( #615, #5575 ) ) ;
#3345 = VECTOR ( 'NONE', #4618, 1000.000000000000000 ) ;
#3346 = ORIENTED_EDGE ( 'NONE', *, *, #5040, .F. ) ;
#3347 = ADVANCED_FACE ( 'NONE', ( #2472 ), #2939, .T. ) ;
#3348 = EDGE_CURVE ( 'NONE', #1005, #5606, #6465, .T. ) ;
#3349 = AXIS2_PLACEMENT_3D ( 'NONE', #292, #6332, #1764 ) ;
#3350 = DIRECTION ( 'NONE',  ( -1.000000000000000000, 0.000000000000000000, -0.000000000000000000 ) ) ;
#3351 = DIRECTION ( 'NONE',  ( 0.000000000000000000, 1.000000000000000000, 0.000000000000000000 ) ) ;
#3352 = EDGE_LOOP ( 'NONE', ( #1971, #5713, #5677, #3433 ) ) ;
#3353 = CIRCLE ( 'NONE', #1766, 4.000000000000003553 ) ;
#3354 = AXIS2_PLACEMENT_3D ( 'NONE', #5127, #58, #5488 ) ;
#3355 = ORIENTED_EDGE ( 'NONE', *, *, #5410, .F. ) ;
#3356 = ORIENTED_EDGE ( 'NONE', *, *, #5652, .F. ) ;
#3357 = FACE_OUTER_BOUND ( 'NONE', #985, .T. ) ;
#3358 = DIRECTION ( 'NONE',  ( -0.000000000000000000, 0.000000000000000000, -1.000000000000000000 ) ) ;
#3359 = VECTOR ( 'NONE', #3273, 1000.000000000000000 ) ;
#3360 = CIRCLE ( 'NONE', #509, 5.000000000000004441 ) ;
#3361 = CARTESIAN_POINT ( 'NONE',  ( -67.99999999999991473, 19.99999999999999645, 100.0000000000000000 ) ) ;
#3362 = LINE ( 'NONE', #3917, #1761 ) ;
#3363 = CIRCLE ( 'NONE', #2731, 4.000000000000003553 ) ;
#3364 = AXIS2_PLACEMENT_3D ( 'NONE', #2519, #5538, #928 ) ;
#3365 = DIRECTION ( 'NONE',  ( 1.968757127242515241E-32, 0.000000000000000000, -1.000000000000000000 ) ) ;
#3366 = EDGE_CURVE ( 'NONE', #4252, #1554, #4972, .T. ) ;
#3367 = LINE ( 'NONE', #846, #99 ) ;
#3368 = FACE_OUTER_BOUND ( 'NONE', #3158, .T. ) ;
#3369 = ORIENTED_EDGE ( 'NONE', *, *, #1722, .T. ) ;
#3370 = PLANE ( 'NONE',  #5197 ) ;
#3371 = EDGE_CURVE ( 'NONE', #2696, #5933, #5002, .T. ) ;
#3372 = AXIS2_PLACEMENT_3D ( 'NONE', #4302, #2328, #3350 ) ;
#3373 = CARTESIAN_POINT ( 'NONE',  ( -59.99999999999991473, 20.00000000000000711, -16.24999999999999289 ) ) ;
#3374 = CARTESIAN_POINT ( 'NONE',  ( -59.99999999999991473, 16.25000000000000000, -16.25000000000000000 ) ) ;
#3375 = CARTESIAN_POINT ( 'NONE',  ( -80.00000000000009948, -31.99999999999999289, -94.99999999999998579 ) ) ;
#3376 = DIRECTION ( 'NONE',  ( 0.000000000000000000, 0.000000000000000000, -1.000000000000000000 ) ) ;
#3377 = ORIENTED_EDGE ( 'NONE', *, *, #3714, .F. ) ;
#3378 = LINE ( 'NONE', #5474, #2672 ) ;
#3379 = ADVANCED_FACE ( 'NONE', ( #5368 ), #4945, .F. ) ;
#3380 = ORIENTED_EDGE ( 'NONE', *, *, #1767, .T. ) ;
#3381 = EDGE_CURVE ( 'NONE', #1487, #5667, #3327, .T. ) ;
#3382 = DIRECTION ( 'NONE',  ( -1.000000000000000000, 0.000000000000000000, 6.844255435263896426E-34 ) ) ;
#3383 = ORIENTED_EDGE ( 'NONE', *, *, #3170, .T. ) ;
#3384 = DIRECTION ( 'NONE',  ( 0.000000000000000000, 1.000000000000000000, 0.000000000000000000 ) ) ;
#3385 = CYLINDRICAL_SURFACE ( 'NONE', #5811, 3.750000000000003553 ) ;
#3386 = ADVANCED_FACE ( 'NONE', ( #1347 ), #4420, .T. ) ;
#3387 = VERTEX_POINT ( 'NONE', #3373 ) ;
#3388 = EDGE_CURVE ( 'NONE', #2875, #5933, #2345, .T. ) ;
#3389 = ORIENTED_EDGE ( 'NONE', *, *, #5426, .T. ) ;
#3390 = ORIENTED_EDGE ( 'NONE', *, *, #288, .F. ) ;
#3391 = CARTESIAN_POINT ( 'NONE',  ( -91.99999999999991473, 16.00000000000000000, -100.0000000000000000 ) ) ;
#3392 = CARTESIAN_POINT ( 'NONE',  ( 92.00000000000009948, 12.00000000000001776, 100.0000000000000000 ) ) ;
#3393 = EDGE_CURVE ( 'NONE', #507, #2592, #999, .T. ) ;
#3394 = DIRECTION ( 'NONE',  ( 1.000000000000000000, 0.000000000000000000, -0.000000000000000000 ) ) ;
#3395 = ORIENTED_EDGE ( 'NONE', *, *, #834, .T. ) ;
#3396 = CARTESIAN_POINT ( 'NONE',  ( 92.00000000000011369, -15.99999999999997868, 95.00000000000000000 ) ) ;
#3397 = DIRECTION ( 'NONE',  ( 1.000000000000000000, 0.000000000000000000, -0.000000000000000000 ) ) ;
#3398 = CYLINDRICAL_SURFACE ( 'NONE', #182, 8.500000000000007105 ) ;
#3399 = EDGE_LOOP ( 'NONE', ( #816, #1224, #1297, #1434 ) ) ;
#3400 = DIRECTION ( 'NONE',  ( 0.000000000000000000, 0.000000000000000000, -1.000000000000000000 ) ) ;
#3401 = DIRECTION ( 'NONE',  ( -1.000000000000000000, 0.000000000000000000, -0.000000000000000000 ) ) ;
#3402 = LINE ( 'NONE', #529, #2192 ) ;
#3403 = CARTESIAN_POINT ( 'NONE',  ( -96.25000000000001421, 465.0000000000000000, 20.00000000000000355 ) ) ;
#3404 = CARTESIAN_POINT ( 'NONE',  ( -118.0000000000000000, 615.0000000000001137, -19.99999999999999645 ) ) ;
#3405 = AXIS2_PLACEMENT_3D ( 'NONE', #2152, #3808, #3313 ) ;
#3406 = EDGE_LOOP ( 'NONE', ( #4735, #4960, #520, #2056 ) ) ;
#3407 = DIRECTION ( 'NONE',  ( 0.000000000000000000, 0.000000000000000000, 1.000000000000000000 ) ) ;
#3408 = APPLICATION_CONTEXT ( 'configuration controlled 3d designs of mechanical parts and assemblies' ) ;
#3409 = DIRECTION ( 'NONE',  ( 0.000000000000000000, 0.000000000000000000, -1.000000000000000000 ) ) ;
#3410 = CARTESIAN_POINT ( 'NONE',  ( 60.00000000000009237, 1.908195823574487804E-14, -50.00000000000000000 ) ) ;
#3411 = ORIENTED_EDGE ( 'NONE', *, *, #2659, .F. ) ;
#3412 = AXIS2_PLACEMENT_3D ( 'NONE', #3077, #75, #4097 ) ;
#3413 = EDGE_CURVE ( 'NONE', #4417, #6442, #5420, .T. ) ;
#3414 = EDGE_LOOP ( 'NONE', ( #1794, #3952, #5163, #5782, #1377, #2750 ) ) ;
#3415 = PLANE ( 'NONE',  #5604 ) ;
#3416 = VERTEX_POINT ( 'NONE', #4383 ) ;
#3417 = AXIS2_PLACEMENT_3D ( 'NONE', #4023, #488, #3100 ) ;
#3418 = VERTEX_POINT ( 'NONE', #2442 ) ;
#3419 = ORIENTED_EDGE ( 'NONE', *, *, #5821, .F. ) ;
#3420 = FACE_OUTER_BOUND ( 'NONE', #2964, .T. ) ;
#3421 = AXIS2_PLACEMENT_3D ( 'NONE', #4995, #1003, #3023 ) ;
#3422 = CARTESIAN_POINT ( 'NONE',  ( 92.00000000000011369, 16.00000000000002132, 8.673617379884035472E-16 ) ) ;
#3423 = CARTESIAN_POINT ( 'NONE',  ( 121.9251523357786198, 525.1671805061970417, 30.00000000000000000 ) ) ;
#3424 = VECTOR ( 'NONE', #43, 1000.000000000000000 ) ;
#3425 = VERTEX_POINT ( 'NONE', #6379 ) ;
#3426 = CIRCLE ( 'NONE', #1204, 1.750000000000001554 ) ;
#3427 = DIRECTION ( 'NONE',  ( 1.000000000000000000, 0.000000000000000000, 0.000000000000000000 ) ) ;
#3428 = ADVANCED_FACE ( 'NONE', ( #3961, #335 ), #1840, .F. ) ;
#3429 = ADVANCED_FACE ( 'NONE', ( #2410 ), #3860, .T. ) ;
#3430 = LINE ( 'NONE', #6410, #1143 ) ;
#3431 = VECTOR ( 'NONE', #6317, 1000.000000000000000 ) ;
#3432 = DIRECTION ( 'NONE',  ( 0.000000000000000000, 0.000000000000000000, -1.000000000000000000 ) ) ;
#3433 = ORIENTED_EDGE ( 'NONE', *, *, #5067, .T. ) ;
#3434 = DIRECTION ( 'NONE',  ( -6.844255435263898992E-34, 0.000000000000000000, 1.000000000000000000 ) ) ;
#3435 = CARTESIAN_POINT ( 'NONE',  ( -91.99999999999991473, 16.00000000000000000, -8.673617379884035472E-16 ) ) ;
#3436 = AXIS2_PLACEMENT_3D ( 'NONE', #6434, #4441, #5362 ) ;
#3437 = DIRECTION ( 'NONE',  ( 1.000000000000000000, 0.000000000000000000, -0.000000000000000000 ) ) ;
#3438 = DIRECTION ( 'NONE',  ( 1.224646799147353207E-16, -1.000000000000000000, 2.899348569094233810E-49 ) ) ;
#3439 = DIRECTION ( 'NONE',  ( 1.000000000000000000, 0.000000000000000000, 0.000000000000000000 ) ) ;
#3440 = ORIENTED_EDGE ( 'NONE', *, *, #1639, .F. ) ;
#3441 = DIRECTION ( 'NONE',  ( 1.000000000000000000, 0.000000000000000000, 0.000000000000000000 ) ) ;
#3442 = DIRECTION ( 'NONE',  ( 0.000000000000000000, 1.000000000000000000, 0.000000000000000000 ) ) ;
#3443 = CARTESIAN_POINT ( 'NONE',  ( -67.99999999999991473, -12.00000000000000000, 0.000000000000000000 ) ) ;
#3444 = VERTEX_POINT ( 'NONE', #3897 ) ;
#3445 = EDGE_CURVE ( 'NONE', #453, #1810, #4911, .T. ) ;
#3446 = ORIENTED_EDGE ( 'NONE', *, *, #5829, .T. ) ;
#3447 = DIRECTION ( 'NONE',  ( 1.000000000000000000, 0.000000000000000000, 0.000000000000000000 ) ) ;
#3448 = AXIS2_PLACEMENT_3D ( 'NONE', #5691, #1776, #1151 ) ;
#3449 = EDGE_LOOP ( 'NONE', ( #4062, #5375 ) ) ;
#3450 = ADVANCED_FACE ( 'NONE', ( #3924 ), #1443, .F. ) ;
#3451 = ORIENTED_EDGE ( 'NONE', *, *, #799, .T. ) ;
#3452 = VECTOR ( 'NONE', #3529, 1000.000000000000000 ) ;
#3453 = EDGE_LOOP ( 'NONE', ( #145, #1269, #5479, #5631 ) ) ;
#3454 = CARTESIAN_POINT ( 'NONE',  ( -117.9999999999999858, 565.0000000000001137, 30.00000000000000000 ) ) ;
#3455 = DATE_AND_TIME ( #6468, #6142 ) ;
#3456 = AXIS2_PLACEMENT_3D ( 'NONE', #352, #5939, #2856 ) ;
#3457 = DIRECTION ( 'NONE',  ( 0.000000000000000000, -1.000000000000000000, 0.000000000000000000 ) ) ;
#3458 = AXIS2_PLACEMENT_3D ( 'NONE', #4080, #1469, #1597 ) ;
#3459 = ADVANCED_FACE ( 'NONE', ( #5565 ), #5136, .T. ) ;
#3460 = DIRECTION ( 'NONE',  ( 1.000000000000000000, 0.000000000000000000, -0.000000000000000000 ) ) ;
#3461 = EDGE_LOOP ( 'NONE', ( #2391, #4347, #2535, #6510 ) ) ;
#3462 = ORIENTED_EDGE ( 'NONE', *, *, #3497, .F. ) ;
#3463 = LINE ( 'NONE', #945, #181 ) ;
#3464 = CIRCLE ( 'NONE', #611, 1.750000000000001554 ) ;
#3465 = AXIS2_PLACEMENT_3D ( 'NONE', #5955, #2942, #1013 ) ;
#3466 = CARTESIAN_POINT ( 'NONE',  ( 80.00000000000009948, -16.24999999999997868, -18.00000000000000000 ) ) ;
#3467 = DIRECTION ( 'NONE',  ( -2.387576397043347250E-16, 1.000000000000000000, -3.566332975710173193E-48 ) ) ;
#3468 = ORIENTED_EDGE ( 'NONE', *, *, #6164, .T. ) ;
#3469 = CARTESIAN_POINT ( 'NONE',  ( -98.00000000000001421, 465.0000000000000000, 16.25000000000000000 ) ) ;
#3470 = CARTESIAN_POINT ( 'NONE',  ( 125.0000000000001705, 603.0000000000003411, 14.99999999999896971 ) ) ;
#3471 = AXIS2_PLACEMENT_3D ( 'NONE', #5001, #3920, #6439 ) ;
#3472 = EDGE_CURVE ( 'NONE', #3416, #5377, #68, .T. ) ;
#3473 = EDGE_CURVE ( 'NONE', #274, #3526, #4689, .T. ) ;
#3474 = DIRECTION ( 'NONE',  ( 6.844255435263898992E-34, 0.000000000000000000, -1.000000000000000000 ) ) ;
#3475 = DIRECTION ( 'NONE',  ( -1.000000000000000000, -5.782411586589357639E-16, 0.000000000000000000 ) ) ;
#3476 = DIRECTION ( 'NONE',  ( -1.000000000000000000, 0.000000000000000000, 0.000000000000000000 ) ) ;
#3477 = CIRCLE ( 'NONE', #1993, 8.500000000000007105 ) ;
#3478 = VERTEX_POINT ( 'NONE', #3604 ) ;
#3479 = DIRECTION ( 'NONE',  ( 0.000000000000000000, 1.000000000000000000, 0.000000000000000000 ) ) ;
#3480 = DIRECTION ( 'NONE',  ( 1.968757127242515241E-32, 0.000000000000000000, 1.000000000000000000 ) ) ;
#3481 = FACE_OUTER_BOUND ( 'NONE', #1298, .T. ) ;
#3482 = ADVANCED_FACE ( 'NONE', ( #2072 ), #5073, .T. ) ;
#3483 = AXIS2_PLACEMENT_3D ( 'NONE', #1382, #4424, #3376 ) ;
#3484 = EDGE_LOOP ( 'NONE', ( #5779, #4167, #1505, #1527 ) ) ;
#3485 = EDGE_LOOP ( 'NONE', ( #3591, #2996, #3016, #5923 ) ) ;
#3486 = CARTESIAN_POINT ( 'NONE',  ( -80.00000000000009948, -20.00000000000003553, 71.49999999999998579 ) ) ;
#3487 = ORIENTED_EDGE ( 'NONE', *, *, #6149, .F. ) ;
#3488 = ORIENTED_EDGE ( 'NONE', *, *, #5112, .F. ) ;
#3489 = VERTEX_POINT ( 'NONE', #4579 ) ;
#3490 = FACE_OUTER_BOUND ( 'NONE', #542, .T. ) ;
#3491 = DIRECTION ( 'NONE',  ( -2.387576397043347250E-16, 1.000000000000000000, -3.566332975710173193E-48 ) ) ;
#3492 = DIRECTION ( 'NONE',  ( -2.775557561562888886E-16, -1.000000000000000000, 0.000000000000000000 ) ) ;
#3493 = DIRECTION ( 'NONE',  ( -0.1723803317522503709, 0.9850304671557038594, 0.000000000000000000 ) ) ;
#3494 = ORIENTED_EDGE ( 'NONE', *, *, #5893, .F. ) ;
#3495 = ORIENTED_EDGE ( 'NONE', *, *, #2688, .F. ) ;
#3496 = DIRECTION ( 'NONE',  ( 0.000000000000000000, 0.000000000000000000, -1.000000000000000000 ) ) ;
#3497 = EDGE_CURVE ( 'NONE', #1855, #2656, #2607, .T. ) ;
#3498 = FACE_OUTER_BOUND ( 'NONE', #4669, .T. ) ;
#3499 = ORIENTED_EDGE ( 'NONE', *, *, #1198, .F. ) ;
#3500 = CARTESIAN_POINT ( 'NONE',  ( 80.00000000000009948, -31.99999999999999289, -79.99999999999998579 ) ) ;
#3501 = DIRECTION ( 'NONE',  ( 6.844255435263898992E-34, 0.000000000000000000, -1.000000000000000000 ) ) ;
#3502 = PRODUCT_DEFINITION_SHAPE ( 'NONE', 'NONE',  #3925 ) ;
#3503 = FACE_OUTER_BOUND ( 'NONE', #3598, .T. ) ;
#3504 = EDGE_CURVE ( 'NONE', #2558, #6353, #5527, .T. ) ;
#3505 = CARTESIAN_POINT ( 'NONE',  ( 92.00000000000009948, 12.00000000000001776, 100.0000000000000000 ) ) ;
#3506 = ADVANCED_FACE ( 'NONE', ( #4614 ), #4149, .T. ) ;
#3507 = CARTESIAN_POINT ( 'NONE',  ( -80.00000000000009948, -31.99999999999999289, -73.00000000000000000 ) ) ;
#3508 = EDGE_LOOP ( 'NONE', ( #487, #2793, #2849, #4050 ) ) ;
#3509 = CYLINDRICAL_SURFACE ( 'NONE', #1087, 7.999999999999992895 ) ;
#3510 = CARTESIAN_POINT ( 'NONE',  ( 123.0000000000000568, 605.0000000000001137, -19.99999999999999645 ) ) ;
#3511 = DIRECTION ( 'NONE',  ( -1.000000000000000000, 0.000000000000000000, 0.000000000000000000 ) ) ;
#3512 = EDGE_LOOP ( 'NONE', ( #5343, #4754, #1762, #2728, #5216, #665, #2197, #5090 ) ) ;
#3513 = ADVANCED_FACE ( 'NONE', ( #4517 ), #5595, .T. ) ;
#3514 = DIRECTION ( 'NONE',  ( 0.000000000000000000, 0.000000000000000000, 1.000000000000000000 ) ) ;
#3515 = EDGE_LOOP ( 'NONE', ( #4701, #6263 ) ) ;
#3516 = DIRECTION ( 'NONE',  ( -0.000000000000000000, 0.000000000000000000, 1.000000000000000000 ) ) ;
#3517 = ORIENTED_EDGE ( 'NONE', *, *, #1802, .F. ) ;
#3518 = AXIS2_PLACEMENT_3D ( 'NONE', #280, #177, #314 ) ;
#3519 = VERTEX_POINT ( 'NONE', #6147 ) ;
#3520 = VERTEX_POINT ( 'NONE', #103 ) ;
#3521 = DIRECTION ( 'NONE',  ( 1.968757127242515241E-32, 0.000000000000000000, -1.000000000000000000 ) ) ;
#3522 = PERSON_AND_ORGANIZATION ( #410, #6463 ) ;
#3523 = CIRCLE ( 'NONE', #4671, 8.500000000000007105 ) ;
#3524 = DIRECTION ( 'NONE',  ( -1.000000000000000000, 2.775557561562888886E-16, 0.000000000000000000 ) ) ;
#3525 = DIRECTION ( 'NONE',  ( 1.000000000000000000, 0.000000000000000000, 0.000000000000000000 ) ) ;
#3526 = VERTEX_POINT ( 'NONE', #556 ) ;
#3527 = AXIS2_PLACEMENT_3D ( 'NONE', #5564, #4215, #5655 ) ;
#3528 = ORIENTED_EDGE ( 'NONE', *, *, #3947, .F. ) ;
#3529 = DIRECTION ( 'NONE',  ( 1.000000000000000000, 1.162929597895994043E-16, 6.842277657836020854E-49 ) ) ;
#3530 = CYLINDRICAL_SURFACE ( 'NONE', #200, 3.750000000000003553 ) ;
#3531 = AXIS2_PLACEMENT_3D ( 'NONE', #2463, #3524, #3492 ) ;
#3532 = ORIENTED_EDGE ( 'NONE', *, *, #5670, .F. ) ;
#3533 = CYLINDRICAL_SURFACE ( 'NONE', #5921, 8.500000000000007105 ) ;
#3534 = DIRECTION ( 'NONE',  ( 0.000000000000000000, 0.000000000000000000, 1.000000000000000000 ) ) ;
#3535 = ADVANCED_FACE ( 'NONE', ( #1507 ), #4089, .F. ) ;
#3536 = PLANE ( 'NONE',  #3780 ) ;
#3537 = CIRCLE ( 'NONE', #2265, 4.000000000000003553 ) ;
#3538 = FACE_OUTER_BOUND ( 'NONE', #2453, .T. ) ;
#3539 = LINE ( 'NONE', #5534, #3028 ) ;
#3540 = EDGE_LOOP ( 'NONE', ( #1612, #2984, #4459, #158 ) ) ;
#3541 = DIRECTION ( 'NONE',  ( 1.000000000000000000, 0.000000000000000000, -6.844255435263898992E-34 ) ) ;
#3542 = FACE_OUTER_BOUND ( 'NONE', #1471, .T. ) ;
#3543 = DIRECTION ( 'NONE',  ( -1.000000000000000000, 0.000000000000000000, 0.000000000000000000 ) ) ;
#3544 = VECTOR ( 'NONE', #759, 1000.000000000000000 ) ;
#3545 = EDGE_CURVE ( 'NONE', #6442, #4103, #4056, .T. ) ;
#3546 = EDGE_LOOP ( 'NONE', ( #1851, #3786, #5879, #1746 ) ) ;
#3547 = CARTESIAN_POINT ( 'NONE',  ( -125.0000000000000568, 473.0000000000000568, 30.00000000000000000 ) ) ;
#3548 = EDGE_LOOP ( 'NONE', ( #2113, #647, #4905, #4395 ) ) ;
#3549 = CARTESIAN_POINT ( 'NONE',  ( 122.0000000000001705, 473.0000000000001137, 30.00000000000000000 ) ) ;
#3550 = ORIENTED_EDGE ( 'NONE', *, *, #3184, .T. ) ;
#3551 = EDGE_CURVE ( 'NONE', #6042, #6302, #6357, .T. ) ;
#3552 = EDGE_CURVE ( 'NONE', #5675, #1345, #3102, .T. ) ;
#3553 = EDGE_LOOP ( 'NONE', ( #5312, #550, #848, #5701 ) ) ;
#3554 = ORIENTED_EDGE ( 'NONE', *, *, #4329, .F. ) ;
#3555 = CARTESIAN_POINT ( 'NONE',  ( 125.0000000000001421, 525.0000000000001137, 30.00000000000000000 ) ) ;
#3556 = DIRECTION ( 'NONE',  ( 0.000000000000000000, -1.000000000000000000, 0.000000000000000000 ) ) ;
#3557 = VECTOR ( 'NONE', #1142, 1000.000000000000000 ) ;
#3558 = VECTOR ( 'NONE', #5142, 1000.000000000000000 ) ;
#3559 = EDGE_LOOP ( 'NONE', ( #3221, #284, #1332, #5771, #4856, #147, #5035, #3938 ) ) ;
#3560 = ORIENTED_EDGE ( 'NONE', *, *, #4549, .T. ) ;
#3561 = LINE ( 'NONE', #4117, #1231 ) ;
#3562 = CARTESIAN_POINT ( 'NONE',  ( 60.00000000000006395, 465.0000000000000000, 16.24999999999999289 ) ) ;
#3563 = AXIS2_PLACEMENT_3D ( 'NONE', #5036, #2638, #4573 ) ;
#3564 = VERTEX_POINT ( 'NONE', #6117 ) ;
#3565 = DIRECTION ( 'NONE',  ( 1.000000000000000000, -2.891205793294677833E-16, 0.000000000000000000 ) ) ;
#3566 = CARTESIAN_POINT ( 'NONE',  ( 122.0000000000001705, 465.0000000000000568, 30.00000000000000000 ) ) ;
#3567 = AXIS2_PLACEMENT_3D ( 'NONE', #4225, #1184, #6125 ) ;
#3568 = AXIS2_PLACEMENT_3D ( 'NONE', #1028, #1557, #2523 ) ;
#3569 = ADVANCED_FACE ( 'NONE', ( #1114 ), #1011, .F. ) ;
#3570 = CARTESIAN_POINT ( 'NONE',  ( -121.9251523357785345, 525.1671805061969280, -30.00000000000000000 ) ) ;
#3571 = LINE ( 'NONE', #2512, #1450 ) ;
#3572 = DIRECTION ( 'NONE',  ( 0.000000000000000000, 0.000000000000000000, -1.000000000000000000 ) ) ;
#3573 = EDGE_CURVE ( 'NONE', #5650, #1985, #5625, .T. ) ;
#3574 = VECTOR ( 'NONE', #2372, 1000.000000000000000 ) ;
#3575 = ORIENTED_EDGE ( 'NONE', *, *, #1602, .T. ) ;
#3576 = DIRECTION ( 'NONE',  ( 0.000000000000000000, 0.000000000000000000, -1.000000000000000000 ) ) ;
#3577 = VECTOR ( 'NONE', #1275, 1000.000000000000000 ) ;
#3578 = VECTOR ( 'NONE', #579, 1000.000000000000000 ) ;
#3579 = FACE_OUTER_BOUND ( 'NONE', #1357, .T. ) ;
#3580 = DIRECTION ( 'NONE',  ( -2.387576397043347250E-16, 1.000000000000000000, -1.532218811828647824E-49 ) ) ;
#3581 = ORIENTED_EDGE ( 'NONE', *, *, #3874, .F. ) ;
#3582 = VECTOR ( 'NONE', #796, 1000.000000000000000 ) ;
#3583 = LINE ( 'NONE', #1618, #6281 ) ;
#3584 = EDGE_CURVE ( 'NONE', #4361, #3285, #3135, .T. ) ;
#3585 = ADVANCED_FACE ( 'NONE', ( #5267 ), #3169, .T. ) ;
#3586 = ORIENTED_EDGE ( 'NONE', *, *, #2378, .T. ) ;
#3587 = CARTESIAN_POINT ( 'NONE',  ( 68.00000000000009948, 12.00000000000001954, 100.0000000000000000 ) ) ;
#3588 = ORIENTED_EDGE ( 'NONE', *, *, #6446, .F. ) ;
#3589 = CIRCLE ( 'NONE', #5049, 6.999999999999992006 ) ;
#3590 = ORIENTED_EDGE ( 'NONE', *, *, #4171, .F. ) ;
#3591 = ORIENTED_EDGE ( 'NONE', *, *, #4069, .F. ) ;
#3592 = EDGE_CURVE ( 'NONE', #5224, #3520, #1421, .T. ) ;
#3593 = EDGE_CURVE ( 'NONE', #2966, #5427, #1315, .T. ) ;
#3594 = LINE ( 'NONE', #3159, #2941 ) ;
#3595 = DIRECTION ( 'NONE',  ( -1.000000000000000000, 0.000000000000000000, 0.000000000000000000 ) ) ;
#3596 = LINE ( 'NONE', #5586, #4297 ) ;
#3597 = ORIENTED_EDGE ( 'NONE', *, *, #4749, .T. ) ;
#3598 = EDGE_LOOP ( 'NONE', ( #4087, #4917, #829, #1135 ) ) ;
#3599 = FACE_OUTER_BOUND ( 'NONE', #2374, .T. ) ;
#3600 = LINE ( 'NONE', #3196, #1880 ) ;
#3601 = ADVANCED_FACE ( 'NONE', ( #2765 ), #4773, .T. ) ;
#3602 = ORIENTED_EDGE ( 'NONE', *, *, #2043, .F. ) ;
#3603 = DIRECTION ( 'NONE',  ( 2.387576397043347250E-16, -1.000000000000000000, 3.566332975710173193E-48 ) ) ;
#3604 = CARTESIAN_POINT ( 'NONE',  ( -59.99999999999990052, 11.99999999999999822, -100.0000000000000000 ) ) ;
#3605 = DIRECTION ( 'NONE',  ( -1.000000000000000000, -1.224646799147353207E-16, -0.000000000000000000 ) ) ;
#3606 = CARTESIAN_POINT ( 'NONE',  ( 115.0000000000000711, 603.0000000000003411, -14.99999999999996447 ) ) ;
#3607 = LINE ( 'NONE', #560, #3663 ) ;
#3608 = ORIENTED_EDGE ( 'NONE', *, *, #2987, .F. ) ;
#3609 = DIRECTION ( 'NONE',  ( -6.844255435263898992E-34, 0.000000000000000000, 1.000000000000000000 ) ) ;
#3610 = CARTESIAN_POINT ( 'NONE',  ( 115.1197562627544073, 564.0551580663352524, 30.00000000000000000 ) ) ;
#3611 = ORIENTED_EDGE ( 'NONE', *, *, #1788, .F. ) ;
#3612 = CARTESIAN_POINT ( 'NONE',  ( -80.00000000000009948, -20.00000000000003553, 88.50000000000000000 ) ) ;
#3613 = ORIENTED_EDGE ( 'NONE', *, *, #1500, .F. ) ;
#3614 = LINE ( 'NONE', #5607, #1503 ) ;
#3615 = ORIENTED_EDGE ( 'NONE', *, *, #4382, .F. ) ;
#3616 = ADVANCED_FACE ( 'NONE', ( #3268 ), #4280, .F. ) ;
#3617 = VERTEX_POINT ( 'NONE', #5656 ) ;
#3618 = ORIENTED_EDGE ( 'NONE', *, *, #4233, .F. ) ;
#3619 = DATE_TIME_ROLE ( 'classification_date' ) ;
#3620 = FACE_OUTER_BOUND ( 'NONE', #1849, .T. ) ;
#3621 = VECTOR ( 'NONE', #2488, 1000.000000000000227 ) ;
#3622 = DIRECTION ( 'NONE',  ( -1.000000000000000000, -1.162929597895994043E-16, -5.473822126268816683E-48 ) ) ;
#3623 = FACE_BOUND ( 'NONE', #699, .T. ) ;
#3624 = ORIENTED_EDGE ( 'NONE', *, *, #1221, .T. ) ;
#3625 = ORIENTED_EDGE ( 'NONE', *, *, #6016, .F. ) ;
#3626 = DIRECTION ( 'NONE',  ( 1.000000000000000000, 0.000000000000000000, 0.000000000000000000 ) ) ;
#3627 = DIRECTION ( 'NONE',  ( 0.000000000000000000, 1.000000000000000000, 0.000000000000000000 ) ) ;
#3628 = CARTESIAN_POINT ( 'NONE',  ( 60.00000000000009237, 16.25000000000001421, -16.25000000000000000 ) ) ;
#3629 = CARTESIAN_POINT ( 'NONE',  ( -67.99999999999991473, -12.00000000000000178, 95.00000000000000000 ) ) ;
#3630 = AXIS2_PLACEMENT_3D ( 'NONE', #5203, #1154, #6219 ) ;
#3631 = EDGE_CURVE ( 'NONE', #774, #2090, #1146, .T. ) ;
#3632 = ADVANCED_FACE ( 'NONE', ( #2171 ), #1702, .F. ) ;
#3633 = LINE ( 'NONE', #2609, #3345 ) ;
#3634 = DIRECTION ( 'NONE',  ( 6.844255435263898992E-34, 0.000000000000000000, -1.000000000000000000 ) ) ;
#3635 = VECTOR ( 'NONE', #3161, 1000.000000000000000 ) ;
#3636 = DIRECTION ( 'NONE',  ( 0.000000000000000000, 7.456161113735056834E-51, 1.000000000000000000 ) ) ;
#3637 = ORIENTED_EDGE ( 'NONE', *, *, #1712, .F. ) ;
#3638 = CARTESIAN_POINT ( 'NONE',  ( -63.74999999999968026, 20.00000000000001776, -17.99999999999999645 ) ) ;
#3639 = LINE ( 'NONE', #5574, #3951 ) ;
#3640 = AXIS2_PLACEMENT_3D ( 'NONE', #1885, #468, #2422 ) ;
#3641 = ORIENTED_EDGE ( 'NONE', *, *, #5378, .F. ) ;
#3642 = AXIS2_PLACEMENT_3D ( 'NONE', #5292, #3358, #325 ) ;
#3643 = DIRECTION ( 'NONE',  ( -1.000000000000000000, -0.000000000000000000, -0.000000000000000000 ) ) ;
#3644 = CARTESIAN_POINT ( 'NONE',  ( -125.0000000000000568, 473.0000000000000568, -30.00000000000000000 ) ) ;
#3645 = VECTOR ( 'NONE', #5273, 1000.000000000000000 ) ;
#3646 = ORIENTED_EDGE ( 'NONE', *, *, #5065, .T. ) ;
#3647 = DIRECTION ( 'NONE',  ( -1.000000000000000000, -1.224646799147353207E-16, 0.000000000000000000 ) ) ;
#3648 = VERTEX_POINT ( 'NONE', #4808 ) ;
#3649 = VERTEX_POINT ( 'NONE', #4180 ) ;
#3650 = VECTOR ( 'NONE', #651, 1000.000000000000000 ) ;
#3651 = CC_DESIGN_DATE_AND_TIME_ASSIGNMENT ( #3455, #2493, ( #3925 ) ) ;
#3652 = ORIENTED_EDGE ( 'NONE', *, *, #5774, .T. ) ;
#3653 = CARTESIAN_POINT ( 'NONE',  ( -67.99999999999990052, -16.00000000000000000, -95.00000000000000000 ) ) ;
#3654 = EDGE_CURVE ( 'NONE', #4937, #4478, #3123, .T. ) ;
#3655 = DIRECTION ( 'NONE',  ( 1.968757127242515241E-32, 0.000000000000000000, -1.000000000000000000 ) ) ;
#3656 = FACE_BOUND ( 'NONE', #3449, .T. ) ;
#3657 = ORIENTED_EDGE ( 'NONE', *, *, #739, .F. ) ;
#3658 = ORIENTED_EDGE ( 'NONE', *, *, #1809, .T. ) ;
#3659 = CARTESIAN_POINT ( 'NONE',  ( 62.00000000000007105, 465.0000000000000000, 16.25000000000000000 ) ) ;
#3660 = DIRECTION ( 'NONE',  ( 0.000000000000000000, 0.000000000000000000, 1.000000000000000000 ) ) ;
#3661 = EDGE_CURVE ( 'NONE', #2296, #5667, #164, .T. ) ;
#3662 = DIRECTION ( 'NONE',  ( 2.387576397043347250E-16, -1.000000000000000000, 3.566332975710173193E-48 ) ) ;
#3663 = VECTOR ( 'NONE', #4976, 1000.000000000000000 ) ;
#3664 = FACE_OUTER_BOUND ( 'NONE', #279, .T. ) ;
#3665 = DIRECTION ( 'NONE',  ( -0.9850304671557075231, -0.1723803317522292489, 0.000000000000000000 ) ) ;
#3666 = AXIS2_PLACEMENT_3D ( 'NONE', #2067, #2664, #1575 ) ;
#3667 = CARTESIAN_POINT ( 'NONE',  ( -99.99999999999991473, 20.00000000000001776, 16.24999999999999289 ) ) ;
#3668 = CARTESIAN_POINT ( 'NONE',  ( -118.0000000000000000, 605.0000000000001137, -19.99999999999999645 ) ) ;
#3669 = ORIENTED_EDGE ( 'NONE', *, *, #4634, .F. ) ;
#3670 = CARTESIAN_POINT ( 'NONE',  ( -125.0000000000000568, 473.0000000000000568, 30.00000000000000000 ) ) ;
#3671 = EDGE_CURVE ( 'NONE', #2419, #1160, #2736, .T. ) ;
#3672 = CARTESIAN_POINT ( 'NONE',  ( 123.0000000000000568, 565.4342007203531466, -30.00000000000000000 ) ) ;
#3673 = VECTOR ( 'NONE', #5533, 1000.000000000000000 ) ;
#3674 = AXIS2_PLACEMENT_3D ( 'NONE', #3690, #1093, #4560 ) ;
#3675 = ORIENTED_EDGE ( 'NONE', *, *, #4903, .T. ) ;
#3676 = CARTESIAN_POINT ( 'NONE',  ( 91.99999999999990052, -12.00000000000000000, -95.00000000000000000 ) ) ;
#3677 = AXIS2_PLACEMENT_3D ( 'NONE', #1609, #6185, #3634 ) ;
#3678 = VECTOR ( 'NONE', #5198, 1000.000000000000000 ) ;
#3679 = CARTESIAN_POINT ( 'NONE',  ( 62.00000000000007105, 465.0000000000000000, -16.25000000000000000 ) ) ;
#3680 = ORIENTED_EDGE ( 'NONE', *, *, #5040, .T. ) ;
#3681 = CARTESIAN_POINT ( 'NONE',  ( 92.00000000000011369, 16.00000000000002132, 95.00000000000000000 ) ) ;
#3682 = EDGE_CURVE ( 'NONE', #937, #4886, #3962, .T. ) ;
#3683 = ORIENTED_EDGE ( 'NONE', *, *, #4592, .T. ) ;
#3684 = AXIS2_PLACEMENT_3D ( 'NONE', #1637, #161, #3660 ) ;
#3685 = VECTOR ( 'NONE', #4953, 1000.000000000000000 ) ;
#3686 = VERTEX_POINT ( 'NONE', #3199 ) ;
#3687 = EDGE_LOOP ( 'NONE', ( #252, #5600, #2030, #1395 ) ) ;
#3688 = LINE ( 'NONE', #4696, #2934 ) ;
#3689 = DIRECTION ( 'NONE',  ( 5.968940992608368126E-17, -1.000000000000000000, 3.271334946041490653E-50 ) ) ;
#3690 = CARTESIAN_POINT ( 'NONE',  ( -67.99999999999990052, 16.00000000000000000, 0.000000000000000000 ) ) ;
#3691 = ORIENTED_EDGE ( 'NONE', *, *, #4810, .T. ) ;
#3692 = ORIENTED_EDGE ( 'NONE', *, *, #866, .T. ) ;
#3693 = VECTOR ( 'NONE', #3572, 1000.000000000000000 ) ;
#3694 = DIRECTION ( 'NONE',  ( -0.000000000000000000, 7.456161113735056834E-51, 1.000000000000000000 ) ) ;
#3695 = CARTESIAN_POINT ( 'NONE',  ( 80.00000000000009948, -20.00000000000003553, 79.99999999999998579 ) ) ;
#3696 = CARTESIAN_POINT ( 'NONE',  ( 63.75000000000009948, 20.00000000000001776, 16.24999999999999289 ) ) ;
#3697 = DIRECTION ( 'NONE',  ( 0.000000000000000000, -0.000000000000000000, 1.000000000000000000 ) ) ;
#3698 = EDGE_CURVE ( 'NONE', #4758, #774, #5634, .T. ) ;
#3699 = DIRECTION ( 'NONE',  ( 0.000000000000000000, 0.000000000000000000, -1.000000000000000000 ) ) ;
#3700 = DIRECTION ( 'NONE',  ( -2.220446049250311109E-16, 1.000000000000000000, 0.000000000000000000 ) ) ;
#3701 = DIRECTION ( 'NONE',  ( -0.000000000000000000, -1.000000000000000000, -0.000000000000000000 ) ) ;
#3702 = VERTEX_POINT ( 'NONE', #2667 ) ;
#3703 = FACE_OUTER_BOUND ( 'NONE', #3953, .T. ) ;
#3704 = DIRECTION ( 'NONE',  ( 1.000000000000000000, -0.000000000000000000, -0.000000000000000000 ) ) ;
#3705 = ORIENTED_EDGE ( 'NONE', *, *, #541, .F. ) ;
#3706 = EDGE_CURVE ( 'NONE', #1037, #3153, #2702, .T. ) ;
#3707 = PLANE ( 'NONE',  #713 ) ;
#3708 = DIRECTION ( 'NONE',  ( 0.000000000000000000, 0.000000000000000000, 1.000000000000000000 ) ) ;
#3709 = VERTEX_POINT ( 'NONE', #6213 ) ;
#3710 = CARTESIAN_POINT ( 'NONE',  ( 64.00000000000009948, 12.00000000000001599, 0.000000000000000000 ) ) ;
#3711 = ORIENTED_EDGE ( 'NONE', *, *, #1230, .T. ) ;
#3712 = ORIENTED_EDGE ( 'NONE', *, *, #312, .T. ) ;
#3713 = ADVANCED_FACE ( 'NONE', ( #3664 ), #230, .F. ) ;
#3714 = EDGE_CURVE ( 'NONE', #4261, #1586, #3725, .T. ) ;
#3715 = ORIENTED_EDGE ( 'NONE', *, *, #6446, .T. ) ;
#3716 = DIRECTION ( 'NONE',  ( 0.000000000000000000, 0.000000000000000000, -1.000000000000000000 ) ) ;
#3717 = VERTEX_POINT ( 'NONE', #5719 ) ;
#3718 = FACE_BOUND ( 'NONE', #5404, .T. ) ;
#3719 = FACE_OUTER_BOUND ( 'NONE', #6423, .T. ) ;
#3720 = VERTEX_POINT ( 'NONE', #4745 ) ;
#3721 = ORIENTED_EDGE ( 'NONE', *, *, #5881, .T. ) ;
#3722 = DIRECTION ( 'NONE',  ( -0.000000000000000000, -0.000000000000000000, -1.000000000000000000 ) ) ;
#3723 = LINE ( 'NONE', #353, #1040 ) ;
#3724 = CARTESIAN_POINT ( 'NONE',  ( 92.00000000000009948, 20.00000000000001421, 8.673617379884035472E-16 ) ) ;
#3725 = LINE ( 'NONE', #2238, #278 ) ;
#3726 = CARTESIAN_POINT ( 'NONE',  ( -124.8802437372456353, 525.6843215014537236, 30.00000000000000000 ) ) ;
#3727 = CARTESIAN_POINT ( 'NONE',  ( 118.0748476642214939, 564.5722990615919343, 30.00000000000000000 ) ) ;
#3728 = FACE_OUTER_BOUND ( 'NONE', #3399, .T. ) ;
#3729 = CIRCLE ( 'NONE', #1512, 4.000000000000003553 ) ;
#3730 = ORIENTED_EDGE ( 'NONE', *, *, #3104, .F. ) ;
#3731 = CARTESIAN_POINT ( 'NONE',  ( 68.00000000000009948, -11.99999999999997868, -8.673617379884035472E-16 ) ) ;
#3732 = EDGE_CURVE ( 'NONE', #1855, #5903, #6244, .T. ) ;
#3733 = CARTESIAN_POINT ( 'NONE',  ( 118.0000000000000711, 603.0000000000003411, -18.49999999999997158 ) ) ;
#3734 = ORIENTED_EDGE ( 'NONE', *, *, #1474, .F. ) ;
#3735 = VECTOR ( 'NONE', #2063, 1000.000000000000000 ) ;
#3736 = FACE_OUTER_BOUND ( 'NONE', #381, .T. ) ;
#3737 = CYLINDRICAL_SURFACE ( 'NONE', #5257, 4.000000000000003553 ) ;
#3738 = ORIENTED_EDGE ( 'NONE', *, *, #4312, .F. ) ;
#3739 = CARTESIAN_POINT ( 'NONE',  ( 95.99999999999988631, -12.00000000000000000, -95.00000000000000000 ) ) ;
#3740 = ADVANCED_FACE ( 'NONE', ( #1830 ), #2464, .F. ) ;
#3741 = ORIENTED_EDGE ( 'NONE', *, *, #1180, .F. ) ;
#3742 = AXIS2_PLACEMENT_3D ( 'NONE', #2951, #4954, #4458 ) ;
#3743 = CIRCLE ( 'NONE', #2051, 3.999999999999989786 ) ;
#3744 = VERTEX_POINT ( 'NONE', #942 ) ;
#3745 = AXIS2_PLACEMENT_3D ( 'NONE', #2903, #1379, #1874 ) ;
#3746 = DIRECTION ( 'NONE',  ( -1.000000000000000000, -2.891205793294677833E-16, -0.000000000000000000 ) ) ;
#3747 = ORIENTED_EDGE ( 'NONE', *, *, #3855, .T. ) ;
#3748 = CARTESIAN_POINT ( 'NONE',  ( 80.00000000000009948, 16.25000000000002132, 16.24999999999999289 ) ) ;
#3749 = ADVANCED_FACE ( 'NONE', ( #329 ), #3329, .F. ) ;
#3750 = EDGE_CURVE ( 'NONE', #1046, #4541, #906, .T. ) ;
#3751 = DIRECTION ( 'NONE',  ( 0.000000000000000000, -1.000000000000000000, 0.000000000000000000 ) ) ;
#3752 = AXIS2_PLACEMENT_3D ( 'NONE', #6181, #2211, #3794 ) ;
#3753 = VERTEX_POINT ( 'NONE', #1372 ) ;
#3754 = VERTEX_POINT ( 'NONE', #4965 ) ;
#3755 = CYLINDRICAL_SURFACE ( 'NONE', #3349, 15.00000000000000000 ) ;
#3756 = CYLINDRICAL_SURFACE ( 'NONE', #2267, 3.500000000000006661 ) ;
#3757 = LINE ( 'NONE', #2237, #2369 ) ;
#3758 = ADVANCED_FACE ( 'NONE', ( #2927 ), #844, .T. ) ;
#3759 = CARTESIAN_POINT ( 'NONE',  ( 80.00000000000009948, -20.00000000000003553, -71.49999999999998579 ) ) ;
#3760 = CARTESIAN_POINT ( 'NONE',  ( -124.8802437372456353, 525.6843215014537236, 30.00000000000000000 ) ) ;
#3761 = DIRECTION ( 'NONE',  ( 6.844255435263898992E-34, 0.000000000000000000, 1.000000000000000000 ) ) ;
#3762 = CARTESIAN_POINT ( 'NONE',  ( -115.1197562627543931, 564.0551580663345703, 30.00000000000000000 ) ) ;
#3763 = VECTOR ( 'NONE', #4878, 1000.000000000000000 ) ;
#3764 = VERTEX_POINT ( 'NONE', #451 ) ;
#3765 = CARTESIAN_POINT ( 'NONE',  ( -95.99999999999990052, -11.99999999999999467, 0.000000000000000000 ) ) ;
#3766 = DIRECTION ( 'NONE',  ( -2.387576397043347250E-16, 1.000000000000000000, -3.566332975710173193E-48 ) ) ;
#3767 = ADVANCED_FACE ( 'NONE', ( #1899 ), #5878, .T. ) ;
#3768 = CIRCLE ( 'NONE', #4724, 4.000000000000003553 ) ;
#3769 = EDGE_LOOP ( 'NONE', ( #5673, #5288, #6289, #2393 ) ) ;
#3770 = FACE_OUTER_BOUND ( 'NONE', #3035, .T. ) ;
#3771 = PLANE ( 'NONE',  #2720 ) ;
#3772 = DIRECTION ( 'NONE',  ( 0.000000000000000000, 0.000000000000000000, 1.000000000000000000 ) ) ;
#3773 = AXIS2_PLACEMENT_3D ( 'NONE', #5485, #3883, #968 ) ;
#3774 = VERTEX_POINT ( 'NONE', #809 ) ;
#3775 = DIRECTION ( 'NONE',  ( -0.000000000000000000, -7.456161113735056834E-51, -1.000000000000000000 ) ) ;
#3776 = VECTOR ( 'NONE', #3127, 1000.000000000000000 ) ;
#3777 = ORIENTED_EDGE ( 'NONE', *, *, #4014, .T. ) ;
#3778 = VERTEX_POINT ( 'NONE', #3820 ) ;
#3779 = VECTOR ( 'NONE', #1684, 1000.000000000000000 ) ;
#3780 = AXIS2_PLACEMENT_3D ( 'NONE', #1909, #2973, #3437 ) ;
#3781 = DIRECTION ( 'NONE',  ( -0.000000000000000000, -1.000000000000000000, -0.000000000000000000 ) ) ;
#3782 = CARTESIAN_POINT ( 'NONE',  ( -80.00000000000009948, -20.00000000000003553, -88.50000000000000000 ) ) ;
#3783 = VERTEX_POINT ( 'NONE', #4845 ) ;
#3784 = AXIS2_PLACEMENT_3D ( 'NONE', #1276, #3798, #5882 ) ;
#3785 = CIRCLE ( 'NONE', #1672, 4.000000000000003553 ) ;
#3786 = ORIENTED_EDGE ( 'NONE', *, *, #6232, .T. ) ;
#3787 = ORIENTED_EDGE ( 'NONE', *, *, #3986, .T. ) ;
#3788 = EDGE_CURVE ( 'NONE', #2625, #3754, #2338, .T. ) ;
#3789 = LINE ( 'NONE', #2698, #4294 ) ;
#3790 = EDGE_CURVE ( 'NONE', #2954, #1108, #421, .T. ) ;
#3792 = CLOSED_SHELL ( 'NONE', ( #124, #5113, #1902, #3301, #3929, #828 ) ) ;
#3791 = CYLINDRICAL_SURFACE ( 'NONE', #1521, 6.999999999999992006 ) ;
#3793 = DIRECTION ( 'NONE',  ( -1.000000000000000000, 0.000000000000000000, 0.000000000000000000 ) ) ;
#3794 = DIRECTION ( 'NONE',  ( 1.000000000000000000, 0.000000000000000000, 0.000000000000000000 ) ) ;
#3795 = VECTOR ( 'NONE', #6358, 1000.000000000000000 ) ;
#3796 = CARTESIAN_POINT ( 'NONE',  ( -115.1197562627543931, 564.0551580663345703, 30.00000000000000000 ) ) ;
#3797 = EDGE_CURVE ( 'NONE', #1547, #4564, #4342, .T. ) ;
#3798 = DIRECTION ( 'NONE',  ( 0.000000000000000000, 1.000000000000000000, 0.000000000000000000 ) ) ;
#3799 = CYLINDRICAL_SURFACE ( 'NONE', #2606, 6.999999999999992006 ) ;
#3800 = ORIENTED_EDGE ( 'NONE', *, *, #749, .T. ) ;
#3801 = LINE ( 'NONE', #4751, #1611 ) ;
#3802 = DIRECTION ( 'NONE',  ( -1.000000000000000000, 0.000000000000000000, 0.000000000000000000 ) ) ;
#3803 = EDGE_LOOP ( 'NONE', ( #3517, #1989, #4629, #5582 ) ) ;
#3804 = DIRECTION ( 'NONE',  ( 0.000000000000000000, 1.000000000000000000, 0.000000000000000000 ) ) ;
#3805 = FACE_OUTER_BOUND ( 'NONE', #4586, .T. ) ;
#3806 = DIRECTION ( 'NONE',  ( 0.000000000000000000, 0.000000000000000000, -1.000000000000000000 ) ) ;
#3807 = ORIENTED_EDGE ( 'NONE', *, *, #670, .T. ) ;
#3808 = DIRECTION ( 'NONE',  ( 1.968757127242515241E-32, 0.000000000000000000, -1.000000000000000000 ) ) ;
#3809 = ORIENTED_EDGE ( 'NONE', *, *, #232, .T. ) ;
#3810 = ORIENTED_EDGE ( 'NONE', *, *, #4732, .F. ) ;
#3811 = DIRECTION ( 'NONE',  ( -1.000000000000000000, -1.224646799147353207E-16, -6.842277657836020854E-49 ) ) ;
#3812 = FACE_OUTER_BOUND ( 'NONE', #2654, .T. ) ;
#3813 = ORIENTED_EDGE ( 'NONE', *, *, #1326, .T. ) ;
#3814 = EDGE_CURVE ( 'NONE', #3894, #5708, #920, .T. ) ;
#3815 = ORIENTED_EDGE ( 'NONE', *, *, #1120, .F. ) ;
#3816 = ORIENTED_EDGE ( 'NONE', *, *, #6509, .T. ) ;
#3817 = LINE ( 'NONE', #324, #5133 ) ;
#3818 = LINE ( 'NONE', #5359, #6188 ) ;
#3819 = FACE_OUTER_BOUND ( 'NONE', #3406, .T. ) ;
#3820 = CARTESIAN_POINT ( 'NONE',  ( -80.00000000000009948, 15.99999999999999645, 88.50000000000000000 ) ) ;
#3821 = LINE ( 'NONE', #3726, #83 ) ;
#3822 = DIRECTION ( 'NONE',  ( -0.000000000000000000, 0.000000000000000000, -1.000000000000000000 ) ) ;
#3823 = FACE_OUTER_BOUND ( 'NONE', #2655, .T. ) ;
#3824 = VERTEX_POINT ( 'NONE', #5943 ) ;
#3825 = DIRECTION ( 'NONE',  ( -1.000000000000000000, 0.000000000000000000, -0.000000000000000000 ) ) ;
#3826 = CARTESIAN_POINT ( 'NONE',  ( -117.0000000000000426, 465.0000000000000000, 30.00000000000000000 ) ) ;
#3827 = AXIS2_PLACEMENT_3D ( 'NONE', #1955, #379, #3972 ) ;
#3828 = ADVANCED_FACE ( 'NONE', ( #4411, #6336 ), #3853, .T. ) ;
#3829 = EDGE_CURVE ( 'NONE', #2019, #5775, #3362, .T. ) ;
#3830 = ORIENTED_EDGE ( 'NONE', *, *, #4456, .T. ) ;
#3831 = DIRECTION ( 'NONE',  ( -0.000000000000000000, -0.000000000000000000, -1.000000000000000000 ) ) ;
#3832 = DIRECTION ( 'NONE',  ( -1.000000000000000000, 0.000000000000000000, 0.000000000000000000 ) ) ;
#3833 = AXIS2_PLACEMENT_3D ( 'NONE', #5761, #5303, #2708 ) ;
#3834 = CARTESIAN_POINT ( 'NONE',  ( 96.25000000000007105, 465.0000000000000000, -16.25000000000000000 ) ) ;
#3835 = ORIENTED_EDGE ( 'NONE', *, *, #2125, .F. ) ;
#3836 = DIRECTION ( 'NONE',  ( -1.000000000000000000, 0.000000000000000000, 1.968757127242515241E-32 ) ) ;
#3837 = ORIENTED_EDGE ( 'NONE', *, *, #89, .T. ) ;
#3838 = AXIS2_PLACEMENT_3D ( 'NONE', #4943, #4418, #1940 ) ;
#3839 = ORIENTED_EDGE ( 'NONE', *, *, #4844, .F. ) ;
#3840 = DIRECTION ( 'NONE',  ( 0.000000000000000000, 1.000000000000000000, 0.000000000000000000 ) ) ;
#3841 = FACE_BOUND ( 'NONE', #2994, .T. ) ;
#3842 = ORIENTED_EDGE ( 'NONE', *, *, #2745, .F. ) ;
#3843 = CC_DESIGN_APPROVAL ( #2599, ( #5934 ) ) ;
#3844 = ADVANCED_FACE ( 'NONE', ( #5459 ), #356, .T. ) ;
#3845 = VERTEX_POINT ( 'NONE', #872 ) ;
#3846 = AXIS2_PLACEMENT_3D ( 'NONE', #3443, #5443, #3382 ) ;
#3847 = VERTEX_POINT ( 'NONE', #2892 ) ;
#3848 = CARTESIAN_POINT ( 'NONE',  ( 80.00000000000009948, -15.99999999999997868, 88.50000000000000000 ) ) ;
#3849 = EDGE_CURVE ( 'NONE', #339, #3709, #4904, .T. ) ;
#3850 = PLANE ( 'NONE',  #3642 ) ;
#3851 = VECTOR ( 'NONE', #2376, 1000.000000000000000 ) ;
#3852 = CARTESIAN_POINT ( 'NONE',  ( -63.74999999999990052, 20.00000000000001776, 16.24999999999999289 ) ) ;
#3853 = PLANE ( 'NONE',  #2926 ) ;
#3854 = DIRECTION ( 'NONE',  ( 0.000000000000000000, 0.000000000000000000, 1.000000000000000000 ) ) ;
#3855 = EDGE_CURVE ( 'NONE', #2887, #2656, #2100, .T. ) ;
#3856 = DIRECTION ( 'NONE',  ( 1.000000000000000000, 0.000000000000000000, 0.000000000000000000 ) ) ;
#3857 = CARTESIAN_POINT ( 'NONE',  ( -117.9999999999998295, 603.0000000000003411, -14.99999999999996447 ) ) ;
#3858 = ORIENTED_EDGE ( 'NONE', *, *, #4673, .T. ) ;
#3859 = DIRECTION ( 'NONE',  ( -5.782411586589358625E-16, 1.000000000000000000, 0.000000000000000000 ) ) ;
#3860 = PLANE ( 'NONE',  #1529 ) ;
#3861 = DIRECTION ( 'NONE',  ( 1.000000000000000000, 0.000000000000000000, 0.000000000000000000 ) ) ;
#3862 = EDGE_CURVE ( 'NONE', #3425, #2946, #5852, .T. ) ;
#3863 = CARTESIAN_POINT ( 'NONE',  ( 125.0000000000001421, 525.0000000000001137, -30.00000000000000000 ) ) ;
#3864 = ADVANCED_FACE ( 'NONE', ( #614 ), #4114, .T. ) ;
#3865 = DIRECTION ( 'NONE',  ( 1.000000000000000000, 0.000000000000000000, 0.000000000000000000 ) ) ;
#3866 = VERTEX_POINT ( 'NONE', #6472 ) ;
#3867 = CARTESIAN_POINT ( 'NONE',  ( -118.0748476642215081, 564.5722990615913659, 30.00000000000000000 ) ) ;
#3868 = ORIENTED_EDGE ( 'NONE', *, *, #2458, .T. ) ;
#3869 = CARTESIAN_POINT ( 'NONE',  ( -91.99999999999990052, -15.99999999999999289, -95.00000000000000000 ) ) ;
#3870 = VECTOR ( 'NONE', #1340, 1000.000000000000227 ) ;
#3871 = AXIS2_PLACEMENT_3D ( 'NONE', #5270, #3701, #3274 ) ;
#3872 = ORIENTED_EDGE ( 'NONE', *, *, #5112, .T. ) ;
#3873 = CIRCLE ( 'NONE', #1444, 1.750000000000001554 ) ;
#3874 = EDGE_CURVE ( 'NONE', #344, #2429, #607, .T. ) ;
#3875 = AXIS2_PLACEMENT_3D ( 'NONE', #2368, #4375, #3394 ) ;
#3876 = DIRECTION ( 'NONE',  ( -1.000000000000000000, -0.000000000000000000, -0.000000000000000000 ) ) ;
#3877 = DIRECTION ( 'NONE',  ( 0.000000000000000000, -1.000000000000000000, 0.000000000000000000 ) ) ;
#3878 = ORIENTED_EDGE ( 'NONE', *, *, #6081, .T. ) ;
#3879 = AXIS2_PLACEMENT_3D ( 'NONE', #5308, #2381, #1843 ) ;
#3880 = VECTOR ( 'NONE', #1351, 1000.000000000000000 ) ;
#3881 = ORIENTED_EDGE ( 'NONE', *, *, #4413, .T. ) ;
#3882 = ORIENTED_EDGE ( 'NONE', *, *, #3371, .F. ) ;
#3883 = DIRECTION ( 'NONE',  ( 6.844255435263898992E-34, 0.000000000000000000, -1.000000000000000000 ) ) ;
#3884 = DIRECTION ( 'NONE',  ( 0.000000000000000000, 1.000000000000000000, 0.000000000000000000 ) ) ;
#3885 = CIRCLE ( 'NONE', #1875, 6.999999999999992006 ) ;
#3886 = AXIS2_PLACEMENT_3D ( 'NONE', #153, #1661, #121 ) ;
#3887 = LINE ( 'NONE', #6433, #157 ) ;
#3888 = CARTESIAN_POINT ( 'NONE',  ( -80.00000000000009948, -31.99999999999999289, -79.99999999999998579 ) ) ;
#3889 = ORIENTED_EDGE ( 'NONE', *, *, #868, .T. ) ;
#3890 = AXIS2_PLACEMENT_3D ( 'NONE', #5252, #4761, #246 ) ;
#3891 = CARTESIAN_POINT ( 'NONE',  ( 80.00000000000009948, -16.24999999999997868, -18.00000000000000000 ) ) ;
#3892 = DIRECTION ( 'NONE',  ( 0.000000000000000000, 1.000000000000000000, 0.000000000000000000 ) ) ;
#3893 = DIRECTION ( 'NONE',  ( -1.000000000000000000, 0.000000000000000000, 0.000000000000000000 ) ) ;
#3894 = VERTEX_POINT ( 'NONE', #2563 ) ;
#3895 = CARTESIAN_POINT ( 'NONE',  ( 92.00000000000011369, -15.99999999999997868, 0.000000000000000000 ) ) ;
#3896 = VECTOR ( 'NONE', #800, 1000.000000000000000 ) ;
#3897 = CARTESIAN_POINT ( 'NONE',  ( 80.00000000000009948, -20.00000000000003553, -88.50000000000000000 ) ) ;
#3898 = EDGE_CURVE ( 'NONE', #5129, #2578, #3596, .T. ) ;
#3899 = CARTESIAN_POINT ( 'NONE',  ( 60.00000000000009237, 20.00000000000001776, -16.24999999999999289 ) ) ;
#3900 = DIRECTION ( 'NONE',  ( -1.000000000000000000, 0.000000000000000000, 0.000000000000000000 ) ) ;
#3901 = CARTESIAN_POINT ( 'NONE',  ( 80.00000000000009948, -19.99999999999999289, -64.99999999999998579 ) ) ;
#3902 = ORIENTED_EDGE ( 'NONE', *, *, #5006, .F. ) ;
#3903 = CARTESIAN_POINT ( 'NONE',  ( 115.0000000000000568, 565.4342007203531466, 30.00000000000000000 ) ) ;
#3904 = LINE ( 'NONE', #5314, #3582 ) ;
#3905 = CARTESIAN_POINT ( 'NONE',  ( 68.00000000000008527, 16.00000000000002132, 0.000000000000000000 ) ) ;
#3906 = ADVANCED_FACE ( 'NONE', ( #5982 ), #4046, .T. ) ;
#3907 = EDGE_LOOP ( 'NONE', ( #4970, #746, #856, #2203, #5390, #5276, #218, #2459 ) ) ;
#3908 = CARTESIAN_POINT ( 'NONE',  ( 80.00000000000009948, 20.00000000000001776, -19.99999999999999645 ) ) ;
#3909 = CARTESIAN_POINT ( 'NONE',  ( 80.00000000000009948, -19.99999999999999289, -73.00000000000000000 ) ) ;
#3910 = ORIENTED_EDGE ( 'NONE', *, *, #1398, .F. ) ;
#3911 = EDGE_CURVE ( 'NONE', #5263, #1183, #1863, .T. ) ;
#3912 = ADVANCED_FACE ( 'NONE', ( #3983 ), #6044, .F. ) ;
#3913 = ORIENTED_EDGE ( 'NONE', *, *, #4922, .T. ) ;
#3914 = ORIENTED_EDGE ( 'NONE', *, *, #555, .T. ) ;
#3915 = CARTESIAN_POINT ( 'NONE',  ( 80.00000000000009948, -31.99999999999999289, -79.99999999999998579 ) ) ;
#3916 = DIRECTION ( 'NONE',  ( 1.000000000000000000, 0.000000000000000000, -1.968757127242515241E-32 ) ) ;
#3917 = CARTESIAN_POINT ( 'NONE',  ( -67.99999999999990052, 16.00000000000000000, 0.000000000000000000 ) ) ;
#3918 = ORIENTED_EDGE ( 'NONE', *, *, #4876, .T. ) ;
#3919 = DIRECTION ( 'NONE',  ( -4.625929269271477039E-16, -1.000000000000000000, 0.000000000000000000 ) ) ;
#3920 = DIRECTION ( 'NONE',  ( 0.000000000000000000, 0.000000000000000000, -1.000000000000000000 ) ) ;
#3921 = CARTESIAN_POINT ( 'NONE',  ( -91.99999999999991473, 16.00000000000000000, 95.00000000000000000 ) ) ;
#3922 = ORIENTED_EDGE ( 'NONE', *, *, #1112, .F. ) ;
#3923 = DIRECTION ( 'NONE',  ( -1.000000000000000000, -1.224646799147353207E-16, -0.000000000000000000 ) ) ;
#3924 = FACE_OUTER_BOUND ( 'NONE', #2565, .T. ) ;
#3925 = PRODUCT_DEFINITION ( '未知', '', #678, #1124 ) ;
#3926 = FACE_OUTER_BOUND ( 'NONE', #6502, .T. ) ;
#3927 = DIRECTION ( 'NONE',  ( -0.000000000000000000, 0.000000000000000000, -1.000000000000000000 ) ) ;
#3928 = DIRECTION ( 'NONE',  ( 1.000000000000000000, 0.000000000000000000, 0.000000000000000000 ) ) ;
#3929 = ADVANCED_FACE ( 'NONE', ( #3623, #2028 ), #1534, .F. ) ;
#3930 = AXIS2_PLACEMENT_3D ( 'NONE', #6399, #3516, #1853 ) ;
#3931 = ORIENTED_EDGE ( 'NONE', *, *, #758, .F. ) ;
#3932 = CARTESIAN_POINT ( 'NONE',  ( 68.00000000000009948, 20.00000000000002132, 100.0000000000000000 ) ) ;
#3933 = DIRECTION ( 'NONE',  ( 1.000000000000000000, 0.000000000000000000, -1.968757127242515241E-32 ) ) ;
#3934 = CARTESIAN_POINT ( 'NONE',  ( -91.99999999999991473, 16.00000000000000000, -100.0000000000000000 ) ) ;
#3935 = ORIENTED_EDGE ( 'NONE', *, *, #2560, .F. ) ;
#3936 = AXIS2_PLACEMENT_3D ( 'NONE', #2614, #3609, #5632 ) ;
#3937 = EDGE_CURVE ( 'NONE', #4358, #3648, #5521, .T. ) ;
#3938 = ORIENTED_EDGE ( 'NONE', *, *, #2309, .T. ) ;
#3939 = LINE ( 'NONE', #1460, #1182 ) ;
#3940 = EDGE_LOOP ( 'NONE', ( #2770, #901, #1239, #2913 ) ) ;
#3941 = CIRCLE ( 'NONE', #1933, 10.00000000000000888 ) ;
#3942 = ORIENTED_EDGE ( 'NONE', *, *, #4641, .T. ) ;
#3943 = ORIENTED_EDGE ( 'NONE', *, *, #4513, .F. ) ;
#3944 = FACE_OUTER_BOUND ( 'NONE', #3121, .T. ) ;
#3945 = AXIS2_PLACEMENT_3D ( 'NONE', #2353, #6236, #4236 ) ;
#3946 =( NAMED_UNIT ( * ) SI_UNIT ( $, .STERADIAN. ) SOLID_ANGLE_UNIT ( ) );
#3947 = EDGE_CURVE ( 'NONE', #5708, #3894, #4826, .T. ) ;
#3948 = EDGE_CURVE ( 'NONE', #1264, #5432, #4016, .T. ) ;
#3949 = DIRECTION ( 'NONE',  ( 0.000000000000000000, 0.000000000000000000, -1.000000000000000000 ) ) ;
#3950 = DIRECTION ( 'NONE',  ( -0.000000000000000000, -0.000000000000000000, -1.000000000000000000 ) ) ;
#3951 = VECTOR ( 'NONE', #3142, 1000.000000000000000 ) ;
#3952 = ORIENTED_EDGE ( 'NONE', *, *, #859, .T. ) ;
#3953 = EDGE_LOOP ( 'NONE', ( #4957, #2920, #505, #5806 ) ) ;
#3954 = DIRECTION ( 'NONE',  ( -0.000000000000000000, -0.000000000000000000, -1.000000000000000000 ) ) ;
#3955 = FACE_OUTER_BOUND ( 'NONE', #1067, .T. ) ;
#3956 = VECTOR ( 'NONE', #1908, 1000.000000000000000 ) ;
#3957 = EDGE_CURVE ( 'NONE', #3478, #4211, #5345, .T. ) ;
#3958 = DIRECTION ( 'NONE',  ( -0.000000000000000000, 0.000000000000000000, -1.000000000000000000 ) ) ;
#3959 = EDGE_LOOP ( 'NONE', ( #1726, #1755, #2791, #225 ) ) ;
#3960 = DIRECTION ( 'NONE',  ( 0.000000000000000000, 0.000000000000000000, 1.000000000000000000 ) ) ;
#3961 = FACE_BOUND ( 'NONE', #2722, .T. ) ;
#3962 = CIRCLE ( 'NONE', #3752, 3.999999999999989786 ) ;
#3963 = CARTESIAN_POINT ( 'NONE',  ( -122.0000000000000568, 473.0000000000000568, -30.00000000000000000 ) ) ;
#3964 = CARTESIAN_POINT ( 'NONE',  ( -95.99999999999988631, -12.00000000000000000, -95.00000000000000000 ) ) ;
#3965 = DIRECTION ( 'NONE',  ( 5.968940992608368126E-17, -1.000000000000000000, 3.271334946041490653E-50 ) ) ;
#3966 = ORIENTED_EDGE ( 'NONE', *, *, #141, .F. ) ;
#3967 = DIRECTION ( 'NONE',  ( -0.000000000000000000, -7.456161113735056834E-51, -1.000000000000000000 ) ) ;
#3968 = CARTESIAN_POINT ( 'NONE',  ( -59.99999999999991473, -16.24999999999999645, 16.24999999999999289 ) ) ;
#3969 = DIRECTION ( 'NONE',  ( 0.000000000000000000, 0.000000000000000000, 1.000000000000000000 ) ) ;
#3970 = ORIENTED_EDGE ( 'NONE', *, *, #3067, .F. ) ;
#3971 = ORIENTED_EDGE ( 'NONE', *, *, #6477, .T. ) ;
#3972 = DIRECTION ( 'NONE',  ( -1.000000000000000000, 0.000000000000000000, 0.000000000000000000 ) ) ;
#3973 = VECTOR ( 'NONE', #2098, 1000.000000000000000 ) ;
#3974 = ORIENTED_EDGE ( 'NONE', *, *, #2949, .T. ) ;
#3975 = EDGE_CURVE ( 'NONE', #1786, #4163, #5064, .T. ) ;
#3976 = ORIENTED_EDGE ( 'NONE', *, *, #1099, .F. ) ;
#3977 = VECTOR ( 'NONE', #6158, 1000.000000000000000 ) ;
#3978 = VERTEX_POINT ( 'NONE', #4996 ) ;
#3979 = DIRECTION ( 'NONE',  ( 1.000000000000000000, 0.000000000000000000, 0.000000000000000000 ) ) ;
#3980 = DATE_AND_TIME ( #5455, #5105 ) ;
#3981 = CARTESIAN_POINT ( 'NONE',  ( 60.00000000000009237, -11.99999999999997868, 100.0000000000000000 ) ) ;
#3982 = AXIS2_PLACEMENT_3D ( 'NONE', #2993, #581, #3062 ) ;
#3983 = FACE_OUTER_BOUND ( 'NONE', #3063, .T. ) ;
#3984 = EDGE_CURVE ( 'NONE', #4323, #1051, #1024, .T. ) ;
#3985 = ORIENTED_EDGE ( 'NONE', *, *, #4612, .T. ) ;
#3986 = EDGE_CURVE ( 'NONE', #5224, #3519, #1004, .T. ) ;
#3987 = VERTEX_POINT ( 'NONE', #2064 ) ;
#3988 = DIRECTION ( 'NONE',  ( -4.625929269271481969E-16, 1.000000000000000000, 0.000000000000000000 ) ) ;
#3989 = VECTOR ( 'NONE', #3052, 1000.000000000000000 ) ;
#3990 = DIRECTION ( 'NONE',  ( 0.000000000000000000, 0.000000000000000000, -1.000000000000000000 ) ) ;
#3991 = ORIENTED_EDGE ( 'NONE', *, *, #5029, .T. ) ;
#3992 = DIRECTION ( 'NONE',  ( 0.000000000000000000, 1.000000000000000000, 0.000000000000000000 ) ) ;
#3993 = DIRECTION ( 'NONE',  ( -1.000000000000000000, 0.000000000000000000, 0.000000000000000000 ) ) ;
#3994 = VECTOR ( 'NONE', #782, 1000.000000000000000 ) ;
#3995 = AXIS2_PLACEMENT_3D ( 'NONE', #467, #3442, #3009 ) ;
#3996 = ADVANCED_FACE ( 'NONE', ( #2600 ), #4604, .F. ) ;
#3997 = LINE ( 'NONE', #432, #5658 ) ;
#3998 = PLANE ( 'NONE',  #6388 ) ;
#3999 = DIRECTION ( 'NONE',  ( -1.000000000000000000, -1.224646799147353207E-16, -0.000000000000000000 ) ) ;
#4000 = CIRCLE ( 'NONE', #1574, 3.750000000000003553 ) ;
#4001 = EDGE_LOOP ( 'NONE', ( #5162, #5858 ) ) ;
#4002 = CARTESIAN_POINT ( 'NONE',  ( -117.9999999999999858, 565.4342007203525782, 30.00000000000000000 ) ) ;
#4003 = DIRECTION ( 'NONE',  ( 1.000000000000000000, 1.224646799147353207E-16, 6.842277657836020854E-49 ) ) ;
#4004 = CARTESIAN_POINT ( 'NONE',  ( -117.9999999999998295, 603.0000000000003411, 11.49999999999896438 ) ) ;
#4005 = ORIENTED_EDGE ( 'NONE', *, *, #420, .F. ) ;
#4006 = PLANE ( 'NONE',  #4398 ) ;
#4007 = VERTEX_POINT ( 'NONE', #1236 ) ;
#4008 = LINE ( 'NONE', #473, #3621 ) ;
#4009 = ORIENTED_EDGE ( 'NONE', *, *, #4574, .T. ) ;
#4010 = ORIENTED_EDGE ( 'NONE', *, *, #5426, .F. ) ;
#4011 = EDGE_LOOP ( 'NONE', ( #51, #3181, #4108, #439 ) ) ;
#4012 = FACE_OUTER_BOUND ( 'NONE', #3548, .T. ) ;
#4013 = DIRECTION ( 'NONE',  ( 1.000000000000000000, 2.387576397043347250E-16, 0.000000000000000000 ) ) ;
#4014 = EDGE_CURVE ( 'NONE', #5606, #1005, #707, .T. ) ;
#4015 = CARTESIAN_POINT ( 'NONE',  ( 100.0000000000000995, 12.00000000000001776, -100.0000000000000000 ) ) ;
#4016 = LINE ( 'NONE', #1498, #3776 ) ;
#4017 = ORIENTED_EDGE ( 'NONE', *, *, #5065, .F. ) ;
#4018 = VERTEX_POINT ( 'NONE', #223 ) ;
#4019 = CARTESIAN_POINT ( 'NONE',  ( 60.00000000000009237, -16.24999999999998224, 19.99999999999999645 ) ) ;
#4020 = FACE_OUTER_BOUND ( 'NONE', #5746, .T. ) ;
#4021 = ADVANCED_FACE ( 'NONE', ( #2661 ), #4640, .T. ) ;
#4022 = EDGE_LOOP ( 'NONE', ( #5212, #3532, #2976, #2760 ) ) ;
#4023 = CARTESIAN_POINT ( 'NONE',  ( 123.0000000000000568, 565.4342007203531466, 30.00000000000000000 ) ) ;
#4024 = CARTESIAN_POINT ( 'NONE',  ( 96.00000000000009948, 12.00000000000001599, -100.0000000000000000 ) ) ;
#4025 = CARTESIAN_POINT ( 'NONE',  ( 91.99999999999990052, -12.00000000000000000, -95.00000000000000000 ) ) ;
#4026 = DIRECTION ( 'NONE',  ( 1.000000000000000000, 0.000000000000000000, 0.000000000000000000 ) ) ;
#4027 = DIRECTION ( 'NONE',  ( -1.000000000000000000, 0.000000000000000000, 0.000000000000000000 ) ) ;
#4028 = ORIENTED_EDGE ( 'NONE', *, *, #1549, .F. ) ;
#4029 = FACE_OUTER_BOUND ( 'NONE', #4022, .T. ) ;
#4030 = EDGE_CURVE ( 'NONE', #5447, #965, #5161, .T. ) ;
#4031 = ADVANCED_FACE ( 'NONE', ( #4737 ), #4237, .T. ) ;
#4032 = CARTESIAN_POINT ( 'NONE',  ( -118.0000000000000000, 615.0000000000001137, 30.00000000000000000 ) ) ;
#4033 = FACE_OUTER_BOUND ( 'NONE', #1294, .T. ) ;
#4034 = ORIENTED_EDGE ( 'NONE', *, *, #4827, .T. ) ;
#4035 = AXIS2_PLACEMENT_3D ( 'NONE', #5870, #1364, #4400 ) ;
#4036 = DIRECTION ( 'NONE',  ( 1.000000000000000000, -0.000000000000000000, 1.968757127242515241E-32 ) ) ;
#4037 = EDGE_LOOP ( 'NONE', ( #4642, #1854 ) ) ;
#4038 = DIRECTION ( 'NONE',  ( 0.000000000000000000, 0.000000000000000000, 1.000000000000000000 ) ) ;
#4039 = ORIENTED_EDGE ( 'NONE', *, *, #4796, .F. ) ;
#4040 = AXIS2_PLACEMENT_3D ( 'NONE', #3110, #630, #986 ) ;
#4041 = VERTEX_POINT ( 'NONE', #5222 ) ;
#4042 = EDGE_LOOP ( 'NONE', ( #900, #2489, #6229, #2147 ) ) ;
#4043 = VECTOR ( 'NONE', #4381, 1000.000000000000000 ) ;
#4044 = DIRECTION ( 'NONE',  ( 0.000000000000000000, 1.000000000000000000, 0.000000000000000000 ) ) ;
#4045 = CC_DESIGN_DATE_AND_TIME_ASSIGNMENT ( #4637, #3619, ( #5934 ) ) ;
#4046 = PLANE ( 'NONE',  #5654 ) ;
#4047 = ORIENTED_EDGE ( 'NONE', *, *, #3388, .T. ) ;
#4048 = AXIS2_PLACEMENT_3D ( 'NONE', #2471, #2070, #5495 ) ;
#4049 = EDGE_CURVE ( 'NONE', #5945, #179, #5647, .T. ) ;
#4050 = ORIENTED_EDGE ( 'NONE', *, *, #5853, .T. ) ;
#4051 = CARTESIAN_POINT ( 'NONE',  ( 115.0000000000000711, 603.0000000000003411, 18.49999999999897682 ) ) ;
#4052 = DIRECTION ( 'NONE',  ( 5.968940992608368126E-17, -1.000000000000000000, 3.271334946041490653E-50 ) ) ;
#4053 = AXIS2_PLACEMENT_3D ( 'NONE', #3328, #419, #2891 ) ;
#4054 = ORIENTED_EDGE ( 'NONE', *, *, #2094, .T. ) ;
#4055 = CARTESIAN_POINT ( 'NONE',  ( -67.99999999999990052, -16.00000000000000000, -95.00000000000000000 ) ) ;
#4056 = LINE ( 'NONE', #4024, #4269 ) ;
#4057 = ADVANCED_FACE ( 'NONE', ( #1168 ), #2727, .T. ) ;
#4058 = EDGE_CURVE ( 'NONE', #1037, #585, #2823, .T. ) ;
#4059 = LINE ( 'NONE', #2110, #5860 ) ;
#4060 = CARTESIAN_POINT ( 'NONE',  ( -96.24999999999990052, 20.00000000000001776, -16.25000000000000000 ) ) ;
#4061 = CARTESIAN_POINT ( 'NONE',  ( -80.00000000000009948, -31.99999999999999289, -86.99999999999998579 ) ) ;
#4062 = ORIENTED_EDGE ( 'NONE', *, *, #6107, .F. ) ;
#4063 = CARTESIAN_POINT ( 'NONE',  ( 80.00000000000009948, -31.99999999999999289, -79.99999999999998579 ) ) ;
#4064 = CARTESIAN_POINT ( 'NONE',  ( -118.0000000000000000, 605.0000000000001137, 19.99999999999999645 ) ) ;
#4065 = CARTESIAN_POINT ( 'NONE',  ( 80.00000000000009948, 18.00000000000002132, -16.25000000000000000 ) ) ;
#4066 = AXIS2_PLACEMENT_3D ( 'NONE', #4349, #951, #4450 ) ;
#4067 = ADVANCED_FACE ( 'NONE', ( #3719 ), #5744, .T. ) ;
#4068 = VERTEX_POINT ( 'NONE', #5189 ) ;
#4069 = EDGE_CURVE ( 'NONE', #3157, #6435, #4766, .T. ) ;
#4070 = CARTESIAN_POINT ( 'NONE',  ( -67.99999999999991473, 19.99999999999999289, -100.0000000000000000 ) ) ;
#4071 = EDGE_LOOP ( 'NONE', ( #6408, #1589 ) ) ;
#4072 = CARTESIAN_POINT ( 'NONE',  ( 80.00000000000009948, 20.00000000000001421, -79.99999999999998579 ) ) ;
#4073 = VERTEX_POINT ( 'NONE', #5711 ) ;
#4074 = ORIENTED_EDGE ( 'NONE', *, *, #1602, .F. ) ;
#4075 = EDGE_CURVE ( 'NONE', #2956, #655, #3034, .T. ) ;
#4076 = ORIENTED_EDGE ( 'NONE', *, *, #996, .T. ) ;
#4077 = VECTOR ( 'NONE', #5791, 1000.000000000000000 ) ;
#4078 = CARTESIAN_POINT ( 'NONE',  ( 80.00000000000009948, -31.99999999999999289, -86.99999999999998579 ) ) ;
#4079 = DIRECTION ( 'NONE',  ( -0.9850304671557038594, -0.1723803317522503709, 0.000000000000000000 ) ) ;
#4080 = CARTESIAN_POINT ( 'NONE',  ( -91.99999999999990052, 12.00000000000000000, -100.0000000000000000 ) ) ;
#4081 = VECTOR ( 'NONE', #5620, 1000.000000000000000 ) ;
#4082 = EDGE_LOOP ( 'NONE', ( #5011, #2116, #5086, #6039 ) ) ;
#4083 = ORIENTED_EDGE ( 'NONE', *, *, #3295, .T. ) ;
#4084 = DIRECTION ( 'NONE',  ( -1.000000000000000000, -1.224646799147353207E-16, 0.000000000000000000 ) ) ;
#4085 = LINE ( 'NONE', #2134, #5044 ) ;
#4086 = VECTOR ( 'NONE', #1076, 1000.000000000000000 ) ;
#4087 = ORIENTED_EDGE ( 'NONE', *, *, #6451, .F. ) ;
#4088 = LINE ( 'NONE', #554, #568 ) ;
#4089 = CYLINDRICAL_SURFACE ( 'NONE', #582, 1.750000000000001554 ) ;
#4090 = AXIS2_PLACEMENT_3D ( 'NONE', #3727, #5722, #4219 ) ;
#4091 = AXIS2_PLACEMENT_3D ( 'NONE', #952, #4974, #1175 ) ;
#4092 = DIRECTION ( 'NONE',  ( -1.000000000000000000, 0.000000000000000000, 0.000000000000000000 ) ) ;
#4093 = CARTESIAN_POINT ( 'NONE',  ( 80.00000000000009948, 20.00000000000001421, -79.99999999999998579 ) ) ;
#4094 = DIRECTION ( 'NONE',  ( -6.844255435263898992E-34, 0.000000000000000000, 1.000000000000000000 ) ) ;
#4095 = AXIS2_PLACEMENT_3D ( 'NONE', #1504, #2, #4052 ) ;
#4096 = EDGE_LOOP ( 'NONE', ( #1777, #5704 ) ) ;
#4097 = DIRECTION ( 'NONE',  ( -1.000000000000000000, 2.775557561562888827E-14, 0.000000000000000000 ) ) ;
#4098 = EDGE_CURVE ( 'NONE', #2302, #19, #1696, .T. ) ;
#4099 = DIRECTION ( 'NONE',  ( -0.000000000000000000, -1.000000000000000000, -0.000000000000000000 ) ) ;
#4100 = DIRECTION ( 'NONE',  ( 1.000000000000000000, 0.000000000000000000, 0.000000000000000000 ) ) ;
#4101 = EDGE_LOOP ( 'NONE', ( #1290, #5271, #4626, #5580 ) ) ;
#4102 = LINE ( 'NONE', #4656, #398 ) ;
#4103 = VERTEX_POINT ( 'NONE', #1632 ) ;
#4104 = LINE ( 'NONE', #1590, #3306 ) ;
#4105 = ADVANCED_FACE ( 'NONE', ( #3656, #6171, #5681 ), #1665, .T. ) ;
#4106 = ORIENTED_EDGE ( 'NONE', *, *, #1968, .F. ) ;
#4107 = CIRCLE ( 'NONE', #5462, 3.500000000000058620 ) ;
#4108 = ORIENTED_EDGE ( 'NONE', *, *, #2396, .F. ) ;
#4109 = EDGE_LOOP ( 'NONE', ( #1401, #1528, #5058, #3030 ) ) ;
#4110 = FACE_OUTER_BOUND ( 'NONE', #15, .T. ) ;
#4111 = CARTESIAN_POINT ( 'NONE',  ( 125.0000000000001705, 473.0000000000001137, 30.00000000000000000 ) ) ;
#4112 = EDGE_CURVE ( 'NONE', #255, #3978, #4102, .T. ) ;
#4113 = EDGE_CURVE ( 'NONE', #5183, #5427, #2622, .T. ) ;
#4114 = CYLINDRICAL_SURFACE ( 'NONE', #90, 3.750000000000003553 ) ;
#4115 = ORIENTED_EDGE ( 'NONE', *, *, #4876, .F. ) ;
#4116 = EDGE_LOOP ( 'NONE', ( #3451, #3889, #3174, #3711 ) ) ;
#4117 = CARTESIAN_POINT ( 'NONE',  ( -125.0000000000000568, 465.0000000000000000, -30.00000000000000000 ) ) ;
#4118 = DIRECTION ( 'NONE',  ( 6.844255435263898992E-34, 0.000000000000000000, -1.000000000000000000 ) ) ;
#4119 = DIRECTION ( 'NONE',  ( 6.844255435263898992E-34, 0.000000000000000000, -1.000000000000000000 ) ) ;
#4120 = CARTESIAN_POINT ( 'NONE',  ( 80.00000000000009948, -31.99999999999999289, -79.99999999999998579 ) ) ;
#4121 = CARTESIAN_POINT ( 'NONE',  ( -96.25000000000002842, 19.99999999999998934, 20.00000000000000355 ) ) ;
#4122 = DIRECTION ( 'NONE',  ( -1.000000000000000000, 2.775557561562888886E-16, 0.000000000000000000 ) ) ;
#4123 = CARTESIAN_POINT ( 'NONE',  ( 92.00000000000009948, 12.00000000000001954, -100.0000000000000000 ) ) ;
#4124 = VERTEX_POINT ( 'NONE', #5055 ) ;
#4125 = DIRECTION ( 'NONE',  ( -1.000000000000000000, 0.000000000000000000, 0.000000000000000000 ) ) ;
#4126 = DIRECTION ( 'NONE',  ( 1.000000000000000000, 0.000000000000000000, 0.000000000000000000 ) ) ;
#4127 = EDGE_CURVE ( 'NONE', #6046, #6162, #6381, .T. ) ;
#4128 = ORIENTED_EDGE ( 'NONE', *, *, #1405, .T. ) ;
#4129 = ADVANCED_FACE ( 'NONE', ( #1126 ), #4006, .T. ) ;
#4130 = CARTESIAN_POINT ( 'NONE',  ( -80.00000000000009948, 20.00000000000001421, 79.99999999999998579 ) ) ;
#4131 = LINE ( 'NONE', #635, #4611 ) ;
#4132 = ORIENTED_EDGE ( 'NONE', *, *, #2333, .F. ) ;
#4133 = CARTESIAN_POINT ( 'NONE',  ( 92.00000000000009948, -11.99999999999998224, 100.0000000000000000 ) ) ;
#4134 = ORIENTED_EDGE ( 'NONE', *, *, #632, .T. ) ;
#4135 = ORIENTED_EDGE ( 'NONE', *, *, #3986, .F. ) ;
#4136 = ORIENTED_EDGE ( 'NONE', *, *, #5583, .F. ) ;
#4137 = ADVANCED_FACE ( 'NONE', ( #3152 ), #2553, .T. ) ;
#4138 = CYLINDRICAL_SURFACE ( 'NONE', #510, 7.999999999999992895 ) ;
#4139 = CIRCLE ( 'NONE', #3090, 1.750000000000001554 ) ;
#4140 = DIRECTION ( 'NONE',  ( -1.000000000000000000, -1.224646799147353207E-16, -0.000000000000000000 ) ) ;
#4141 = DIRECTION ( 'NONE',  ( 1.000000000000000000, 0.000000000000000000, -0.000000000000000000 ) ) ;
#4142 = VERTEX_POINT ( 'NONE', #113 ) ;
#4143 = EDGE_LOOP ( 'NONE', ( #4476, #173, #1388, #3178 ) ) ;
#4144 = DIRECTION ( 'NONE',  ( 0.000000000000000000, -1.000000000000000000, 0.000000000000000000 ) ) ;
#4145 = AXIS2_PLACEMENT_3D ( 'NONE', #2279, #2742, #757 ) ;
#4146 = ADVANCED_FACE ( 'NONE', ( #6099 ), #5605, .T. ) ;
#4147 = DIRECTION ( 'NONE',  ( 0.000000000000000000, 0.000000000000000000, -1.000000000000000000 ) ) ;
#4148 = DIRECTION ( 'NONE',  ( 0.000000000000000000, -1.000000000000000000, 0.000000000000000000 ) ) ;
#4149 = PLANE ( 'NONE',  #2484 ) ;
#4150 = AXIS2_PLACEMENT_3D ( 'NONE', #5433, #6343, #3434 ) ;
#4151 = CARTESIAN_POINT ( 'NONE',  ( -121.9251523357785345, 525.1671805061969280, -30.00000000000000000 ) ) ;
#4152 = EDGE_CURVE ( 'NONE', #5056, #4690, #4131, .T. ) ;
#4153 = CARTESIAN_POINT ( 'NONE',  ( -63.75000000000001421, 465.0000000000000000, 16.24999999999999289 ) ) ;
#4154 = FACE_OUTER_BOUND ( 'NONE', #1312, .T. ) ;
#4155 = ORIENTED_EDGE ( 'NONE', *, *, #4058, .T. ) ;
#4156 = CARTESIAN_POINT ( 'NONE',  ( -125.0000000000000568, 465.0000000000000000, 30.00000000000000000 ) ) ;
#4157 = LINE ( 'NONE', #3176, #5930 ) ;
#4158 = CIRCLE ( 'NONE', #5522, 3.750000000000003553 ) ;
#4159 = VERTEX_POINT ( 'NONE', #3612 ) ;
#4160 = FACE_OUTER_BOUND ( 'NONE', #2233, .T. ) ;
#4161 = PLANE ( 'NONE',  #4842 ) ;
#4162 = VECTOR ( 'NONE', #1410, 1000.000000000000000 ) ;
#4163 = VERTEX_POINT ( 'NONE', #6127 ) ;
#4164 = CARTESIAN_POINT ( 'NONE',  ( -80.00000000000009948, -20.00000000000003553, 79.99999999999998579 ) ) ;
#4165 = EDGE_LOOP ( 'NONE', ( #3146, #6218, #5578, #5593 ) ) ;
#4166 = ORIENTED_EDGE ( 'NONE', *, *, #4389, .F. ) ;
#4167 = ORIENTED_EDGE ( 'NONE', *, *, #5298, .F. ) ;
#4168 = COORDINATED_UNIVERSAL_TIME_OFFSET ( 8, 0, .AHEAD. ) ;
#4169 = PLANE ( 'NONE',  #1963 ) ;
#4170 = LINE ( 'NONE', #1663, #3218 ) ;
#4171 = EDGE_CURVE ( 'NONE', #1865, #5396, #5236, .T. ) ;
#4172 = DIRECTION ( 'NONE',  ( -0.000000000000000000, 1.000000000000000000, -0.000000000000000000 ) ) ;
#4173 = EDGE_LOOP ( 'NONE', ( #3114, #424, #839, #6304 ) ) ;
#4174 = ORIENTED_EDGE ( 'NONE', *, *, #4896, .F. ) ;
#4175 = LINE ( 'NONE', #617, #4081 ) ;
#4176 = CARTESIAN_POINT ( 'NONE',  ( -114.9999999999999858, 605.0000000000001137, 19.99999999999999645 ) ) ;
#4177 = AXIS2_PLACEMENT_3D ( 'NONE', #1403, #1472, #3427 ) ;
#4178 = DIRECTION ( 'NONE',  ( 0.000000000000000000, 1.000000000000000000, 0.000000000000000000 ) ) ;
#4179 = VECTOR ( 'NONE', #1706, 1000.000000000000000 ) ;
#4180 = CARTESIAN_POINT ( 'NONE',  ( 125.0000000000001421, 524.3052788474358294, 30.00000000000000000 ) ) ;
#4181 = ADVANCED_FACE ( 'NONE', ( #504 ), #6003, .F. ) ;
#4182 = DIRECTION ( 'NONE',  ( -0.000000000000000000, 0.000000000000000000, -1.000000000000000000 ) ) ;
#4183 = CIRCLE ( 'NONE', #2924, 7.999999999999992895 ) ;
#4184 = AXIS2_PLACEMENT_3D ( 'NONE', #3260, #4699, #5261 ) ;
#4185 = DIRECTION ( 'NONE',  ( 0.000000000000000000, -1.000000000000000000, 0.000000000000000000 ) ) ;
#4186 = CIRCLE ( 'NONE', #3145, 5.000000000000004441 ) ;
#4187 = FACE_OUTER_BOUND ( 'NONE', #5558, .T. ) ;
#4188 = ORIENTED_EDGE ( 'NONE', *, *, #1676, .T. ) ;
#4189 = CYLINDRICAL_SURFACE ( 'NONE', #4145, 4.000000000000003553 ) ;
#4190 = CARTESIAN_POINT ( 'NONE',  ( -118.0000000000000000, 615.0000000000001137, 30.00000000000000000 ) ) ;
#4191 = AXIS2_PLACEMENT_3D ( 'NONE', #6349, #1812, #3832 ) ;
#4192 = EDGE_CURVE ( 'NONE', #1688, #3302, #3583, .T. ) ;
#4193 = AXIS2_PLACEMENT_3D ( 'NONE', #2129, #3223, #1200 ) ;
#4194 = ORIENTED_EDGE ( 'NONE', *, *, #272, .T. ) ;
#4195 = CARTESIAN_POINT ( 'NONE',  ( 96.00000000000009948, 12.00000000000001599, 8.673617379884035472E-16 ) ) ;
#4196 = AXIS2_PLACEMENT_3D ( 'NONE', #4940, #5393, #391 ) ;
#4197 = FACE_BOUND ( 'NONE', #4356, .T. ) ;
#4198 = ORIENTED_EDGE ( 'NONE', *, *, #5188, .T. ) ;
#4199 = DIRECTION ( 'NONE',  ( 1.968757127242515241E-32, 0.000000000000000000, -1.000000000000000000 ) ) ;
#4200 = EDGE_LOOP ( 'NONE', ( #2980, #2785, #5516, #5951 ) ) ;
#4201 = VECTOR ( 'NONE', #3627, 1000.000000000000000 ) ;
#4202 = CLOSED_SHELL ( 'NONE', ( #5624, #1686, #4816, #5418, #407, #5734, #5591, #2377, #4742, #1648 ) ) ;
#4203 = VERTEX_POINT ( 'NONE', #1588 ) ;
#4204 = ORIENTED_EDGE ( 'NONE', *, *, #1301, .T. ) ;
#4205 = DIRECTION ( 'NONE',  ( 1.000000000000000000, 0.000000000000000000, 0.000000000000000000 ) ) ;
#4206 = VECTOR ( 'NONE', #3384, 1000.000000000000000 ) ;
#4207 = VERTEX_POINT ( 'NONE', #3644 ) ;
#4208 = CARTESIAN_POINT ( 'NONE',  ( 115.0000000000000711, 615.0000000000001137, 19.99999999999999645 ) ) ;
#4209 = DIRECTION ( 'NONE',  ( -1.000000000000000000, -1.224646799147353207E-16, -0.000000000000000000 ) ) ;
#4210 = EDGE_LOOP ( 'NONE', ( #3675, #126, #4767, #3018, #26, #854 ) ) ;
#4211 = VERTEX_POINT ( 'NONE', #4070 ) ;
#4212 = CARTESIAN_POINT ( 'NONE',  ( 92.00000000000009948, -11.99999999999998046, -100.0000000000000000 ) ) ;
#4213 = ADVANCED_FACE ( 'NONE', ( #4530 ), #16, .F. ) ;
#4214 = CARTESIAN_POINT ( 'NONE',  ( -67.99999999999991473, -12.00000000000000000, -100.0000000000000000 ) ) ;
#4215 = DIRECTION ( 'NONE',  ( 1.224646799147353207E-16, -1.000000000000000000, 2.899348569094233810E-49 ) ) ;
#4216 = DIRECTION ( 'NONE',  ( 1.000000000000000000, 0.000000000000000000, 0.000000000000000000 ) ) ;
#4217 = CARTESIAN_POINT ( 'NONE',  ( -114.9999999999999858, 565.4342007203525782, 30.00000000000000000 ) ) ;
#4218 = EDGE_CURVE ( 'NONE', #3754, #4207, #1523, .T. ) ;
#4219 = DIRECTION ( 'NONE',  ( 1.000000000000000000, 0.000000000000000000, -0.000000000000000000 ) ) ;
#4220 = DIRECTION ( 'NONE',  ( 0.000000000000000000, 1.000000000000000000, 0.000000000000000000 ) ) ;
#4221 = ORIENTED_EDGE ( 'NONE', *, *, #2008, .F. ) ;
#4222 = FACE_OUTER_BOUND ( 'NONE', #689, .T. ) ;
#4223 = DIRECTION ( 'NONE',  ( 0.000000000000000000, 0.000000000000000000, 1.000000000000000000 ) ) ;
#4224 = EDGE_LOOP ( 'NONE', ( #2002, #3019, #6205, #4405 ) ) ;
#4225 = CARTESIAN_POINT ( 'NONE',  ( 117.0000000000001563, 473.0000000000001137, -30.00000000000000000 ) ) ;
#4226 = ADVANCED_FACE ( 'NONE', ( #47 ), #2054, .F. ) ;
#4227 = EDGE_CURVE ( 'NONE', #5796, #6047, #5085, .T. ) ;
#4228 = DIRECTION ( 'NONE',  ( 0.000000000000000000, 0.000000000000000000, -1.000000000000000000 ) ) ;
#4229 = ORIENTED_EDGE ( 'NONE', *, *, #2608, .F. ) ;
#4230 = CYLINDRICAL_SURFACE ( 'NONE', #3518, 1.750000000000001554 ) ;
#4231 = ORIENTED_EDGE ( 'NONE', *, *, #1359, .T. ) ;
#4232 = ORIENTED_EDGE ( 'NONE', *, *, #2095, .T. ) ;
#4233 = EDGE_CURVE ( 'NONE', #2090, #4142, #306, .T. ) ;
#4234 = CARTESIAN_POINT ( 'NONE',  ( 96.25000000000015632, 20.00000000000001776, -17.99999999999999645 ) ) ;
#4235 = ORIENTED_EDGE ( 'NONE', *, *, #3948, .F. ) ;
#4236 = DIRECTION ( 'NONE',  ( -6.844255435263898992E-34, 0.000000000000000000, 1.000000000000000000 ) ) ;
#4237 = CYLINDRICAL_SURFACE ( 'NONE', #4193, 8.000000000000007105 ) ;
#4238 = ORIENTED_EDGE ( 'NONE', *, *, #160, .F. ) ;
#4239 = ORIENTED_EDGE ( 'NONE', *, *, #3149, .F. ) ;
#4240 = DIRECTION ( 'NONE',  ( 1.224646799147353207E-16, -1.000000000000000000, 2.899348569094233810E-49 ) ) ;
#4241 = CARTESIAN_POINT ( 'NONE',  ( 60.00000000000009237, 16.25000000000001421, -16.25000000000000000 ) ) ;
#4242 = AXIS2_PLACEMENT_3D ( 'NONE', #3739, #5737, #2751 ) ;
#4243 = ADVANCED_FACE ( 'NONE', ( #5824 ), #791, .T. ) ;
#4244 = PLANE ( 'NONE',  #6449 ) ;
#4245 = DIRECTION ( 'NONE',  ( -0.000000000000000000, -1.000000000000000000, -0.000000000000000000 ) ) ;
#4246 = EDGE_CURVE ( 'NONE', #675, #677, #1245, .T. ) ;
#4247 = AXIS2_PLACEMENT_3D ( 'NONE', #1515, #2579, #39 ) ;
#4248 = CARTESIAN_POINT ( 'NONE',  ( -80.00000000000009948, -16.00000000000000000, 79.99999999999998579 ) ) ;
#4249 = DIRECTION ( 'NONE',  ( 2.387576397043347250E-16, -1.000000000000000000, 3.566332975710173193E-48 ) ) ;
#4250 = DIRECTION ( 'NONE',  ( 0.000000000000000000, 0.000000000000000000, 1.000000000000000000 ) ) ;
#4251 = CIRCLE ( 'NONE', #4987, 4.000000000000003553 ) ;
#4252 = VERTEX_POINT ( 'NONE', #2841 ) ;
#4253 = DIRECTION ( 'NONE',  ( -0.1723803317522503709, 0.9850304671557038594, 0.000000000000000000 ) ) ;
#4254 = FACE_OUTER_BOUND ( 'NONE', #4001, .T. ) ;
#4255 = EDGE_CURVE ( 'NONE', #3649, #2408, #851, .T. ) ;
#4256 = EDGE_LOOP ( 'NONE', ( #3064, #411, #6402, #415 ) ) ;
#4257 = DIRECTION ( 'NONE',  ( 2.387576397043347250E-16, -1.000000000000000000, 3.566332975710173193E-48 ) ) ;
#4258 = AXIS2_PLACEMENT_3D ( 'NONE', #1399, #5813, #2337 ) ;
#4259 = CARTESIAN_POINT ( 'NONE',  ( -60.00000000000001421, 465.0000000000000000, -16.24999999999999289 ) ) ;
#4260 = CARTESIAN_POINT ( 'NONE',  ( 63.75000000000007105, 465.0000000000000000, -16.25000000000000000 ) ) ;
#4261 = VERTEX_POINT ( 'NONE', #1257 ) ;
#4262 = FACE_BOUND ( 'NONE', #3515, .T. ) ;
#4263 = DIRECTION ( 'NONE',  ( -1.968757127242515241E-32, 0.000000000000000000, 1.000000000000000000 ) ) ;
#4264 = AXIS2_PLACEMENT_3D ( 'NONE', #3410, #5408, #892 ) ;
#4265 = EDGE_CURVE ( 'NONE', #1160, #6047, #195, .T. ) ;
#4266 =( GEOMETRIC_REPRESENTATION_CONTEXT ( 3 ) GLOBAL_UNCERTAINTY_ASSIGNED_CONTEXT ( ( #2183 ) ) GLOBAL_UNIT_ASSIGNED_CONTEXT ( ( #5486, #6404, #3946 ) ) REPRESENTATION_CONTEXT ( 'NONE', 'WORKASPACE' ) );
#4267 = EDGE_CURVE ( 'NONE', #2687, #6466, #6256, .T. ) ;
#4268 = ORIENTED_EDGE ( 'NONE', *, *, #41, .F. ) ;
#4269 = VECTOR ( 'NONE', #6053, 1000.000000000000000 ) ;
#4270 = CARTESIAN_POINT ( 'NONE',  ( 100.0000000000000711, 465.0000000000000000, 16.24999999999999289 ) ) ;
#4271 = DIRECTION ( 'NONE',  ( 0.000000000000000000, 0.000000000000000000, 1.000000000000000000 ) ) ;
#4272 = ORIENTED_EDGE ( 'NONE', *, *, #232, .F. ) ;
#4273 = AXIS2_PLACEMENT_3D ( 'NONE', #3423, #1304, #3460 ) ;
#4274 = ADVANCED_FACE ( 'NONE', ( #3770 ), #2868, .F. ) ;
#4275 = ORIENTED_EDGE ( 'NONE', *, *, #698, .T. ) ;
#4276 = ORIENTED_EDGE ( 'NONE', *, *, #5457, .T. ) ;
#4277 = CARTESIAN_POINT ( 'NONE',  ( 80.00000000000009948, 16.25000000000001776, -16.25000000000000000 ) ) ;
#4278 = DIRECTION ( 'NONE',  ( 2.387576397043347250E-16, -1.000000000000000000, 3.566332975710173193E-48 ) ) ;
#4279 = DIRECTION ( 'NONE',  ( 0.000000000000000000, 1.000000000000000000, 0.000000000000000000 ) ) ;
#4280 = CYLINDRICAL_SURFACE ( 'NONE', #1953, 1.750000000000001554 ) ;
#4281 = CARTESIAN_POINT ( 'NONE',  ( 60.00000000000010658, -11.99999999999997868, -8.673617379884035472E-16 ) ) ;
#4282 = CYLINDRICAL_SURFACE ( 'NONE', #3784, 8.500000000000007105 ) ;
#4283 = DIRECTION ( 'NONE',  ( -1.000000000000000000, -2.220446049250311109E-16, 0.000000000000000000 ) ) ;
#4284 = AXIS2_PLACEMENT_3D ( 'NONE', #1678, #6248, #4283 ) ;
#4285 = EDGE_LOOP ( 'NONE', ( #4298, #2400, #4076, #1655 ) ) ;
#4286 = CARTESIAN_POINT ( 'NONE',  ( 80.00000000000009948, -19.99999999999999289, 64.99999999999998579 ) ) ;
#4287 = CARTESIAN_POINT ( 'NONE',  ( 96.25000000000024158, 20.00000000000001776, 18.00000000000000355 ) ) ;
#4288 = VECTOR ( 'NONE', #3665, 1000.000000000000114 ) ;
#4289 = ORIENTED_EDGE ( 'NONE', *, *, #1398, .T. ) ;
#4290 = DIRECTION ( 'NONE',  ( 6.844255435263898992E-34, 0.000000000000000000, -1.000000000000000000 ) ) ;
#4291 = DIRECTION ( 'NONE',  ( -1.000000000000000000, 0.000000000000000000, 0.000000000000000000 ) ) ;
#4292 = DIRECTION ( 'NONE',  ( 5.968940992608368126E-17, -1.000000000000000000, 3.271334946041490653E-50 ) ) ;
#4293 = EDGE_CURVE ( 'NONE', #4369, #389, #5277, .T. ) ;
#4294 = VECTOR ( 'NONE', #3293, 1000.000000000000000 ) ;
#4295 = EDGE_LOOP ( 'NONE', ( #148, #5223, #943, #2901 ) ) ;
#4296 = DIRECTION ( 'NONE',  ( -6.844255435263898992E-34, 0.000000000000000000, 1.000000000000000000 ) ) ;
#4297 = VECTOR ( 'NONE', #3026, 1000.000000000000000 ) ;
#4298 = ORIENTED_EDGE ( 'NONE', *, *, #2414, .T. ) ;
#4299 = VECTOR ( 'NONE', #1693, 1000.000000000000000 ) ;
#4300 = ORIENTED_EDGE ( 'NONE', *, *, #4700, .T. ) ;
#4301 = AXIS2_PLACEMENT_3D ( 'NONE', #3505, #922, #6056 ) ;
#4302 = CARTESIAN_POINT ( 'NONE',  ( 80.00000000000009948, 16.25000000000002132, 20.00000000000000000 ) ) ;
#4303 = CARTESIAN_POINT ( 'NONE',  ( -67.99999999999990052, -16.00000000000000000, 8.673617379884035472E-16 ) ) ;
#4304 = EDGE_LOOP ( 'NONE', ( #2958, #87, #3342, #4495 ) ) ;
#4305 = AXIS2_PLACEMENT_3D ( 'NONE', #3032, #4969, #1438 ) ;
#4306 = VERTEX_POINT ( 'NONE', #2380 ) ;
#4307 = VERTEX_POINT ( 'NONE', #2346 ) ;
#4308 = DIRECTION ( 'NONE',  ( 0.000000000000000000, 0.000000000000000000, -1.000000000000000000 ) ) ;
#4310 = AXIS2_PLACEMENT_3D ( 'NONE', #1232, #3781, #3255 ) ;
#4309 = DIRECTION ( 'NONE',  ( -1.000000000000000000, -0.000000000000000000, -0.000000000000000000 ) ) ;
#4311 = EDGE_CURVE ( 'NONE', #2886, #4358, #3360, .T. ) ;
#4312 = EDGE_CURVE ( 'NONE', #2408, #2886, #4384, .T. ) ;
#4313 = CYLINDRICAL_SURFACE ( 'NONE', #5927, 10.00000000000000000 ) ;
#4314 = CARTESIAN_POINT ( 'NONE',  ( -115.0449085985328566, 564.4828590047433181, 30.00000000000000000 ) ) ;
#4315 = VECTOR ( 'NONE', #2446, 1000.000000000000000 ) ;
#4316 = PLANE ( 'NONE',  #5866 ) ;
#4317 = FACE_OUTER_BOUND ( 'NONE', #3907, .T. ) ;
#4318 = DIRECTION ( 'NONE',  ( -0.000000000000000000, -1.000000000000000000, -0.000000000000000000 ) ) ;
#4319 = ORIENTED_EDGE ( 'NONE', *, *, #3592, .F. ) ;
#4320 = DIRECTION ( 'NONE',  ( 0.000000000000000000, 0.000000000000000000, -1.000000000000000000 ) ) ;
#4321 = LINE ( 'NONE', #4684, #162 ) ;
#4322 = MANIFOLD_SOLID_BREP ( '凸台-拉伸1[2]', #4202 ) ;
#4323 = VERTEX_POINT ( 'NONE', #239 ) ;
#4324 = DIRECTION ( 'NONE',  ( -5.782411586589359611E-16, -1.000000000000000000, 0.000000000000000000 ) ) ;
#4325 = LINE ( 'NONE', #3375, #2087 ) ;
#4326 = LINE ( 'NONE', #5472, #835 ) ;
#4327 = VERTEX_POINT ( 'NONE', #5766 ) ;
#4328 = CARTESIAN_POINT ( 'NONE',  ( 60.00000000000010658, -11.99999999999997691, -100.0000000000000000 ) ) ;
#4329 = EDGE_CURVE ( 'NONE', #2946, #2953, #6382, .T. ) ;
#4330 = ORIENTED_EDGE ( 'NONE', *, *, #1131, .T. ) ;
#4331 = EDGE_CURVE ( 'NONE', #2592, #507, #4512, .T. ) ;
#4332 = ORIENTED_EDGE ( 'NONE', *, *, #2778, .T. ) ;
#4333 = DIRECTION ( 'NONE',  ( 0.000000000000000000, 0.000000000000000000, 1.000000000000000000 ) ) ;
#4334 = DIRECTION ( 'NONE',  ( 0.000000000000000000, 1.000000000000000000, 0.000000000000000000 ) ) ;
#4335 = ORIENTED_EDGE ( 'NONE', *, *, #1367, .T. ) ;
#4336 = EDGE_CURVE ( 'NONE', #3489, #3387, #6183, .T. ) ;
#4337 = ORIENTED_EDGE ( 'NONE', *, *, #780, .T. ) ;
#4338 = ORIENTED_EDGE ( 'NONE', *, *, #5006, .T. ) ;
#4339 = FACE_OUTER_BOUND ( 'NONE', #2635, .T. ) ;
#4340 = DIRECTION ( 'NONE',  ( 1.224646799147353207E-16, -1.000000000000000000, 2.899348569094233810E-49 ) ) ;
#4341 = DIRECTION ( 'NONE',  ( 0.000000000000000000, 0.000000000000000000, 1.000000000000000000 ) ) ;
#4342 = LINE ( 'NONE', #1930, #6074 ) ;
#4343 = ADVANCED_FACE ( 'NONE', ( #2808 ), #4785, .T. ) ;
#4344 = FACE_OUTER_BOUND ( 'NONE', #710, .T. ) ;
#4345 = CARTESIAN_POINT ( 'NONE',  ( -59.99999999999990052, 0.000000000000000000, -50.00000000000000000 ) ) ;
#4346 = LINE ( 'NONE', #5847, #5957 ) ;
#4347 = ORIENTED_EDGE ( 'NONE', *, *, #6386, .T. ) ;
#4348 = DIRECTION ( 'NONE',  ( 0.000000000000000000, 0.000000000000000000, -1.000000000000000000 ) ) ;
#4349 = CARTESIAN_POINT ( 'NONE',  ( -80.00000000000009948, -31.99999999999999289, 79.99999999999998579 ) ) ;
#4350 = AXIS2_PLACEMENT_3D ( 'NONE', #2187, #664, #4790 ) ;
#4351 = ADVANCED_FACE ( 'NONE', ( #2283 ), #6319, .T. ) ;
#4352 = DIRECTION ( 'NONE',  ( 1.000000000000000000, 0.000000000000000000, 0.000000000000000000 ) ) ;
#4353 = DIRECTION ( 'NONE',  ( 0.000000000000000000, 0.000000000000000000, -1.000000000000000000 ) ) ;
#4354 = VECTOR ( 'NONE', #5859, 1000.000000000000000 ) ;
#4355 = CARTESIAN_POINT ( 'NONE',  ( 117.0000000000001137, 524.3052788474358294, 30.00000000000000000 ) ) ;
#4356 = EDGE_LOOP ( 'NONE', ( #435, #3395 ) ) ;
#4357 = DIRECTION ( 'NONE',  ( -1.000000000000000000, 0.000000000000000000, 0.000000000000000000 ) ) ;
#4358 = VERTEX_POINT ( 'NONE', #5306 ) ;
#4359 = DIRECTION ( 'NONE',  ( 1.000000000000000000, 0.000000000000000000, 0.000000000000000000 ) ) ;
#4360 = VECTOR ( 'NONE', #3859, 1000.000000000000000 ) ;
#4361 = VERTEX_POINT ( 'NONE', #5369 ) ;
#4362 = VECTOR ( 'NONE', #5388, 1000.000000000000000 ) ;
#4363 = CARTESIAN_POINT ( 'NONE',  ( -59.99999999999991473, -16.24999999999997868, -18.00000000000000000 ) ) ;
#4364 = LINE ( 'NONE', #4894, #5912 ) ;
#4365 = ORIENTED_EDGE ( 'NONE', *, *, #513, .T. ) ;
#4366 = CIRCLE ( 'NONE', #6249, 4.000000000000003553 ) ;
#4367 = EDGE_LOOP ( 'NONE', ( #4739, #2234, #2263, #2186 ) ) ;
#4368 = CIRCLE ( 'NONE', #166, 4.000000000000003553 ) ;
#4369 = VERTEX_POINT ( 'NONE', #731 ) ;
#4370 = DIRECTION ( 'NONE',  ( 0.000000000000000000, 0.000000000000000000, 1.000000000000000000 ) ) ;
#4371 = CARTESIAN_POINT ( 'NONE',  ( -80.00000000000009948, -19.99999999999999289, -79.99999999999998579 ) ) ;
#4372 = EDGE_CURVE ( 'NONE', #5849, #937, #4820, .T. ) ;
#4373 = AXIS2_PLACEMENT_3D ( 'NONE', #6344, #3993, #5434 ) ;
#4374 = DIRECTION ( 'NONE',  ( 0.000000000000000000, 0.000000000000000000, 1.000000000000000000 ) ) ;
#4375 = DIRECTION ( 'NONE',  ( 0.000000000000000000, 0.000000000000000000, 1.000000000000000000 ) ) ;
#4376 = ORIENTED_EDGE ( 'NONE', *, *, #4749, .F. ) ;
#4377 = LINE ( 'NONE', #5463, #5018 ) ;
#4378 = CARTESIAN_POINT ( 'NONE',  ( -115.0449085985328566, 564.4828590047433181, -30.00000000000000000 ) ) ;
#4379 = DIRECTION ( 'NONE',  ( -0.000000000000000000, 0.000000000000000000, -1.000000000000000000 ) ) ;
#4380 = ORIENTED_EDGE ( 'NONE', *, *, #5336, .T. ) ;
#4381 = DIRECTION ( 'NONE',  ( 0.000000000000000000, 0.000000000000000000, -1.000000000000000000 ) ) ;
#4382 = EDGE_CURVE ( 'NONE', #5153, #1219, #3997, .T. ) ;
#4383 = CARTESIAN_POINT ( 'NONE',  ( -91.99999999999990052, -19.99999999999999289, -100.0000000000000000 ) ) ;
#4384 = LINE ( 'NONE', #1782, #1138 ) ;
#4385 = LINE ( 'NONE', #4259, #5450 ) ;
#4386 = DIRECTION ( 'NONE',  ( 0.000000000000000000, 0.000000000000000000, -1.000000000000000000 ) ) ;
#4387 = ORIENTED_EDGE ( 'NONE', *, *, #1157, .T. ) ;
#4388 = CYLINDRICAL_SURFACE ( 'NONE', #253, 8.000000000000007105 ) ;
#4389 = EDGE_CURVE ( 'NONE', #5512, #4207, #5993, .T. ) ;
#4390 = ADVANCED_FACE ( 'NONE', ( #3926 ), #884, .T. ) ;
#4391 = VERTEX_POINT ( 'NONE', #5436 ) ;
#4392 = CARTESIAN_POINT ( 'NONE',  ( -59.99999999999991473, -16.24999999999999645, 16.24999999999999289 ) ) ;
#4393 = AXIS2_PLACEMENT_3D ( 'NONE', #3130, #4144, #522 ) ;
#4394 = VECTOR ( 'NONE', #1277, 1000.000000000000000 ) ;
#4395 = ORIENTED_EDGE ( 'NONE', *, *, #2258, .T. ) ;
#4396 = AXIS2_PLACEMENT_3D ( 'NONE', #3454, #448, #2461 ) ;
#4397 = MANIFOLD_SOLID_BREP ( '剪裁/延伸2[2]', #6192 ) ;
#4398 = AXIS2_PLACEMENT_3D ( 'NONE', #5117, #4628, #5509 ) ;
#4399 = CARTESIAN_POINT ( 'NONE',  ( 91.99999999999990052, 12.00000000000000000, -95.00000000000000000 ) ) ;
#4400 = DIRECTION ( 'NONE',  ( 0.000000000000000000, 0.000000000000000000, -1.000000000000000000 ) ) ;
#4401 = ORIENTED_EDGE ( 'NONE', *, *, #4113, .T. ) ;
#4402 = AXIS2_PLACEMENT_3D ( 'NONE', #4452, #2415, #4026 ) ;
#4403 = AXIS2_PLACEMENT_3D ( 'NONE', #2775, #1284, #2320 ) ;
#4404 = ORIENTED_EDGE ( 'NONE', *, *, #423, .F. ) ;
#4405 = ORIENTED_EDGE ( 'NONE', *, *, #1836, .T. ) ;
#4406 = CARTESIAN_POINT ( 'NONE',  ( 80.00000000000009948, -31.99999999999999289, 79.99999999999998579 ) ) ;
#4407 = CIRCLE ( 'NONE', #2093, 15.00000000000000000 ) ;
#4408 = AXIS2_PLACEMENT_3D ( 'NONE', #2657, #2597, #92 ) ;
#4409 = DIRECTION ( 'NONE',  ( -1.000000000000000000, 2.775557561562888886E-16, 0.000000000000000000 ) ) ;
#4410 = MANIFOLD_SOLID_BREP ( 'M16 螺纹孔1[1]', #3792 ) ;
#4411 = FACE_BOUND ( 'NONE', #2988, .T. ) ;
#4412 = ORIENTED_EDGE ( 'NONE', *, *, #5583, .T. ) ;
#4413 = EDGE_CURVE ( 'NONE', #4159, #4660, #3402, .T. ) ;
#4414 = CARTESIAN_POINT ( 'NONE',  ( -125.0000000000000284, 525.0000000000001137, -30.00000000000000000 ) ) ;
#4415 = DIRECTION ( 'NONE',  ( 0.000000000000000000, 0.000000000000000000, -1.000000000000000000 ) ) ;
#4416 = CARTESIAN_POINT ( 'NONE',  ( -80.00000000000009948, -31.99999999999999289, 64.99999999999998579 ) ) ;
#4417 = VERTEX_POINT ( 'NONE', #4485 ) ;
#4418 = DIRECTION ( 'NONE',  ( 2.387576397043347250E-16, -1.000000000000000000, 3.566332975710173193E-48 ) ) ;
#4419 = CIRCLE ( 'NONE', #1886, 3.750000000000003553 ) ;
#4420 = PLANE ( 'NONE',  #65 ) ;
#4421 = EDGE_CURVE ( 'NONE', #1183, #5302, #3002, .T. ) ;
#4422 = DIRECTION ( 'NONE',  ( 1.000000000000000000, 0.000000000000000000, 0.000000000000000000 ) ) ;
#4423 = CARTESIAN_POINT ( 'NONE',  ( 92.00000000000011369, 16.00000000000002132, 8.673617379884035472E-16 ) ) ;
#4424 = DIRECTION ( 'NONE',  ( 0.000000000000000000, -1.000000000000000000, 0.000000000000000000 ) ) ;
#4425 = VERTEX_POINT ( 'NONE', #2906 ) ;
#4426 = LINE ( 'NONE', #6486, #4983 ) ;
#4427 = DIRECTION ( 'NONE',  ( -1.000000000000000000, 0.000000000000000000, 0.000000000000000000 ) ) ;
#4428 = CARTESIAN_POINT ( 'NONE',  ( -117.9999999999999858, 565.4342007203525782, 30.00000000000000000 ) ) ;
#4429 = VERTEX_POINT ( 'NONE', #4914 ) ;
#4430 = ADVANCED_FACE ( 'NONE', ( #3503 ), #1447, .T. ) ;
#4431 = EDGE_CURVE ( 'NONE', #339, #4545, #5498, .T. ) ;
#4432 = ORIENTED_EDGE ( 'NONE', *, *, #6200, .F. ) ;
#4433 = DIRECTION ( 'NONE',  ( -2.387576397043347250E-16, 1.000000000000000000, -1.532218811828647824E-49 ) ) ;
#4434 = ORIENTED_EDGE ( 'NONE', *, *, #1104, .F. ) ;
#4435 = EDGE_LOOP ( 'NONE', ( #4404, #4005, #6234, #6105 ) ) ;
#4436 = EDGE_CURVE ( 'NONE', #4142, #1365, #4520, .T. ) ;
#4437 = ORIENTED_EDGE ( 'NONE', *, *, #837, .F. ) ;
#4438 = CARTESIAN_POINT ( 'NONE',  ( 122.0000000000001705, 473.0000000000001137, 30.00000000000000000 ) ) ;
#4439 = PERSON_AND_ORGANIZATION_ROLE ( 'design_owner' ) ;
#4440 = DIRECTION ( 'NONE',  ( 1.000000000000000000, 0.000000000000000000, 0.000000000000000000 ) ) ;
#4441 = DIRECTION ( 'NONE',  ( 0.000000000000000000, 1.000000000000000000, 0.000000000000000000 ) ) ;
#4442 = ORIENTED_EDGE ( 'NONE', *, *, #2744, .T. ) ;
#4443 = VERTEX_POINT ( 'NONE', #8 ) ;
#4444 = FACE_OUTER_BOUND ( 'NONE', #2490, .T. ) ;
#4445 = CC_DESIGN_PERSON_AND_ORGANIZATION_ASSIGNMENT ( #5940, #4439, ( #1431 ) ) ;
#4446 = DIRECTION ( 'NONE',  ( 0.000000000000000000, -1.000000000000000000, 0.000000000000000000 ) ) ;
#4447 = CARTESIAN_POINT ( 'NONE',  ( -63.99999999999990763, 11.99999999999999467, -100.0000000000000000 ) ) ;
#4448 = VERTEX_POINT ( 'NONE', #6416 ) ;
#4449 = CARTESIAN_POINT ( 'NONE',  ( 80.00000000000009948, -16.24999999999997868, 19.99999999999999645 ) ) ;
#4450 = DIRECTION ( 'NONE',  ( 0.000000000000000000, 0.000000000000000000, -1.000000000000000000 ) ) ;
#4451 = FACE_OUTER_BOUND ( 'NONE', #1535, .T. ) ;
#4452 = CARTESIAN_POINT ( 'NONE',  ( -96.25000000000001421, 465.0000000000000000, 16.24999999999999289 ) ) ;
#4453 = CYLINDRICAL_SURFACE ( 'NONE', #5990, 5.000000000000004441 ) ;
#4454 = VERTEX_POINT ( 'NONE', #3899 ) ;
#4455 = CARTESIAN_POINT ( 'NONE',  ( -98.00000000000001421, 465.0000000000000000, 16.25000000000000000 ) ) ;
#4456 = EDGE_CURVE ( 'NONE', #5155, #543, #714, .T. ) ;
#4457 = LINE ( 'NONE', #6454, #6195 ) ;
#4458 = DIRECTION ( 'NONE',  ( 1.000000000000000000, 0.000000000000000000, 0.000000000000000000 ) ) ;
#4459 = ORIENTED_EDGE ( 'NONE', *, *, #5908, .F. ) ;
#4460 = CIRCLE ( 'NONE', #3936, 7.999999999999992895 ) ;
#4461 = ORIENTED_EDGE ( 'NONE', *, *, #3797, .T. ) ;
#4462 = CARTESIAN_POINT ( 'NONE',  ( 100.0000000000000711, 465.0000000000000000, -16.24999999999999289 ) ) ;
#4463 = EDGE_CURVE ( 'NONE', #4660, #3095, #821, .T. ) ;
#4464 = ORIENTED_EDGE ( 'NONE', *, *, #766, .T. ) ;
#4465 = VECTOR ( 'NONE', #950, 1000.000000000000000 ) ;
#4466 = EDGE_CURVE ( 'NONE', #1615, #804, #1982, .T. ) ;
#4467 = ORIENTED_EDGE ( 'NONE', *, *, #5157, .T. ) ;
#4468 = ORIENTED_EDGE ( 'NONE', *, *, #1366, .F. ) ;
#4469 = CARTESIAN_POINT ( 'NONE',  ( 63.75000000000009948, 20.00000000000001776, -16.25000000000000000 ) ) ;
#4470 = CIRCLE ( 'NONE', #2685, 3.750000000000003553 ) ;
#4471 = PERSON_AND_ORGANIZATION_ROLE ( 'creator' ) ;
#4472 = DIRECTION ( 'NONE',  ( 5.968940992608368126E-17, -1.000000000000000000, 3.271334946041490653E-50 ) ) ;
#4473 = ADVANCED_FACE ( 'NONE', ( #4451 ), #3536, .F. ) ;
#4474 = DIRECTION ( 'NONE',  ( 0.000000000000000000, -1.000000000000000000, 0.000000000000000000 ) ) ;
#4475 = AXIS2_PLACEMENT_3D ( 'NONE', #988, #1486, #1916 ) ;
#4476 = ORIENTED_EDGE ( 'NONE', *, *, #2340, .F. ) ;
#4477 = CIRCLE ( 'NONE', #2370, 1.750000000000001554 ) ;
#4478 = VERTEX_POINT ( 'NONE', #5470 ) ;
#4479 = CARTESIAN_POINT ( 'NONE',  ( -80.00000000000009948, 20.00000000000001421, -88.50000000000000000 ) ) ;
#4480 = DIRECTION ( 'NONE',  ( -1.000000000000000000, -1.224646799147353207E-16, -0.000000000000000000 ) ) ;
#4481 = CIRCLE ( 'NONE', #6254, 3.500000000000058620 ) ;
#4482 = ORIENTED_EDGE ( 'NONE', *, *, #1157, .F. ) ;
#4483 = CARTESIAN_POINT ( 'NONE',  ( 67.99999999999991473, -12.00000000000000000, -95.00000000000000000 ) ) ;
#4484 = DIRECTION ( 'NONE',  ( -1.000000000000000000, 0.000000000000000000, -1.968757127242515241E-32 ) ) ;
#4485 = CARTESIAN_POINT ( 'NONE',  ( 92.00000000000011369, -15.99999999999997868, -100.0000000000000000 ) ) ;
#4486 = LINE ( 'NONE', #6482, #5137 ) ;
#4487 = DIRECTION ( 'NONE',  ( 0.000000000000000000, 0.000000000000000000, -1.000000000000000000 ) ) ;
#4488 = ORIENTED_EDGE ( 'NONE', *, *, #3092, .T. ) ;
#4489 = CARTESIAN_POINT ( 'NONE',  ( -117.0000000000000426, 468.0000000000000000, 30.00000000000000000 ) ) ;
#4490 = DIRECTION ( 'NONE',  ( 0.000000000000000000, 1.000000000000000000, 0.000000000000000000 ) ) ;
#4491 = CARTESIAN_POINT ( 'NONE',  ( 80.00000000000009948, -20.00000000000003553, 79.99999999999998579 ) ) ;
#4492 = ORIENTED_EDGE ( 'NONE', *, *, #1769, .T. ) ;
#4493 = EDGE_CURVE ( 'NONE', #4163, #1536, #3254, .T. ) ;
#4494 = AXIS2_PLACEMENT_3D ( 'NONE', #1966, #3496, #6370 ) ;
#4495 = ORIENTED_EDGE ( 'NONE', *, *, #3337, .T. ) ;
#4496 = DIRECTION ( 'NONE',  ( -1.000000000000000000, 0.000000000000000000, 0.000000000000000000 ) ) ;
#4497 = AXIS2_PLACEMENT_3D ( 'NONE', #2044, #5500, #2112 ) ;
#4498 = ORIENTED_EDGE ( 'NONE', *, *, #4098, .T. ) ;
#4499 = VERTEX_POINT ( 'NONE', #5888 ) ;
#4500 = AXIS2_PLACEMENT_3D ( 'NONE', #5226, #2761, #5324 ) ;
#4501 = EDGE_LOOP ( 'NONE', ( #4115, #4726, #4498, #5440 ) ) ;
#4502 = DIRECTION ( 'NONE',  ( 1.000000000000000000, 0.000000000000000000, 0.000000000000000000 ) ) ;
#4503 = AXIS2_PLACEMENT_3D ( 'NONE', #5246, #3643, #5027 ) ;
#4504 = CARTESIAN_POINT ( 'NONE',  ( -98.00000000000001421, 465.0000000000000000, -16.25000000000000000 ) ) ;
#4505 = VECTOR ( 'NONE', #547, 1000.000000000000000 ) ;
#4506 = DIRECTION ( 'NONE',  ( 1.000000000000000000, 0.000000000000000000, 0.000000000000000000 ) ) ;
#4507 = EDGE_LOOP ( 'NONE', ( #6392, #1025, #216, #4235, #3390, #6083, #730, #1153 ) ) ;
#4508 = ORIENTED_EDGE ( 'NONE', *, *, #5547, .F. ) ;
#4509 = DIRECTION ( 'NONE',  ( 0.000000000000000000, 0.000000000000000000, 1.000000000000000000 ) ) ;
#4510 = VECTOR ( 'NONE', #814, 1000.000000000000000 ) ;
#4511 = ADVANCED_FACE ( 'NONE', ( #1380 ), #921, .F. ) ;
#4512 = CIRCLE ( 'NONE', #4403, 15.00000000000000000 ) ;
#4513 = EDGE_CURVE ( 'NONE', #287, #1183, #5400, .T. ) ;
#4514 = PLANE ( 'NONE',  #1662 ) ;
#4515 = ORIENTED_EDGE ( 'NONE', *, *, #3104, .T. ) ;
#4516 = CARTESIAN_POINT ( 'NONE',  ( -96.25000000000001421, 465.0000000000000000, 18.00000000000000355 ) ) ;
#4517 = FACE_OUTER_BOUND ( 'NONE', #3540, .T. ) ;
#4518 = CIRCLE ( 'NONE', #6505, 10.00000000000000888 ) ;
#4519 = AXIS2_PLACEMENT_3D ( 'NONE', #3510, #4427, #534 ) ;
#4520 = LINE ( 'NONE', #6481, #5451 ) ;
#4521 = DIRECTION ( 'NONE',  ( 1.000000000000000000, 0.000000000000000000, 0.000000000000000000 ) ) ;
#4522 = LINE ( 'NONE', #2577, #2291 ) ;
#4523 = EDGE_LOOP ( 'NONE', ( #6298, #3216, #3602, #5873 ) ) ;
#4524 = FACE_BOUND ( 'NONE', #136, .T. ) ;
#4525 = DIRECTION ( 'NONE',  ( -0.000000000000000000, -0.000000000000000000, 1.000000000000000000 ) ) ;
#4526 = CARTESIAN_POINT ( 'NONE',  ( -122.0000000000000568, 473.0000000000000568, 30.00000000000000000 ) ) ;
#4527 = VECTOR ( 'NONE', #4855, 1000.000000000000000 ) ;
#4528 = EDGE_LOOP ( 'NONE', ( #4966, #6228, #238, #931 ) ) ;
#4529 = EDGE_CURVE ( 'NONE', #3847, #5183, #1453, .T. ) ;
#4530 = FACE_OUTER_BOUND ( 'NONE', #2003, .T. ) ;
#4531 = ORIENTED_EDGE ( 'NONE', *, *, #5205, .F. ) ;
#4532 = LINE ( 'NONE', #3120, #6230 ) ;
#4533 = EDGE_LOOP ( 'NONE', ( #1133, #4272 ) ) ;
#4534 = EDGE_CURVE ( 'NONE', #3076, #2556, #1542, .T. ) ;
#4535 = EDGE_LOOP ( 'NONE', ( #3053, #6426, #881, #351 ) ) ;
#4536 = ORIENTED_EDGE ( 'NONE', *, *, #1367, .F. ) ;
#4537 = CARTESIAN_POINT ( 'NONE',  ( -91.99999999999990052, -12.00000000000000000, 100.0000000000000000 ) ) ;
#4538 = FACE_OUTER_BOUND ( 'NONE', #4210, .T. ) ;
#4539 = EDGE_CURVE ( 'NONE', #966, #5730, #685, .T. ) ;
#4540 = CARTESIAN_POINT ( 'NONE',  ( -80.00000000000009948, 15.99999999999999645, -79.99999999999998579 ) ) ;
#4541 = VERTEX_POINT ( 'NONE', #6055 ) ;
#4542 = ORIENTED_EDGE ( 'NONE', *, *, #1509, .F. ) ;
#4543 = CARTESIAN_POINT ( 'NONE',  ( 68.00000000000008527, -15.99999999999997868, -8.673617379884035472E-16 ) ) ;
#4544 = DIRECTION ( 'NONE',  ( 1.000000000000000000, 1.224646799147353207E-16, 0.000000000000000000 ) ) ;
#4545 = VERTEX_POINT ( 'NONE', #5689 ) ;
#4546 = DIRECTION ( 'NONE',  ( 0.000000000000000000, 0.000000000000000000, -1.000000000000000000 ) ) ;
#4547 = ADVANCED_FACE ( 'NONE', ( #5076 ), #3171, .T. ) ;
#4548 = CARTESIAN_POINT ( 'NONE',  ( -59.99999999999991473, 16.25000000000002132, 20.00000000000000000 ) ) ;
#4549 = EDGE_CURVE ( 'NONE', #1991, #1615, #6150, .T. ) ;
#4550 = DIRECTION ( 'NONE',  ( 0.000000000000000000, 0.000000000000000000, 1.000000000000000000 ) ) ;
#4551 = DIRECTION ( 'NONE',  ( 0.000000000000000000, 1.000000000000000000, 0.000000000000000000 ) ) ;
#4552 = CARTESIAN_POINT ( 'NONE',  ( 118.0748476642214939, 564.5722990615919343, -30.00000000000000000 ) ) ;
#4553 = EDGE_LOOP ( 'NONE', ( #5678, #3624, #2024, #1091 ) ) ;
#4554 = CARTESIAN_POINT ( 'NONE',  ( 115.0000000000000711, 615.0000000000001137, -19.99999999999999645 ) ) ;
#4555 = DIRECTION ( 'NONE',  ( 1.000000000000000000, 0.000000000000000000, -1.968757127242515241E-32 ) ) ;
#4556 = FACE_OUTER_BOUND ( 'NONE', #5827, .T. ) ;
#4557 = EDGE_CURVE ( 'NONE', #1797, #5056, #5350, .T. ) ;
#4558 = ORIENTED_EDGE ( 'NONE', *, *, #5017, .T. ) ;
#4559 = AXIS2_PLACEMENT_3D ( 'NONE', #6199, #5213, #4296 ) ;
#4560 = DIRECTION ( 'NONE',  ( 6.844255435263898992E-34, 0.000000000000000000, -1.000000000000000000 ) ) ;
#4561 = ORIENTED_EDGE ( 'NONE', *, *, #5751, .T. ) ;
#4562 = DIRECTION ( 'NONE',  ( 0.000000000000000000, 1.000000000000000000, 0.000000000000000000 ) ) ;
#4563 = VERTEX_POINT ( 'NONE', #4711 ) ;
#4564 = VERTEX_POINT ( 'NONE', #2039 ) ;
#4565 = ORIENTED_EDGE ( 'NONE', *, *, #4947, .F. ) ;
#4566 = CIRCLE ( 'NONE', #3630, 3.750000000000003553 ) ;
#4567 = DIRECTION ( 'NONE',  ( -0.000000000000000000, -0.000000000000000000, -1.000000000000000000 ) ) ;
#4568 = DIRECTION ( 'NONE',  ( 0.000000000000000000, -1.000000000000000000, 0.000000000000000000 ) ) ;
#4569 = DIRECTION ( 'NONE',  ( 0.000000000000000000, -1.000000000000000000, 0.000000000000000000 ) ) ;
#4570 = ORIENTED_EDGE ( 'NONE', *, *, #288, .T. ) ;
#4571 = AXIS2_PLACEMENT_3D ( 'NONE', #6078, #1568, #3595 ) ;
#4572 = ORIENTED_EDGE ( 'NONE', *, *, #5287, .F. ) ;
#4573 = DIRECTION ( 'NONE',  ( -1.000000000000000000, 0.000000000000000000, 0.000000000000000000 ) ) ;
#4574 = EDGE_CURVE ( 'NONE', #1046, #6222, #1580, .T. ) ;
#4575 = CARTESIAN_POINT ( 'NONE',  ( 80.00000000000009948, -20.00000000000003553, 71.49999999999998579 ) ) ;
#4576 = CIRCLE ( 'NONE', #2792, 3.500000000000003109 ) ;
#4577 = ORIENTED_EDGE ( 'NONE', *, *, #2877, .F. ) ;
#4578 = CARTESIAN_POINT ( 'NONE',  ( 100.0000000000000995, 12.00000000000001599, 100.0000000000000000 ) ) ;
#4579 = CARTESIAN_POINT ( 'NONE',  ( -59.99999999999991473, 16.25000000000000000, -20.00000000000000355 ) ) ;
#4580 = AXIS2_PLACEMENT_3D ( 'NONE', #1860, #4013, #3491 ) ;
#4581 = FACE_OUTER_BOUND ( 'NONE', #6004, .T. ) ;
#4582 = VECTOR ( 'NONE', #304, 1000.000000000000000 ) ;
#4583 = EDGE_CURVE ( 'NONE', #993, #4564, #5596, .T. ) ;
#4584 = FACE_OUTER_BOUND ( 'NONE', #961, .T. ) ;
#4585 = CARTESIAN_POINT ( 'NONE',  ( -122.0000000000000284, 525.0000000000001137, 30.00000000000000000 ) ) ;
#4586 = EDGE_LOOP ( 'NONE', ( #3085, #219, #3966, #4380 ) ) ;
#4587 = DIRECTION ( 'NONE',  ( -1.000000000000000000, 0.000000000000000000, 2.407412430484047006E-32 ) ) ;
#4588 = CARTESIAN_POINT ( 'NONE',  ( 80.00000000000009948, -31.99999999999999289, 79.99999999999998579 ) ) ;
#4589 = CARTESIAN_POINT ( 'NONE',  ( 96.25000000000007105, 465.0000000000000000, -16.25000000000000000 ) ) ;
#4590 = AXIS2_PLACEMENT_3D ( 'NONE', #6310, #684, #716 ) ;
#4591 = EDGE_LOOP ( 'NONE', ( #570, #4492, #2426, #2853 ) ) ;
#4592 = EDGE_CURVE ( 'NONE', #1345, #3866, #4059, .T. ) ;
#4593 = ADVANCED_FACE ( 'NONE', ( #1642 ), #1054, .T. ) ;
#4594 = CARTESIAN_POINT ( 'NONE',  ( -117.0000000000000142, 524.3052788474357158, 30.00000000000000000 ) ) ;
#4595 = ORIENTED_EDGE ( 'NONE', *, *, #5435, .T. ) ;
#4596 = LINE ( 'NONE', #3054, #2773 ) ;
#4597 = EDGE_LOOP ( 'NONE', ( #3588, #5116, #2045, #5254 ) ) ;
#4598 = VERTEX_POINT ( 'NONE', #4121 ) ;
#4599 = ORIENTED_EDGE ( 'NONE', *, *, #6305, .T. ) ;
#4600 = APPROVAL_DATE_TIME ( #120, #2599 ) ;
#4601 = AXIS2_PLACEMENT_3D ( 'NONE', #4585, #73, #5109 ) ;
#4602 = FACE_BOUND ( 'NONE', #3185, .T. ) ;
#4603 = CARTESIAN_POINT ( 'NONE',  ( -91.99999999999991473, -16.00000000000000000, 0.000000000000000000 ) ) ;
#4604 = CYLINDRICAL_SURFACE ( 'NONE', #1975, 8.500000000000007105 ) ;
#4605 = VECTOR ( 'NONE', #4847, 1000.000000000000000 ) ;
#4606 = ORIENTED_EDGE ( 'NONE', *, *, #4049, .T. ) ;
#4607 = ORIENTED_EDGE ( 'NONE', *, *, #4988, .F. ) ;
#4608 = CARTESIAN_POINT ( 'NONE',  ( -122.0000000000000284, 524.3052788474357158, 30.00000000000000000 ) ) ;
#4609 = CARTESIAN_POINT ( 'NONE',  ( -123.0000000000000000, 565.4342007203525782, 30.00000000000000000 ) ) ;
#4610 = CIRCLE ( 'NONE', #3246, 8.500000000000007105 ) ;
#4611 = VECTOR ( 'NONE', #2651, 1000.000000000000000 ) ;
#4612 = EDGE_CURVE ( 'NONE', #5019, #3164, #6118, .T. ) ;
#4613 = CYLINDRICAL_SURFACE ( 'NONE', #2678, 6.999999999999992006 ) ;
#4614 = FACE_OUTER_BOUND ( 'NONE', #4143, .T. ) ;
#4615 = EDGE_CURVE ( 'NONE', #444, #2741, #201, .T. ) ;
#4616 = CIRCLE ( 'NONE', #2508, 8.500000000000007105 ) ;
#4617 = VECTOR ( 'NONE', #4648, 999.9999999999998863 ) ;
#4618 = DIRECTION ( 'NONE',  ( 2.775557561562888886E-16, 1.000000000000000000, 0.000000000000000000 ) ) ;
#4619 = CARTESIAN_POINT ( 'NONE',  ( -117.0000000000000426, 465.0000000000000000, -30.00000000000000000 ) ) ;
#4620 = DIRECTION ( 'NONE',  ( 0.000000000000000000, 0.000000000000000000, -1.000000000000000000 ) ) ;
#4621 = VECTOR ( 'NONE', #1085, 1000.000000000000000 ) ;
#4622 = ORIENTED_EDGE ( 'NONE', *, *, #5102, .F. ) ;
#4623 = CARTESIAN_POINT ( 'NONE',  ( 80.00000000000009948, -16.24999999999997868, 16.24999999999999289 ) ) ;
#4624 = DIRECTION ( 'NONE',  ( -1.000000000000000000, 0.000000000000000000, 0.000000000000000000 ) ) ;
#4625 = ADVANCED_FACE ( 'NONE', ( #4581 ), #652, .F. ) ;
#4626 = ORIENTED_EDGE ( 'NONE', *, *, #3829, .T. ) ;
#4627 = AXIS2_PLACEMENT_3D ( 'NONE', #6326, #3876, #5869 ) ;
#4628 = DIRECTION ( 'NONE',  ( 1.000000000000000000, 2.387576397043347250E-16, 0.000000000000000000 ) ) ;
#4629 = ORIENTED_EDGE ( 'NONE', *, *, #4836, .F. ) ;
#4630 = CARTESIAN_POINT ( 'NONE',  ( -99.99999999999991473, 20.00000000000001776, -16.24999999999999289 ) ) ;
#4631 = VERTEX_POINT ( 'NONE', #1084 ) ;
#4632 = VECTOR ( 'NONE', #4688, 1000.000000000000000 ) ;
#4633 = EDGE_CURVE ( 'NONE', #3978, #2595, #912, .T. ) ;
#4634 = EDGE_CURVE ( 'NONE', #2540, #38, #1014, .T. ) ;
#4635 = EDGE_LOOP ( 'NONE', ( #3910, #2202, #1624, #603 ) ) ;
#4636 = ORIENTED_EDGE ( 'NONE', *, *, #4956, .T. ) ;
#4637 = DATE_AND_TIME ( #5612, #785 ) ;
#4638 = CARTESIAN_POINT ( 'NONE',  ( 68.00000000000009948, 20.00000000000002132, -100.0000000000000000 ) ) ;
#4639 = CARTESIAN_POINT ( 'NONE',  ( -80.00000000000009948, -31.99999999999999289, 79.99999999999998579 ) ) ;
#4640 = CYLINDRICAL_SURFACE ( 'NONE', #4713, 7.999999999999992895 ) ;
#4641 = EDGE_CURVE ( 'NONE', #4564, #4651, #3633, .T. ) ;
#4642 = ORIENTED_EDGE ( 'NONE', *, *, #2580, .T. ) ;
#4643 = ORIENTED_EDGE ( 'NONE', *, *, #78, .F. ) ;
#4644 = LINE ( 'NONE', #2105, #5648 ) ;
#4645 = CARTESIAN_POINT ( 'NONE',  ( 80.00000000000009948, -31.99999999999999289, 94.99999999999998579 ) ) ;
#4646 = CARTESIAN_POINT ( 'NONE',  ( -80.00000000000009948, 15.99999999999999645, -88.50000000000000000 ) ) ;
#4647 = DIRECTION ( 'NONE',  ( -0.000000000000000000, -0.000000000000000000, 1.000000000000000000 ) ) ;
#4648 = DIRECTION ( 'NONE',  ( -0.9850304671557014169, 0.1723803317522644152, 0.000000000000000000 ) ) ;
#4649 = DIRECTION ( 'NONE',  ( 0.000000000000000000, 1.000000000000000000, 0.000000000000000000 ) ) ;
#4650 = CARTESIAN_POINT ( 'NONE',  ( -80.00000000000009948, -20.00000000000003553, 88.50000000000000000 ) ) ;
#4651 = VERTEX_POINT ( 'NONE', #6184 ) ;
#4652 = DIRECTION ( 'NONE',  ( 0.000000000000000000, -1.000000000000000000, 0.000000000000000000 ) ) ;
#4653 = LINE ( 'NONE', #3047, #2159 ) ;
#4654 = ORIENTED_EDGE ( 'NONE', *, *, #2893, .F. ) ;
#4655 = CARTESIAN_POINT ( 'NONE',  ( -91.99999999999991473, 16.00000000000000000, -95.00000000000000000 ) ) ;
#4656 = CARTESIAN_POINT ( 'NONE',  ( -63.99999999999990763, 12.00000000000000000, -95.00000000000000000 ) ) ;
#4657 = EDGE_CURVE ( 'NONE', #4425, #1810, #1649, .T. ) ;
#4658 = ORIENTED_EDGE ( 'NONE', *, *, #3066, .F. ) ;
#4659 = CYLINDRICAL_SURFACE ( 'NONE', #3405, 4.000000000000003553 ) ;
#4660 = VERTEX_POINT ( 'NONE', #1115 ) ;
#4661 = EDGE_LOOP ( 'NONE', ( #2151, #3317, #4565, #3618 ) ) ;
#4662 = VERTEX_POINT ( 'NONE', #3136 ) ;
#4663 = EDGE_CURVE ( 'NONE', #1698, #5730, #3821, .T. ) ;
#4664 = ADVANCED_FACE ( 'NONE', ( #845 ), #3233, .T. ) ;
#4665 = DIRECTION ( 'NONE',  ( 0.000000000000000000, 1.000000000000000000, 0.000000000000000000 ) ) ;
#4666 = CARTESIAN_POINT ( 'NONE',  ( 122.0000000000001279, 524.3052788474358294, -30.00000000000000000 ) ) ;
#4667 = CARTESIAN_POINT ( 'NONE',  ( 122.0000000000001705, 473.0000000000001137, 30.00000000000000000 ) ) ;
#4668 = VERTEX_POINT ( 'NONE', #2799 ) ;
#4669 = EDGE_LOOP ( 'NONE', ( #2014, #4738, #4572, #1162 ) ) ;
#4670 = FACE_BOUND ( 'NONE', #6124, .T. ) ;
#4671 = AXIS2_PLACEMENT_3D ( 'NONE', #2977, #4918, #3407 ) ;
#4672 = DIRECTION ( 'NONE',  ( -0.000000000000000000, -3.160343196191257749E-48, -1.000000000000000000 ) ) ;
#4673 = EDGE_CURVE ( 'NONE', #5088, #2914, #3768, .T. ) ;
#4674 = CARTESIAN_POINT ( 'NONE',  ( -91.99999999999990052, -12.00000000000000000, -8.673617379884035472E-16 ) ) ;
#4675 = CARTESIAN_POINT ( 'NONE',  ( 63.75000000000009948, 20.00000000000001776, -16.25000000000000000 ) ) ;
#4676 = VECTOR ( 'NONE', #3335, 1000.000000000000000 ) ;
#4677 = DIRECTION ( 'NONE',  ( 0.000000000000000000, 1.000000000000000000, 0.000000000000000000 ) ) ;
#4678 = CARTESIAN_POINT ( 'NONE',  ( -63.99999999999990763, 12.00000000000000000, -95.00000000000000000 ) ) ;
#4679 = AXIS2_PLACEMENT_3D ( 'NONE', #2640, #131, #3267 ) ;
#4680 = DIRECTION ( 'NONE',  ( -0.000000000000000000, -0.000000000000000000, 1.000000000000000000 ) ) ;
#4681 = AXIS2_PLACEMENT_3D ( 'NONE', #5977, #1002, #2960 ) ;
#4682 = VERTEX_POINT ( 'NONE', #3272 ) ;
#4683 = CARTESIAN_POINT ( 'NONE',  ( 60.00000000000009237, 12.00000000000001954, -100.0000000000000000 ) ) ;
#4684 = CARTESIAN_POINT ( 'NONE',  ( -59.99999999999990052, -11.99999999999999645, 0.000000000000000000 ) ) ;
#4685 = CIRCLE ( 'NONE', #3003, 3.750000000000003553 ) ;
#4686 = ORIENTED_EDGE ( 'NONE', *, *, #4583, .F. ) ;
#4687 = DIRECTION ( 'NONE',  ( 0.000000000000000000, 0.000000000000000000, -1.000000000000000000 ) ) ;
#4688 = DIRECTION ( 'NONE',  ( 1.000000000000000000, 1.224646799147353207E-16, 6.842277657836020854E-49 ) ) ;
#4689 = CIRCLE ( 'NONE', #2060, 7.999999999999992895 ) ;
#4690 = VERTEX_POINT ( 'NONE', #5721 ) ;
#4691 = DIRECTION ( 'NONE',  ( 0.000000000000000000, 0.000000000000000000, -1.000000000000000000 ) ) ;
#4692 = ORIENTED_EDGE ( 'NONE', *, *, #2534, .F. ) ;
#4693 = EDGE_CURVE ( 'NONE', #3, #1615, #2339, .T. ) ;
#4694 = ORIENTED_EDGE ( 'NONE', *, *, #639, .F. ) ;
#4695 = ORIENTED_EDGE ( 'NONE', *, *, #5497, .F. ) ;
#4696 = CARTESIAN_POINT ( 'NONE',  ( 125.0000000000001705, 603.0000000000003411, -18.49999999999997158 ) ) ;
#4697 = ORIENTED_EDGE ( 'NONE', *, *, #1720, .F. ) ;
#4698 = DIRECTION ( 'NONE',  ( 6.844255435263898992E-34, 0.000000000000000000, -1.000000000000000000 ) ) ;
#4699 = DIRECTION ( 'NONE',  ( 5.968940992608368126E-17, -1.000000000000000000, 3.271334946041490653E-50 ) ) ;
#4700 = EDGE_CURVE ( 'NONE', #636, #5041, #5816, .T. ) ;
#4701 = ORIENTED_EDGE ( 'NONE', *, *, #5435, .F. ) ;
#4702 = ORIENTED_EDGE ( 'NONE', *, *, #6200, .T. ) ;
#4703 = DIRECTION ( 'NONE',  ( 1.000000000000000000, 0.000000000000000000, 0.000000000000000000 ) ) ;
#4704 = DIRECTION ( 'NONE',  ( -1.000000000000000000, 0.000000000000000000, 0.000000000000000000 ) ) ;
#4705 = VECTOR ( 'NONE', #231, 1000.000000000000000 ) ;
#4706 = FACE_OUTER_BOUND ( 'NONE', #4635, .T. ) ;
#4707 = VECTOR ( 'NONE', #3999, 1000.000000000000000 ) ;
#4708 = DIRECTION ( 'NONE',  ( 1.000000000000000000, 0.000000000000000000, -0.000000000000000000 ) ) ;
#4709 = EDGE_CURVE ( 'NONE', #2872, #4323, #1803, .T. ) ;
#4710 = EDGE_CURVE ( 'NONE', #5587, #5383, #5844, .T. ) ;
#4711 = CARTESIAN_POINT ( 'NONE',  ( -117.0000000000000426, 465.0000000000000000, 30.00000000000000000 ) ) ;
#4712 = AXIS2_PLACEMENT_3D ( 'NONE', #3227, #2795, #6273 ) ;
#4713 = AXIS2_PLACEMENT_3D ( 'NONE', #706, #3162, #2201 ) ;
#4714 = LINE ( 'NONE', #72, #5247 ) ;
#4715 = LINE ( 'NONE', #169, #4077 ) ;
#4716 = ORIENTED_EDGE ( 'NONE', *, *, #5947, .F. ) ;
#4717 = DIRECTION ( 'NONE',  ( -6.844255435263898992E-34, 0.000000000000000000, 1.000000000000000000 ) ) ;
#4718 = LINE ( 'NONE', #6220, #3431 ) ;
#4719 = VECTOR ( 'NONE', #1617, 1000.000000000000000 ) ;
#4720 = AXIS2_PLACEMENT_3D ( 'NONE', #6064, #5577, #3082 ) ;
#4721 = ORIENTED_EDGE ( 'NONE', *, *, #481, .F. ) ;
#4722 = LINE ( 'NONE', #3863, #3038 ) ;
#4723 = AXIS2_PLACEMENT_3D ( 'NONE', #2076, #1150, #2611 ) ;
#4724 = AXIS2_PLACEMENT_3D ( 'NONE', #2862, #3365, #1704 ) ;
#4725 = CARTESIAN_POINT ( 'NONE',  ( 63.75000000000007105, 465.0000000000000000, 16.24999999999999289 ) ) ;
#4726 = ORIENTED_EDGE ( 'NONE', *, *, #241, .F. ) ;
#4727 = CARTESIAN_POINT ( 'NONE',  ( -63.99999999999990763, 12.00000000000000000, -95.00000000000000000 ) ) ;
#4728 = ORIENTED_EDGE ( 'NONE', *, *, #5597, .T. ) ;
#4729 = CIRCLE ( 'NONE', #1669, 3.999999999999989786 ) ;
#4730 = VECTOR ( 'NONE', #6324, 1000.000000000000000 ) ;
#4731 = ORIENTED_EDGE ( 'NONE', *, *, #3413, .F. ) ;
#4732 = EDGE_CURVE ( 'NONE', #774, #3262, #5328, .T. ) ;
#4733 = LINE ( 'NONE', #4303, #2412 ) ;
#4734 = ADVANCED_FACE ( 'NONE', ( #4344 ), #297, .T. ) ;
#4735 = ORIENTED_EDGE ( 'NONE', *, *, #5967, .F. ) ;
#4736 = CARTESIAN_POINT ( 'NONE',  ( 125.0000000000001705, 603.0000000000003411, 11.49999999999896438 ) ) ;
#4737 = FACE_OUTER_BOUND ( 'NONE', #1470, .T. ) ;
#4738 = ORIENTED_EDGE ( 'NONE', *, *, #141, .T. ) ;
#4739 = ORIENTED_EDGE ( 'NONE', *, *, #566, .F. ) ;
#4740 = CARTESIAN_POINT ( 'NONE',  ( 123.0000000000000568, 565.4342007203531466, -30.00000000000000000 ) ) ;
#4741 = CARTESIAN_POINT ( 'NONE',  ( -98.00000000000001421, 465.0000000000000000, 16.25000000000000000 ) ) ;
#4742 = ADVANCED_FACE ( 'NONE', ( #6338 ), #4316, .F. ) ;
#4743 = EDGE_CURVE ( 'NONE', #2928, #4682, #2834, .T. ) ;
#4744 = FACE_OUTER_BOUND ( 'NONE', #5180, .T. ) ;
#4745 = CARTESIAN_POINT ( 'NONE',  ( 63.75000000000007105, 465.0000000000000000, -20.00000000000000355 ) ) ;
#4746 = DIRECTION ( 'NONE',  ( 0.000000000000000000, 1.000000000000000000, 0.000000000000000000 ) ) ;
#4747 = CARTESIAN_POINT ( 'NONE',  ( -80.00000000000009948, 15.99999999999999645, 71.49999999999998579 ) ) ;
#4748 = CARTESIAN_POINT ( 'NONE',  ( -96.25000000000001421, 465.0000000000000000, 16.24999999999999289 ) ) ;
#4749 = EDGE_CURVE ( 'NONE', #4499, #4891, #3298, .T. ) ;
#4750 = ORIENTED_EDGE ( 'NONE', *, *, #6001, .F. ) ;
#4751 = CARTESIAN_POINT ( 'NONE',  ( 80.00000000000009948, -31.99999999999999289, -64.99999999999998579 ) ) ;
#4752 = EDGE_CURVE ( 'NONE', #6353, #2592, #1832, .T. ) ;
#4753 = LINE ( 'NONE', #4782, #2588 ) ;
#4754 = ORIENTED_EDGE ( 'NONE', *, *, #4112, .F. ) ;
#4755 = DIRECTION ( 'NONE',  ( -0.000000000000000000, -0.000000000000000000, -1.000000000000000000 ) ) ;
#4756 = LINE ( 'NONE', #2531, #4719 ) ;
#4757 = CARTESIAN_POINT ( 'NONE',  ( 63.99999999999990763, 12.00000000000000000, -95.00000000000000000 ) ) ;
#4758 = VERTEX_POINT ( 'NONE', #4217 ) ;
#4759 = FACE_OUTER_BOUND ( 'NONE', #5110, .T. ) ;
#4760 = EDGE_CURVE ( 'NONE', #4159, #1283, #1876, .T. ) ;
#4761 = DIRECTION ( 'NONE',  ( -0.000000000000000000, -0.000000000000000000, -1.000000000000000000 ) ) ;
#4762 = ORIENTED_EDGE ( 'NONE', *, *, #1587, .T. ) ;
#4763 = DIRECTION ( 'NONE',  ( -1.968757127242515241E-32, 0.000000000000000000, 1.000000000000000000 ) ) ;
#4764 = CARTESIAN_POINT ( 'NONE',  ( -98.00000000000001421, 465.0000000000000000, -16.25000000000000000 ) ) ;
#4765 = EDGE_LOOP ( 'NONE', ( #6330, #1317, #3931, #4198 ) ) ;
#4766 = LINE ( 'NONE', #2163, #5025 ) ;
#4767 = ORIENTED_EDGE ( 'NONE', *, *, #3314, .T. ) ;
#4768 = ORIENTED_EDGE ( 'NONE', *, *, #5616, .F. ) ;
#4769 = FACE_OUTER_BOUND ( 'NONE', #2178, .T. ) ;
#4770 = DIRECTION ( 'NONE',  ( -1.000000000000000000, 0.000000000000000000, 0.000000000000000000 ) ) ;
#4771 = VECTOR ( 'NONE', #1656, 1000.000000000000000 ) ;
#4772 = FACE_OUTER_BOUND ( 'NONE', #4367, .T. ) ;
#4773 = PLANE ( 'NONE',  #5628 ) ;
#4774 = AXIS2_PLACEMENT_3D ( 'NONE', #1254, #1744, #270 ) ;
#4775 = EDGE_CURVE ( 'NONE', #3095, #4660, #2919, .T. ) ;
#4776 = LINE ( 'NONE', #6279, #6275 ) ;
#4777 = CARTESIAN_POINT ( 'NONE',  ( 64.00000000000009948, 12.00000000000001599, -100.0000000000000000 ) ) ;
#4778 = CARTESIAN_POINT ( 'NONE',  ( 60.00000000000009237, 20.00000000000001776, 16.24999999999999289 ) ) ;
#4779 = CIRCLE ( 'NONE', #2148, 1.750000000000001554 ) ;
#4780 = ORIENTED_EDGE ( 'NONE', *, *, #6415, .T. ) ;
#4781 = DIRECTION ( 'NONE',  ( 6.844255435263898992E-34, 0.000000000000000000, -1.000000000000000000 ) ) ;
#4782 = CARTESIAN_POINT ( 'NONE',  ( 80.00000000000009948, -31.99999999999999289, 64.99999999999998579 ) ) ;
#4783 = ADVANCED_FACE ( 'NONE', ( #6246 ), #1739, .T. ) ;
#4784 = EDGE_LOOP ( 'NONE', ( #3913, #5091, #3487, #3369 ) ) ;
#4785 = CYLINDRICAL_SURFACE ( 'NONE', #2403, 4.000000000000003553 ) ;
#4786 = AXIS2_PLACEMENT_3D ( 'NONE', #4674, #650, #261 ) ;
#4787 = DIRECTION ( 'NONE',  ( 0.000000000000000000, 0.000000000000000000, 1.000000000000000000 ) ) ;
#4788 = FACE_OUTER_BOUND ( 'NONE', #6111, .T. ) ;
#4789 = ORIENTED_EDGE ( 'NONE', *, *, #1112, .T. ) ;
#4790 = DIRECTION ( 'NONE',  ( 1.000000000000000000, 0.000000000000000000, 0.000000000000000000 ) ) ;
#4791 = CARTESIAN_POINT ( 'NONE',  ( 63.99999999999990763, 12.00000000000000000, -95.00000000000000000 ) ) ;
#4792 = VECTOR ( 'NONE', #5174, 1000.000000000000000 ) ;
#4793 = CIRCLE ( 'NONE', #1733, 3.750000000000003553 ) ;
#4794 = ORIENTED_EDGE ( 'NONE', *, *, #6070, .F. ) ;
#4795 = EDGE_CURVE ( 'NONE', #526, #1481, #4776, .T. ) ;
#4796 = EDGE_CURVE ( 'NONE', #3275, #3489, #1774, .T. ) ;
#4797 = AXIS2_PLACEMENT_3D ( 'NONE', #3297, #5295, #3232 ) ;
#4798 = VECTOR ( 'NONE', #5448, 1000.000000000000000 ) ;
#4799 = FACE_OUTER_BOUND ( 'NONE', #1691, .T. ) ;
#4800 = CARTESIAN_POINT ( 'NONE',  ( -59.99999999999991473, -20.00000000000000000, -16.24999999999999289 ) ) ;
#4801 = ORIENTED_EDGE ( 'NONE', *, *, #5712, .T. ) ;
#4802 = VECTOR ( 'NONE', #5786, 1000.000000000000000 ) ;
#4803 = EDGE_LOOP ( 'NONE', ( #1061, #6474, #2096, #4599, #4337, #3237 ) ) ;
#4804 = ORIENTED_EDGE ( 'NONE', *, *, #2052, .T. ) ;
#4805 = CARTESIAN_POINT ( 'NONE',  ( 63.99999999999990763, 12.00000000000000000, 95.00000000000000000 ) ) ;
#4806 = LINE ( 'NONE', #3294, #2473 ) ;
#4807 = DIRECTION ( 'NONE',  ( 1.968757127242515241E-32, 0.000000000000000000, -1.000000000000000000 ) ) ;
#4808 = CARTESIAN_POINT ( 'NONE',  ( 115.1197562627544073, 564.0551580663352524, -30.00000000000000000 ) ) ;
#4809 = CARTESIAN_POINT ( 'NONE',  ( 67.99999999999990052, -16.00000000000000000, -95.00000000000000000 ) ) ;
#4810 = EDGE_CURVE ( 'NONE', #444, #4448, #2897, .T. ) ;
#4811 = CARTESIAN_POINT ( 'NONE',  ( -96.25000000000001421, 465.0000000000000000, -16.25000000000000000 ) ) ;
#4812 = DIRECTION ( 'NONE',  ( -1.000000000000000000, 2.775557561562888886E-16, 0.000000000000000000 ) ) ;
#4813 = AXIS2_PLACEMENT_3D ( 'NONE', #5184, #3467, #183 ) ;
#4814 = ORIENTED_EDGE ( 'NONE', *, *, #1360, .F. ) ;
#4815 = DIRECTION ( 'NONE',  ( -1.000000000000000000, 0.000000000000000000, 0.000000000000000000 ) ) ;
#4816 = ADVANCED_FACE ( 'NONE', ( #6015 ), #4873, .T. ) ;
#4817 = DIRECTION ( 'NONE',  ( -0.000000000000000000, -0.000000000000000000, -1.000000000000000000 ) ) ;
#4818 = AXIS2_PLACEMENT_3D ( 'NONE', #3915, #5422, #4370 ) ;
#4819 = ORIENTED_EDGE ( 'NONE', *, *, #249, .T. ) ;
#4820 = LINE ( 'NONE', #308, #1027 ) ;
#4821 = DIRECTION ( 'NONE',  ( 2.387576397043347250E-16, -1.000000000000000000, 3.566332975710173193E-48 ) ) ;
#4822 = LINE ( 'NONE', #5210, #2423 ) ;
#4823 = AXIS2_PLACEMENT_3D ( 'NONE', #1494, #1125, #5151 ) ;
#4824 = VERTEX_POINT ( 'NONE', #4019 ) ;
#4825 = DIRECTION ( 'NONE',  ( 1.000000000000000000, 2.775557561562888886E-16, -0.000000000000000000 ) ) ;
#4826 = CIRCLE ( 'NONE', #5134, 15.00000000000000000 ) ;
#4827 = EDGE_CURVE ( 'NONE', #3083, #2564, #973, .T. ) ;
#4828 = DIRECTION ( 'NONE',  ( 1.000000000000000000, 0.000000000000000000, 0.000000000000000000 ) ) ;
#4829 = AXIS2_PLACEMENT_3D ( 'NONE', #4863, #833, #1725 ) ;
#4830 = ORIENTED_EDGE ( 'NONE', *, *, #2704, .F. ) ;
#4831 = AXIS2_PLACEMENT_3D ( 'NONE', #1784, #1259, #4353 ) ;
#4832 = CARTESIAN_POINT ( 'NONE',  ( -117.0000000000000426, 465.0000000000000000, -30.00000000000000000 ) ) ;
#4833 = CARTESIAN_POINT ( 'NONE',  ( 115.1197562627544073, 564.0551580663352524, 30.00000000000000000 ) ) ;
#4834 = EDGE_LOOP ( 'NONE', ( #2825, #2480 ) ) ;
#4835 = VECTOR ( 'NONE', #3138, 1000.000000000000000 ) ;
#4836 = EDGE_CURVE ( 'NONE', #4252, #772, #5000, .T. ) ;
#4837 = CIRCLE ( 'NONE', #2418, 3.750000000000004885 ) ;
#4838 = ORIENTED_EDGE ( 'NONE', *, *, #5576, .T. ) ;
#4839 = EDGE_LOOP ( 'NONE', ( #66, #6157, #6264, #957 ) ) ;
#4840 = DIRECTION ( 'NONE',  ( 1.000000000000000000, 0.000000000000000000, 0.000000000000000000 ) ) ;
#4842 = AXIS2_PLACEMENT_3D ( 'NONE', #6159, #5922, #1813 ) ;
#4841 = DIRECTION ( 'NONE',  ( -0.1723803317522496770, -0.9850304671557039704, 0.000000000000000000 ) ) ;
#4843 = LINE ( 'NONE', #3422, #1724 ) ;
#4844 = EDGE_CURVE ( 'NONE', #1723, #2886, #5986, .T. ) ;
#4845 = CARTESIAN_POINT ( 'NONE',  ( -118.0000000000000000, 615.0000000000001137, 19.99999999999999645 ) ) ;
#4846 = AXIS2_PLACEMENT_3D ( 'NONE', #984, #106, #4620 ) ;
#4847 = DIRECTION ( 'NONE',  ( 1.000000000000000000, 0.000000000000000000, 0.000000000000000000 ) ) ;
#4848 = LINE ( 'NONE', #5817, #6182 ) ;
#4849 = DIRECTION ( 'NONE',  ( 2.387576397043347250E-16, -1.000000000000000000, 3.566332975710173193E-48 ) ) ;
#4850 = ORIENTED_EDGE ( 'NONE', *, *, #4058, .F. ) ;
#4851 = CYLINDRICAL_SURFACE ( 'NONE', #6135, 3.500000000000003109 ) ;
#4852 = DIRECTION ( 'NONE',  ( 1.000000000000000000, 0.000000000000000000, 0.000000000000000000 ) ) ;
#4853 = DIRECTION ( 'NONE',  ( -1.000000000000000000, 0.000000000000000000, 0.000000000000000000 ) ) ;
#4854 = DIRECTION ( 'NONE',  ( 0.000000000000000000, 0.000000000000000000, -1.000000000000000000 ) ) ;
#4855 = DIRECTION ( 'NONE',  ( 0.000000000000000000, 0.000000000000000000, -1.000000000000000000 ) ) ;
#4856 = ORIENTED_EDGE ( 'NONE', *, *, #3112, .T. ) ;
#4857 = DIRECTION ( 'NONE',  ( -0.000000000000000000, -0.000000000000000000, -1.000000000000000000 ) ) ;
#4858 = ORIENTED_EDGE ( 'NONE', *, *, #366, .T. ) ;
#4859 = CARTESIAN_POINT ( 'NONE',  ( 92.00000000000009948, 20.00000000000001421, 100.0000000000000000 ) ) ;
#4860 = ORIENTED_EDGE ( 'NONE', *, *, #5205, .T. ) ;
#4861 = ADVANCED_FACE ( 'NONE', ( #2501 ), #4968, .T. ) ;
#4862 = DIRECTION ( 'NONE',  ( 0.000000000000000000, 1.000000000000000000, 0.000000000000000000 ) ) ;
#4863 = CARTESIAN_POINT ( 'NONE',  ( -80.00000000000009948, -20.00000000000003553, 79.99999999999998579 ) ) ;
#4864 = VERTEX_POINT ( 'NONE', #1007 ) ;
#4865 = ORIENTED_EDGE ( 'NONE', *, *, #2216, .T. ) ;
#4866 = ORIENTED_EDGE ( 'NONE', *, *, #2893, .T. ) ;
#4867 = EDGE_CURVE ( 'NONE', #1009, #5775, #6166, .T. ) ;
#4868 = CARTESIAN_POINT ( 'NONE',  ( -96.25000000000001421, 465.0000000000000000, -18.00000000000000355 ) ) ;
#4869 = EDGE_CURVE ( 'NONE', #2097, #5610, #6065, .T. ) ;
#4870 = DIRECTION ( 'NONE',  ( 2.775557561562888886E-16, 1.000000000000000000, 0.000000000000000000 ) ) ;
#4871 = FACE_OUTER_BOUND ( 'NONE', #5935, .T. ) ;
#4872 = DIRECTION ( 'NONE',  ( 6.844255435263898992E-34, 0.000000000000000000, -1.000000000000000000 ) ) ;
#4873 = CYLINDRICAL_SURFACE ( 'NONE', #4494, 4.000000000000003553 ) ;
#4874 = AXIS2_PLACEMENT_3D ( 'NONE', #964, #2454, #2955 ) ;
#4875 = ADVANCED_FACE ( 'NONE', ( #4444 ), #910, .T. ) ;
#4876 = EDGE_CURVE ( 'NONE', #4068, #3845, #4377, .T. ) ;
#4877 = FACE_OUTER_BOUND ( 'NONE', #5830, .T. ) ;
#4878 = DIRECTION ( 'NONE',  ( 1.000000000000000000, 0.000000000000000000, -6.844255435263898992E-34 ) ) ;
#4879 = ORIENTED_EDGE ( 'NONE', *, *, #3732, .T. ) ;
#4880 = CARTESIAN_POINT ( 'NONE',  ( 98.00000000000007105, 465.0000000000000000, 16.25000000000000000 ) ) ;
#4881 = CARTESIAN_POINT ( 'NONE',  ( 92.00000000000009948, 12.00000000000001954, -100.0000000000000000 ) ) ;
#4882 = VECTOR ( 'NONE', #2420, 1000.000000000000000 ) ;
#4883 = DIRECTION ( 'NONE',  ( 0.000000000000000000, 0.000000000000000000, 1.000000000000000000 ) ) ;
#4884 = CARTESIAN_POINT ( 'NONE',  ( 117.0000000000001563, 473.0000000000001137, 30.00000000000000000 ) ) ;
#4885 = LINE ( 'NONE', #5403, #4315 ) ;
#4886 = VERTEX_POINT ( 'NONE', #3396 ) ;
#4887 = DIRECTION ( 'NONE',  ( 0.000000000000000000, 0.000000000000000000, -1.000000000000000000 ) ) ;
#4888 = LINE ( 'NONE', #378, #5360 ) ;
#4889 = DIRECTION ( 'NONE',  ( 0.000000000000000000, 1.000000000000000000, 0.000000000000000000 ) ) ;
#4890 = AXIS2_PLACEMENT_3D ( 'NONE', #1043, #56, #2961 ) ;
#4891 = VERTEX_POINT ( 'NONE', #2967 ) ;
#4892 = VECTOR ( 'NONE', #4568, 1000.000000000000000 ) ;
#4893 = LINE ( 'NONE', #6300, #830 ) ;
#4894 = CARTESIAN_POINT ( 'NONE',  ( 80.00000000000009948, -20.00000000000003553, 88.50000000000000000 ) ) ;
#4895 = ORIENTED_EDGE ( 'NONE', *, *, #1041, .T. ) ;
#4896 = EDGE_CURVE ( 'NONE', #5482, #5675, #2293, .T. ) ;
#4897 = EDGE_LOOP ( 'NONE', ( #6419, #5643, #2154, #5282 ) ) ;
#4898 = ORIENTED_EDGE ( 'NONE', *, *, #718, .T. ) ;
#4899 = CYLINDRICAL_SURFACE ( 'NONE', #188, 8.000000000000000000 ) ;
#4900 = COORDINATED_UNIVERSAL_TIME_OFFSET ( 8, 0, .AHEAD. ) ;
#4901 = AXIS2_PLACEMENT_3D ( 'NONE', #459, #365, #916 ) ;
#4902 = CYLINDRICAL_SURFACE ( 'NONE', #5409, 8.500000000000007105 ) ;
#4903 = EDGE_CURVE ( 'NONE', #1547, #6389, #4906, .T. ) ;
#4904 = LINE ( 'NONE', #387, #3249 ) ;
#4905 = ORIENTED_EDGE ( 'NONE', *, *, #7, .T. ) ;
#4906 = LINE ( 'NONE', #390, #5963 ) ;
#4907 = PLANE ( 'NONE',  #4095 ) ;
#4908 = DIRECTION ( 'NONE',  ( -1.968757127242515241E-32, 0.000000000000000000, 1.000000000000000000 ) ) ;
#4909 = VERTEX_POINT ( 'NONE', #454 ) ;
#4910 = CARTESIAN_POINT ( 'NONE',  ( 100.0000000000000995, 12.00000000000001599, 100.0000000000000000 ) ) ;
#4911 = LINE ( 'NONE', #5398, #3956 ) ;
#4912 = EDGE_CURVE ( 'NONE', #2485, #4207, #2401, .T. ) ;
#4913 = EDGE_CURVE ( 'NONE', #2194, #6466, #392, .T. ) ;
#4914 = CARTESIAN_POINT ( 'NONE',  ( -99.99999999999991473, 11.99999999999999645, 100.0000000000000000 ) ) ;
#4915 = DIRECTION ( 'NONE',  ( 0.000000000000000000, 0.000000000000000000, -1.000000000000000000 ) ) ;
#4916 = FACE_OUTER_BOUND ( 'NONE', #1088, .T. ) ;
#4917 = ORIENTED_EDGE ( 'NONE', *, *, #6384, .F. ) ;
#4918 = DIRECTION ( 'NONE',  ( 0.000000000000000000, 1.000000000000000000, 0.000000000000000000 ) ) ;
#4919 = DIRECTION ( 'NONE',  ( 0.000000000000000000, 0.000000000000000000, -1.000000000000000000 ) ) ;
#4920 = PLANE ( 'NONE',  #3742 ) ;
#4921 = AXIS2_PLACEMENT_3D ( 'NONE', #98, #3694, #5684 ) ;
#4922 = EDGE_CURVE ( 'NONE', #725, #3418, #3027, .T. ) ;
#4923 = EDGE_LOOP ( 'NONE', ( #3488, #3140, #3080, #4488 ) ) ;
#4924 = VECTOR ( 'NONE', #6210, 1000.000000000000000 ) ;
#4925 = EDGE_LOOP ( 'NONE', ( #4998, #5910, #3183, #2746 ) ) ;
#4926 = DIRECTION ( 'NONE',  ( -1.000000000000000000, 0.000000000000000000, 0.000000000000000000 ) ) ;
#4927 = ORIENTED_EDGE ( 'NONE', *, *, #5225, .T. ) ;
#4928 = VECTOR ( 'NONE', #1652, 1000.000000000000000 ) ;
#4929 = VECTOR ( 'NONE', #2139, 1000.000000000000000 ) ;
#4930 = CC_DESIGN_PERSON_AND_ORGANIZATION_ASSIGNMENT ( #3522, #6366, ( #678 ) ) ;
#4931 = EDGE_LOOP ( 'NONE', ( #140, #4376, #3550, #1325 ) ) ;
#4932 = EDGE_LOOP ( 'NONE', ( #4695, #4289, #6072, #6086 ) ) ;
#4933 = PLANE ( 'NONE',  #4396 ) ;
#4934 = CARTESIAN_POINT ( 'NONE',  ( -99.99999999999990052, -12.00000000000000000, -100.0000000000000000 ) ) ;
#4935 = CARTESIAN_POINT ( 'NONE',  ( -125.0000000000000284, 525.0000000000001137, 30.00000000000000000 ) ) ;
#4936 = ORIENTED_EDGE ( 'NONE', *, *, #1483, .F. ) ;
#4937 = VERTEX_POINT ( 'NONE', #1437 ) ;
#4938 = DIRECTION ( 'NONE',  ( -1.000000000000000000, -1.224646799147353207E-16, -0.000000000000000000 ) ) ;
#4939 = EDGE_CURVE ( 'NONE', #6452, #677, #3463, .T. ) ;
#4940 = CARTESIAN_POINT ( 'NONE',  ( -123.0000000000000000, 565.4342007203525782, 30.00000000000000000 ) ) ;
#4941 = DIRECTION ( 'NONE',  ( -1.000000000000000000, 0.000000000000000000, -1.968757127242515241E-32 ) ) ;
#4942 = VERTEX_POINT ( 'NONE', #4479 ) ;
#4943 = CARTESIAN_POINT ( 'NONE',  ( -63.75000000000001421, 465.0000000000000000, 16.24999999999999289 ) ) ;
#4944 = AXIS2_PLACEMENT_3D ( 'NONE', #4260, #4292, #661 ) ;
#4945 = PLANE ( 'NONE',  #789 ) ;
#4946 = CARTESIAN_POINT ( 'NONE',  ( -95.99999999999990052, 11.99999999999999822, 0.000000000000000000 ) ) ;
#4947 = EDGE_CURVE ( 'NONE', #4142, #2625, #6475, .T. ) ;
#4948 = CARTESIAN_POINT ( 'NONE',  ( 67.99999999999991473, 12.00000000000000000, -100.0000000000000000 ) ) ;
#4949 = EDGE_CURVE ( 'NONE', #6452, #4073, #701, .T. ) ;
#4950 = CARTESIAN_POINT ( 'NONE',  ( -59.99999999999991473, -16.24999999999999645, -16.25000000000000000 ) ) ;
#4951 = ORIENTED_EDGE ( 'NONE', *, *, #6427, .T. ) ;
#4952 = DIRECTION ( 'NONE',  ( 0.000000000000000000, 3.160343196191257749E-48, 1.000000000000000000 ) ) ;
#4953 = DIRECTION ( 'NONE',  ( 2.775557561562888886E-16, -1.000000000000000000, 0.000000000000000000 ) ) ;
#4954 = DIRECTION ( 'NONE',  ( -0.000000000000000000, 7.456161113735056834E-51, 1.000000000000000000 ) ) ;
#4955 = ORIENTED_EDGE ( 'NONE', *, *, #5740, .T. ) ;
#4956 = EDGE_CURVE ( 'NONE', #6208, #1201, #1668, .T. ) ;
#4957 = ORIENTED_EDGE ( 'NONE', *, *, #843, .T. ) ;
#4958 = DIRECTION ( 'NONE',  ( 5.968940992608368126E-17, -1.000000000000000000, 3.271334946041490653E-50 ) ) ;
#4959 = ORIENTED_EDGE ( 'NONE', *, *, #6384, .T. ) ;
#4960 = ORIENTED_EDGE ( 'NONE', *, *, #4014, .F. ) ;
#4961 = EDGE_LOOP ( 'NONE', ( #3683, #4134, #5543, #5871 ) ) ;
#4962 = LINE ( 'NONE', #4992, #6380 ) ;
#4963 = FACE_OUTER_BOUND ( 'NONE', #3803, .T. ) ;
#4964 = DIRECTION ( 'NONE',  ( 0.000000000000000000, 0.000000000000000000, -1.000000000000000000 ) ) ;
#4965 = CARTESIAN_POINT ( 'NONE',  ( -125.0000000000000568, 473.0000000000000568, 30.00000000000000000 ) ) ;
#4966 = ORIENTED_EDGE ( 'NONE', *, *, #6223, .F. ) ;
#4967 = ORIENTED_EDGE ( 'NONE', *, *, #1383, .F. ) ;
#4968 = PLANE ( 'NONE',  #1439 ) ;
#4969 = DIRECTION ( 'NONE',  ( -1.968757127242515241E-32, 0.000000000000000000, 1.000000000000000000 ) ) ;
#4970 = ORIENTED_EDGE ( 'NONE', *, *, #1570, .F. ) ;
#4971 = FACE_OUTER_BOUND ( 'NONE', #3069, .T. ) ;
#4972 = LINE ( 'NONE', #5917, #4162 ) ;
#4973 = EDGE_CURVE ( 'NONE', #5396, #5413, #4175, .T. ) ;
#4974 = DIRECTION ( 'NONE',  ( 1.000000000000000000, 2.775557561562888886E-16, -0.000000000000000000 ) ) ;
#4975 = LINE ( 'NONE', #462, #3673 ) ;
#4976 = DIRECTION ( 'NONE',  ( -1.000000000000000000, -0.000000000000000000, -0.000000000000000000 ) ) ;
#4977 = AXIS2_PLACEMENT_3D ( 'NONE', #4133, #539, #5579 ) ;
#4978 = ORIENTED_EDGE ( 'NONE', *, *, #5556, .F. ) ;
#4979 = LINE ( 'NONE', #3867, #4354 ) ;
#4980 = CARTESIAN_POINT ( 'NONE',  ( 117.0000000000001563, 473.0000000000001137, 30.00000000000000000 ) ) ;
#4981 = CARTESIAN_POINT ( 'NONE',  ( -117.9999999999998295, 603.0000000000003411, 14.99999999999896971 ) ) ;
#4982 = ORIENTED_EDGE ( 'NONE', *, *, #6415, .F. ) ;
#4983 = VECTOR ( 'NONE', #3343, 1000.000000000000000 ) ;
#4984 = ORIENTED_EDGE ( 'NONE', *, *, #5702, .F. ) ;
#4985 = LINE ( 'NONE', #5380, #769 ) ;
#4986 = ORIENTED_EDGE ( 'NONE', *, *, #4633, .T. ) ;
#4987 = AXIS2_PLACEMENT_3D ( 'NONE', #2107, #4119, #6116 ) ;
#4988 = EDGE_CURVE ( 'NONE', #5897, #5079, #3561, .T. ) ;
#4989 = ADVANCED_FACE ( 'NONE', ( #3166 ), #2538, .T. ) ;
#4990 = ORIENTED_EDGE ( 'NONE', *, *, #3094, .F. ) ;
#4991 = EDGE_LOOP ( 'NONE', ( #500, #1118, #667, #5781 ) ) ;
#4992 = CARTESIAN_POINT ( 'NONE',  ( -114.9999999999999858, 565.4342007203525782, 30.00000000000000000 ) ) ;
#4993 = AXIS2_PLACEMENT_3D ( 'NONE', #5877, #4409, #2830 ) ;
#4994 = PLANE ( 'NONE',  #4580 ) ;
#4995 = CARTESIAN_POINT ( 'NONE',  ( 80.00000000000009948, -19.99999999999998224, -16.24999999999999289 ) ) ;
#4996 = CARTESIAN_POINT ( 'NONE',  ( -63.99999999999990763, -12.00000000000000000, -95.00000000000000000 ) ) ;
#4997 = AXIS2_PLACEMENT_3D ( 'NONE', #4491, #4889, #3969 ) ;
#4998 = ORIENTED_EDGE ( 'NONE', *, *, #798, .F. ) ;
#4999 = EDGE_LOOP ( 'NONE', ( #1491, #5996 ) ) ;
#5000 = LINE ( 'NONE', #2004, #2710 ) ;
#5001 = CARTESIAN_POINT ( 'NONE',  ( 91.99999999999990052, 12.00000000000000000, -95.00000000000000000 ) ) ;
#5002 = CIRCLE ( 'NONE', #273, 7.999999999999992895 ) ;
#5003 = ORIENTED_EDGE ( 'NONE', *, *, #4431, .T. ) ;
#5004 = PLANE ( 'NONE',  #3417 ) ;
#5005 = CARTESIAN_POINT ( 'NONE',  ( -62.00000000000001421, 465.0000000000000000, -16.25000000000000000 ) ) ;
#5006 = EDGE_CURVE ( 'NONE', #3048, #382, #5069, .T. ) ;
#5007 = CARTESIAN_POINT ( 'NONE',  ( -95.99999999999990052, -11.99999999999999645, -100.0000000000000000 ) ) ;
#5008 = CARTESIAN_POINT ( 'NONE',  ( -67.99999999999990052, 16.00000000000000000, -100.0000000000000000 ) ) ;
#5009 = LINE ( 'NONE', #594, #3693 ) ;
#5010 = ADVANCED_FACE ( 'NONE', ( #4670, #2603 ), #27, .T. ) ;
#5011 = ORIENTED_EDGE ( 'NONE', *, *, #4673, .F. ) ;
#5012 = DIRECTION ( 'NONE',  ( -2.775557561562888886E-16, -1.000000000000000000, 0.000000000000000000 ) ) ;
#5013 = LINE ( 'NONE', #2978, #3266 ) ;
#5014 = DIRECTION ( 'NONE',  ( -0.000000000000000000, -0.000000000000000000, 1.000000000000000000 ) ) ;
#5015 = ORIENTED_EDGE ( 'NONE', *, *, #3393, .F. ) ;
#5016 = DIRECTION ( 'NONE',  ( 1.000000000000000000, 0.000000000000000000, 0.000000000000000000 ) ) ;
#5017 = EDGE_CURVE ( 'NONE', #1985, #5019, #6048, .T. ) ;
#5018 = VECTOR ( 'NONE', #1374, 1000.000000000000000 ) ;
#5019 = VERTEX_POINT ( 'NONE', #5560 ) ;
#5020 = CARTESIAN_POINT ( 'NONE',  ( -96.25000000000001421, 465.0000000000000000, -18.00000000000000355 ) ) ;
#5021 = AXIS2_PLACEMENT_3D ( 'NONE', #2612, #463, #4487 ) ;
#5022 = ORIENTED_EDGE ( 'NONE', *, *, #2619, .F. ) ;
#5023 = ORIENTED_EDGE ( 'NONE', *, *, #1561, .F. ) ;
#5024 = VECTOR ( 'NONE', #2431, 1000.000000000000000 ) ;
#5025 = VECTOR ( 'NONE', #4209, 1000.000000000000000 ) ;
#5026 = ORIENTED_EDGE ( 'NONE', *, *, #5751, .F. ) ;
#5027 = DIRECTION ( 'NONE',  ( 0.000000000000000000, 0.000000000000000000, 1.000000000000000000 ) ) ;
#5028 = EDGE_CURVE ( 'NONE', #2515, #4211, #5131, .T. ) ;
#5029 = EDGE_CURVE ( 'NONE', #2595, #2956, #3065, .T. ) ;
#5030 = AXIS2_PLACEMENT_3D ( 'NONE', #6024, #9, #530 ) ;
#5031 = CARTESIAN_POINT ( 'NONE',  ( 67.99999999999990052, -16.00000000000000000, 95.00000000000000000 ) ) ;
#5032 = VECTOR ( 'NONE', #2669, 1000.000000000000000 ) ;
#5033 = DIRECTION ( 'NONE',  ( -1.000000000000000000, -0.000000000000000000, -0.000000000000000000 ) ) ;
#5034 = VERTEX_POINT ( 'NONE', #4051 ) ;
#5035 = ORIENTED_EDGE ( 'NONE', *, *, #1483, .T. ) ;
#5036 = CARTESIAN_POINT ( 'NONE',  ( -96.25000000000001421, 465.0000000000000000, 16.24999999999999289 ) ) ;
#5037 = VECTOR ( 'NONE', #4480, 1000.000000000000000 ) ;
#5038 = AXIS2_PLACEMENT_3D ( 'NONE', #2020, #4036, #6036 ) ;
#5039 = DIRECTION ( 'NONE',  ( 1.224646799147353207E-16, -1.000000000000000000, 2.899348569094233810E-49 ) ) ;
#5040 = EDGE_CURVE ( 'NONE', #3275, #1797, #3031, .T. ) ;
#5041 = VERTEX_POINT ( 'NONE', #6143 ) ;
#5042 = CARTESIAN_POINT ( 'NONE',  ( 68.00000000000008527, 16.00000000000002132, -100.0000000000000000 ) ) ;
#5043 = CARTESIAN_POINT ( 'NONE',  ( 121.9251523357786198, 525.1671805061970417, 30.00000000000000000 ) ) ;
#5044 = VECTOR ( 'NONE', #5101, 1000.000000000000000 ) ;
#5045 = CLOSED_SHELL ( 'NONE', ( #3632, #5386, #2905, #5010, #3428, #197 ) ) ;
#5046 = DIRECTION ( 'NONE',  ( 5.968940992608368126E-17, -1.000000000000000000, 3.271334946041490653E-50 ) ) ;
#5047 = CARTESIAN_POINT ( 'NONE',  ( 121.9251523357786198, 525.1671805061970417, 30.00000000000000000 ) ) ;
#5048 = DIRECTION ( 'NONE',  ( -2.387576397043347250E-16, 1.000000000000000000, -1.532218811828647824E-49 ) ) ;
#5049 = AXIS2_PLACEMENT_3D ( 'NONE', #4588, #4099, #1059 ) ;
#5050 = ORIENTED_EDGE ( 'NONE', *, *, #1500, .T. ) ;
#5051 = DIRECTION ( 'NONE',  ( 1.968757127242515241E-32, 0.000000000000000000, -1.000000000000000000 ) ) ;
#5052 = DIRECTION ( 'NONE',  ( -1.000000000000000000, 0.000000000000000000, 0.000000000000000000 ) ) ;
#5053 = DIRECTION ( 'NONE',  ( -1.000000000000000000, -1.224646799147353207E-16, -0.000000000000000000 ) ) ;
#5054 = VERTEX_POINT ( 'NONE', #3659 ) ;
#5055 = CARTESIAN_POINT ( 'NONE',  ( 80.00000000000009948, -31.99999999999999289, 86.99999999999998579 ) ) ;
#5056 = VERTEX_POINT ( 'NONE', #5651 ) ;
#5057 = LINE ( 'NONE', #2057, #1081 ) ;
#5058 = ORIENTED_EDGE ( 'NONE', *, *, #1445, .T. ) ;
#5059 = EDGE_CURVE ( 'NONE', #6209, #4598, #2566, .T. ) ;
#5060 = ORIENTED_EDGE ( 'NONE', *, *, #6299, .F. ) ;
#5061 = ORIENTED_EDGE ( 'NONE', *, *, #2806, .T. ) ;
#5062 = DIRECTION ( 'NONE',  ( -0.000000000000000000, -1.000000000000000000, -0.000000000000000000 ) ) ;
#5063 = PLANE ( 'NONE',  #1622 ) ;
#5064 = LINE ( 'NONE', #518, #2083 ) ;
#5065 = EDGE_CURVE ( 'NONE', #2102, #341, #1970, .T. ) ;
#5066 = ORIENTED_EDGE ( 'NONE', *, *, #5173, .F. ) ;
#5067 = EDGE_CURVE ( 'NONE', #5121, #1956, #4644, .T. ) ;
#5068 = ORIENTED_EDGE ( 'NONE', *, *, #1366, .T. ) ;
#5069 = LINE ( 'NONE', #4543, #1861 ) ;
#5070 = CARTESIAN_POINT ( 'NONE',  ( 80.00000000000009948, -31.99999999999999289, 79.99999999999998579 ) ) ;
#5071 = ORIENTED_EDGE ( 'NONE', *, *, #1828, .F. ) ;
#5072 = LINE ( 'NONE', #6087, #2038 ) ;
#5073 = PLANE ( 'NONE',  #5211 ) ;
#5074 = ADVANCED_FACE ( 'NONE', ( #159 ), #6113, .F. ) ;
#5075 = ADVANCED_FACE ( 'NONE', ( #3599 ), #5589, .T. ) ;
#5076 = FACE_OUTER_BOUND ( 'NONE', #2428, .T. ) ;
#5077 = LINE ( 'NONE', #593, #4835 ) ;
#5078 = LINE ( 'NONE', #494, #5332 ) ;
#5079 = VERTEX_POINT ( 'NONE', #5264 ) ;
#5080 = DIRECTION ( 'NONE',  ( 0.000000000000000000, -1.000000000000000000, 0.000000000000000000 ) ) ;
#5081 = CYLINDRICAL_SURFACE ( 'NONE', #1147, 6.999999999999992006 ) ;
#5082 = DIRECTION ( 'NONE',  ( -6.844255435263898992E-34, 0.000000000000000000, 1.000000000000000000 ) ) ;
#5083 = VERTEX_POINT ( 'NONE', #1825 ) ;
#5084 = AXIS2_PLACEMENT_3D ( 'NONE', #5251, #3775, #5281 ) ;
#5085 = LINE ( 'NONE', #569, #5138 ) ;
#5086 = ORIENTED_EDGE ( 'NONE', *, *, #997, .F. ) ;
#5087 = DIRECTION ( 'NONE',  ( 2.775557561562888886E-16, -1.000000000000000000, 0.000000000000000000 ) ) ;
#5088 = VERTEX_POINT ( 'NONE', #4805 ) ;
#5089 = CIRCLE ( 'NONE', #4774, 3.500000000000058620 ) ;
#5090 = ORIENTED_EDGE ( 'NONE', *, *, #5029, .F. ) ;
#5091 = ORIENTED_EDGE ( 'NONE', *, *, #1750, .F. ) ;
#5092 = CIRCLE ( 'NONE', #3527, 3.750000000000003553 ) ;
#5093 = CYLINDRICAL_SURFACE ( 'NONE', #5770, 6.999999999999992006 ) ;
#5094 = ADVANCED_FACE ( 'NONE', ( #4339 ), #679, .T. ) ;
#5095 = DIRECTION ( 'NONE',  ( -0.000000000000000000, -0.000000000000000000, -1.000000000000000000 ) ) ;
#5096 = DIRECTION ( 'NONE',  ( -0.000000000000000000, 0.000000000000000000, -1.000000000000000000 ) ) ;
#5097 = ORIENTED_EDGE ( 'NONE', *, *, #3229, .F. ) ;
#5098 = CIRCLE ( 'NONE', #3107, 15.00000000000000000 ) ;
#5099 = ORIENTED_EDGE ( 'NONE', *, *, #2367, .T. ) ;
#5100 = CARTESIAN_POINT ( 'NONE',  ( -63.75000000000001421, 465.0000000000000000, -17.99999999999999645 ) ) ;
#5101 = DIRECTION ( 'NONE',  ( 0.000000000000000000, -3.160343196191257749E-48, -1.000000000000000000 ) ) ;
#5102 = EDGE_CURVE ( 'NONE', #3648, #4564, #1654, .T. ) ;
#5103 = CARTESIAN_POINT ( 'NONE',  ( 117.0000000000001563, 465.0000000000000568, 30.00000000000000000 ) ) ;
#5104 = DIRECTION ( 'NONE',  ( 0.000000000000000000, 0.000000000000000000, 1.000000000000000000 ) ) ;
#5105 = LOCAL_TIME ( 15, 28, 14.00000000000000000, #4900 ) ;
#5106 = CARTESIAN_POINT ( 'NONE',  ( -67.99999999999991473, -12.00000000000000000, -95.00000000000000000 ) ) ;
#5107 = AXIS2_PLACEMENT_3D ( 'NONE', #198, #2272, #2310 ) ;
#5108 = DIRECTION ( 'NONE',  ( 0.000000000000000000, 0.000000000000000000, -1.000000000000000000 ) ) ;
#5109 = DIRECTION ( 'NONE',  ( 4.625929269271477039E-16, 1.000000000000000000, 0.000000000000000000 ) ) ;
#5110 = EDGE_LOOP ( 'NONE', ( #114, #3087, #735, #1141 ) ) ;
#5111 = CYLINDRICAL_SURFACE ( 'NONE', #354, 3.750000000000004885 ) ;
#5112 = EDGE_CURVE ( 'NONE', #1365, #5512, #3789, .T. ) ;
#5113 = ADVANCED_FACE ( 'NONE', ( #1205 ), #3755, .T. ) ;
#5114 = CARTESIAN_POINT ( 'NONE',  ( -63.75000000000001421, 465.0000000000000000, -16.25000000000000000 ) ) ;
#5115 = AXIS2_PLACEMENT_3D ( 'NONE', #1864, #1801, #5425 ) ;
#5116 = ORIENTED_EDGE ( 'NONE', *, *, #2119, .T. ) ;
#5117 = CARTESIAN_POINT ( 'NONE',  ( -98.00000000000001421, 465.0000000000000000, 16.25000000000000000 ) ) ;
#5118 = ORIENTED_EDGE ( 'NONE', *, *, #3551, .T. ) ;
#5119 = CARTESIAN_POINT ( 'NONE',  ( 125.0000000000001705, 603.0000000000003411, 18.49999999999897327 ) ) ;
#5120 = EDGE_CURVE ( 'NONE', #317, #389, #4183, .T. ) ;
#5121 = VERTEX_POINT ( 'NONE', #2303 ) ;
#5122 = ORIENTED_EDGE ( 'NONE', *, *, #1549, .T. ) ;
#5123 = ORIENTED_EDGE ( 'NONE', *, *, #5750, .F. ) ;
#5124 = AXIS2_PLACEMENT_3D ( 'NONE', #3857, #3893, #5883 ) ;
#5125 = CARTESIAN_POINT ( 'NONE',  ( -67.99999999999991473, 12.00000000000000000, -100.0000000000000000 ) ) ;
#5126 = LINE ( 'NONE', #2724, #375 ) ;
#5127 = CARTESIAN_POINT ( 'NONE',  ( -63.75000000000001421, 465.0000000000000000, 16.24999999999999289 ) ) ;
#5128 = AXIS2_PLACEMENT_3D ( 'NONE', #3891, #4509, #5492 ) ;
#5129 = VERTEX_POINT ( 'NONE', #775 ) ;
#5130 = ORIENTED_EDGE ( 'NONE', *, *, #2858, .T. ) ;
#5131 = LINE ( 'NONE', #3097, #4086 ) ;
#5132 = FACE_OUTER_BOUND ( 'NONE', #4784, .T. ) ;
#5133 = VECTOR ( 'NONE', #1242, 1000.000000000000114 ) ;
#5134 = AXIS2_PLACEMENT_3D ( 'NONE', #970, #2634, #6080 ) ;
#5135 = LINE ( 'NONE', #2506, #3103 ) ;
#5136 = PLANE ( 'NONE',  #5833 ) ;
#5137 = VECTOR ( 'NONE', #1977, 1000.000000000000000 ) ;
#5138 = VECTOR ( 'NONE', #2587, 1000.000000000000000 ) ;
#5139 = EDGE_CURVE ( 'NONE', #6222, #2887, #3873, .T. ) ;
#5140 = CARTESIAN_POINT ( 'NONE',  ( 60.00000000000009237, -11.99999999999997691, -100.0000000000000000 ) ) ;
#5141 = DIRECTION ( 'NONE',  ( 2.387576397043347250E-16, -1.000000000000000000, 3.566332975710173193E-48 ) ) ;
#5142 = DIRECTION ( 'NONE',  ( -1.000000000000000000, -1.224646799147353207E-16, -6.842277657836020854E-49 ) ) ;
#5143 = ORIENTED_EDGE ( 'NONE', *, *, #6232, .F. ) ;
#5144 = CARTESIAN_POINT ( 'NONE',  ( 118.0000000000000568, 565.0000000000001137, 30.00000000000000000 ) ) ;
#5145 = CIRCLE ( 'NONE', #3995, 8.500000000000007105 ) ;
#5146 = CARTESIAN_POINT ( 'NONE',  ( 60.00000000000009237, -19.99999999999998579, 16.24999999999999289 ) ) ;
#5147 = EDGE_CURVE ( 'NONE', #1951, #4651, #1552, .T. ) ;
#5148 = ORIENTED_EDGE ( 'NONE', *, *, #513, .F. ) ;
#5149 = EDGE_CURVE ( 'NONE', #3783, #5796, #5715, .T. ) ;
#5150 = AXIS2_PLACEMENT_3D ( 'NONE', #4064, #6060, #5407 ) ;
#5151 = DIRECTION ( 'NONE',  ( 0.000000000000000000, 0.000000000000000000, 1.000000000000000000 ) ) ;
#5152 = CARTESIAN_POINT ( 'NONE',  ( 125.0000000000001705, 603.0000000000003411, 18.49999999999897327 ) ) ;
#5153 = VERTEX_POINT ( 'NONE', #806 ) ;
#5154 = DIRECTION ( 'NONE',  ( 0.000000000000000000, 7.456161113735056834E-51, 1.000000000000000000 ) ) ;
#5155 = VERTEX_POINT ( 'NONE', #3848 ) ;
#5156 = ORIENTED_EDGE ( 'NONE', *, *, #3151, .F. ) ;
#5157 = EDGE_CURVE ( 'NONE', #3262, #1698, #3817, .T. ) ;
#5158 = ORIENTED_EDGE ( 'NONE', *, *, #566, .T. ) ;
#5159 = DIRECTION ( 'NONE',  ( 0.000000000000000000, 1.000000000000000000, 0.000000000000000000 ) ) ;
#5160 = PLANE ( 'NONE',  #6045 ) ;
#5161 = LINE ( 'NONE', #644, #503 ) ;
#5162 = ORIENTED_EDGE ( 'NONE', *, *, #3814, .T. ) ;
#5163 = ORIENTED_EDGE ( 'NONE', *, *, #3304, .F. ) ;
#5164 = CARTESIAN_POINT ( 'NONE',  ( 80.00000000000009948, -31.99999999999999289, 79.99999999999998579 ) ) ;
#5165 = CARTESIAN_POINT ( 'NONE',  ( -91.99999999999990052, 12.00000000000000000, -100.0000000000000000 ) ) ;
#5166 = CYLINDRICAL_SURFACE ( 'NONE', #4786, 4.000000000000003553 ) ;
#5167 = DIRECTION ( 'NONE',  ( 1.000000000000000000, 0.000000000000000000, 0.000000000000000000 ) ) ;
#5168 = CARTESIAN_POINT ( 'NONE',  ( -117.0000000000000426, 465.0000000000000000, -30.00000000000000000 ) ) ;
#5169 = PLANE ( 'NONE',  #3677 ) ;
#5170 = CARTESIAN_POINT ( 'NONE',  ( -100.0000000000000142, 465.0000000000000000, 16.24999999999999289 ) ) ;
#5171 = ORIENTED_EDGE ( 'NONE', *, *, #1218, .F. ) ;
#5172 = FACE_OUTER_BOUND ( 'NONE', #4501, .T. ) ;
#5173 = EDGE_CURVE ( 'NONE', #4909, #4937, #1171, .T. ) ;
#5174 = DIRECTION ( 'NONE',  ( 1.000000000000000000, 1.224646799147353207E-16, 0.000000000000000000 ) ) ;
#5175 = VERTEX_POINT ( 'NONE', #3264 ) ;
#5176 = CARTESIAN_POINT ( 'NONE',  ( 96.25000000000007105, 465.0000000000000000, 18.00000000000000355 ) ) ;
#5177 = LINE ( 'NONE', #6293, #4632 ) ;
#5178 = ORIENTED_EDGE ( 'NONE', *, *, #4973, .F. ) ;
#5179 = FACE_OUTER_BOUND ( 'NONE', #2593, .T. ) ;
#5180 = EDGE_LOOP ( 'NONE', ( #3494, #5373, #767, #6457 ) ) ;
#5181 = VERTEX_POINT ( 'NONE', #2268 ) ;
#5182 = VECTOR ( 'NONE', #2225, 1000.000000000000000 ) ;
#5183 = VERTEX_POINT ( 'NONE', #6240 ) ;
#5184 = CARTESIAN_POINT ( 'NONE',  ( -63.75000000000001421, 465.0000000000000000, -16.25000000000000000 ) ) ;
#5185 = ORIENTED_EDGE ( 'NONE', *, *, #2219, .F. ) ;
#5186 = DIRECTION ( 'NONE',  ( 0.000000000000000000, -1.000000000000000000, 0.000000000000000000 ) ) ;
#5187 = EDGE_CURVE ( 'NONE', #3617, #5377, #747, .T. ) ;
#5188 = EDGE_CURVE ( 'NONE', #772, #5861, #5192, .T. ) ;
#5189 = CARTESIAN_POINT ( 'NONE',  ( 63.99999999999990763, -12.00000000000000000, -100.0000000000000000 ) ) ;
#5190 = ORIENTED_EDGE ( 'NONE', *, *, #1221, .F. ) ;
#5191 = ORIENTED_EDGE ( 'NONE', *, *, #6451, .T. ) ;
#5192 = LINE ( 'NONE', #3325, #5446 ) ;
#5193 = CIRCLE ( 'NONE', #6033, 4.000000000000003553 ) ;
#5194 = DIRECTION ( 'NONE',  ( 0.000000000000000000, 1.000000000000000000, 0.000000000000000000 ) ) ;
#5195 = CARTESIAN_POINT ( 'NONE',  ( 80.00000000000009948, -31.99999999999999289, -79.99999999999998579 ) ) ;
#5196 = DIRECTION ( 'NONE',  ( 1.000000000000000000, -0.000000000000000000, 0.000000000000000000 ) ) ;
#5197 = AXIS2_PLACEMENT_3D ( 'NONE', #5916, #3825, #5952 ) ;
#5198 = DIRECTION ( 'NONE',  ( 0.000000000000000000, -1.000000000000000000, 0.000000000000000000 ) ) ;
#5199 = CARTESIAN_POINT ( 'NONE',  ( 80.00000000000009948, -16.24999999999997868, 18.00000000000000000 ) ) ;
#5200 = AXIS2_PLACEMENT_3D ( 'NONE', #1208, #3296, #1145 ) ;
#5201 = DIRECTION ( 'NONE',  ( -0.000000000000000000, -1.000000000000000000, -0.000000000000000000 ) ) ;
#5202 = ORIENTED_EDGE ( 'NONE', *, *, #1383, .T. ) ;
#5203 = CARTESIAN_POINT ( 'NONE',  ( 96.25000000000009948, 20.00000000000001776, 16.24999999999999289 ) ) ;
#5204 = CYLINDRICAL_SURFACE ( 'NONE', #2270, 15.00000000000000000 ) ;
#5205 = EDGE_CURVE ( 'NONE', #2578, #666, #1128, .T. ) ;
#5206 = VECTOR ( 'NONE', #4698, 1000.000000000000000 ) ;
#5207 = EDGE_LOOP ( 'NONE', ( #1619, #1572 ) ) ;
#5208 = EDGE_CURVE ( 'NONE', #3720, #4662, #5756, .T. ) ;
#5209 = DIRECTION ( 'NONE',  ( -0.000000000000000000, 1.000000000000000000, 0.000000000000000000 ) ) ;
#5210 = CARTESIAN_POINT ( 'NONE',  ( -99.99999999999991473, 11.99999999999999822, 0.000000000000000000 ) ) ;
#5211 = AXIS2_PLACEMENT_3D ( 'NONE', #132, #2572, #1053 ) ;
#5212 = ORIENTED_EDGE ( 'NONE', *, *, #3388, .F. ) ;
#5213 = DIRECTION ( 'NONE',  ( 0.000000000000000000, 1.000000000000000000, 0.000000000000000000 ) ) ;
#5214 = ORIENTED_EDGE ( 'NONE', *, *, #4293, .T. ) ;
#5215 = VERTEX_POINT ( 'NONE', #711 ) ;
#5216 = ORIENTED_EDGE ( 'NONE', *, *, #5597, .F. ) ;
#5217 = EDGE_CURVE ( 'NONE', #3444, #6208, #4610, .T. ) ;
#5218 = ADVANCED_FACE ( 'NONE', ( #4769 ), #2334, .F. ) ;
#5219 = DIRECTION ( 'NONE',  ( 4.625929269271477039E-16, 1.000000000000000000, 0.000000000000000000 ) ) ;
#5220 = ORIENTED_EDGE ( 'NONE', *, *, #5028, .T. ) ;
#5221 = DIRECTION ( 'NONE',  ( 0.000000000000000000, -1.000000000000000000, 0.000000000000000000 ) ) ;
#5222 = CARTESIAN_POINT ( 'NONE',  ( -59.99999999999991473, -16.25000000000077094, -20.00000000000000000 ) ) ;
#5223 = ORIENTED_EDGE ( 'NONE', *, *, #1359, .F. ) ;
#5224 = VERTEX_POINT ( 'NONE', #5905 ) ;
#5225 = EDGE_CURVE ( 'NONE', #38, #2540, #6172, .T. ) ;
#5226 = CARTESIAN_POINT ( 'NONE',  ( 63.75000000000007105, 465.0000000000000000, -16.25000000000000000 ) ) ;
#5227 = ADVANCED_FACE ( 'NONE', ( #6503 ), #840, .F. ) ;
#5228 = DIRECTION ( 'NONE',  ( 0.000000000000000000, 0.000000000000000000, 1.000000000000000000 ) ) ;
#5229 = AXIS2_PLACEMENT_3D ( 'NONE', #5106, #3699, #165 ) ;
#5230 = CARTESIAN_POINT ( 'NONE',  ( -80.00000000000009948, 20.00000000000001421, -79.99999999999998579 ) ) ;
#5231 = AXIS2_PLACEMENT_3D ( 'NONE', #6314, #1344, #4849 ) ;
#5232 = DIRECTION ( 'NONE',  ( 0.000000000000000000, 0.000000000000000000, -1.000000000000000000 ) ) ;
#5233 = CARTESIAN_POINT ( 'NONE',  ( -67.99999999999991473, -12.00000000000000000, -95.00000000000000000 ) ) ;
#5234 = CIRCLE ( 'NONE', #1023, 5.000000000000004441 ) ;
#5235 = EDGE_CURVE ( 'NONE', #1178, #5088, #5358, .T. ) ;
#5236 = CIRCLE ( 'NONE', #1238, 1.750000000000001554 ) ;
#5237 = CARTESIAN_POINT ( 'NONE',  ( -80.00000000000009948, -19.99999999999999289, -79.99999999999998579 ) ) ;
#5238 = LINE ( 'NONE', #754, #4179 ) ;
#5239 = ORIENTED_EDGE ( 'NONE', *, *, #1952, .T. ) ;
#5240 = DIRECTION ( 'NONE',  ( -1.000000000000000000, 0.000000000000000000, 0.000000000000000000 ) ) ;
#5241 = CARTESIAN_POINT ( 'NONE',  ( -117.0000000000000426, 468.0000000000000000, -30.00000000000000000 ) ) ;
#5242 = AXIS2_PLACEMENT_3D ( 'NONE', #3964, #3475, #2974 ) ;
#5243 = VECTOR ( 'NONE', #4853, 1000.000000000000000 ) ;
#5244 = ORIENTED_EDGE ( 'NONE', *, *, #2457, .F. ) ;
#5245 = DIRECTION ( 'NONE',  ( 0.000000000000000000, 0.000000000000000000, -1.000000000000000000 ) ) ;
#5246 = CARTESIAN_POINT ( 'NONE',  ( 125.0000000000001705, 603.0000000000003411, 14.99999999999896971 ) ) ;
#5247 = VECTOR ( 'NONE', #626, 1000.000000000000000 ) ;
#5248 = LINE ( 'NONE', #1749, #624 ) ;
#5249 = VECTOR ( 'NONE', #1820, 1000.000000000000000 ) ;
#5250 = EDGE_LOOP ( 'NONE', ( #700, #764, #2182, #4231 ) ) ;
#5251 = CARTESIAN_POINT ( 'NONE',  ( 63.75000000000007105, 465.0000000000000000, 18.00000000000000355 ) ) ;
#5252 = CARTESIAN_POINT ( 'NONE',  ( -117.0000000000000426, 473.0000000000000568, 30.00000000000000000 ) ) ;
#5253 = VECTOR ( 'NONE', #1419, 1000.000000000000000 ) ;
#5254 = ORIENTED_EDGE ( 'NONE', *, *, #4539, .T. ) ;
#5255 = FACE_BOUND ( 'NONE', #1074, .T. ) ;
#5256 = LINE ( 'NONE', #2262, #5249 ) ;
#5257 = AXIS2_PLACEMENT_3D ( 'NONE', #5733, #1186, #1159 ) ;
#5258 = EDGE_LOOP ( 'NONE', ( #2652, #5338 ) ) ;
#5259 = DIRECTION ( 'NONE',  ( 0.000000000000000000, 1.000000000000000000, 0.000000000000000000 ) ) ;
#5260 = EDGE_CURVE ( 'NONE', #4541, #5587, #499, .T. ) ;
#5261 = DIRECTION ( 'NONE',  ( 1.000000000000000000, 0.000000000000000000, 0.000000000000000000 ) ) ;
#5262 = ORIENTED_EDGE ( 'NONE', *, *, #5556, .T. ) ;
#5263 = VERTEX_POINT ( 'NONE', #3391 ) ;
#5264 = CARTESIAN_POINT ( 'NONE',  ( 117.0000000000001563, 465.0000000000000568, -30.00000000000000000 ) ) ;
#5265 = CARTESIAN_POINT ( 'NONE',  ( 68.00000000000009948, -19.99999999999997158, 100.0000000000000000 ) ) ;
#5266 = DIRECTION ( 'NONE',  ( -0.000000000000000000, 0.000000000000000000, -1.000000000000000000 ) ) ;
#5267 = FACE_OUTER_BOUND ( 'NONE', #5571, .T. ) ;
#5268 = DIRECTION ( 'NONE',  ( 0.000000000000000000, 1.000000000000000000, 0.000000000000000000 ) ) ;
#5269 = DIRECTION ( 'NONE',  ( -1.000000000000000000, 0.000000000000000000, 0.000000000000000000 ) ) ;
#5270 = CARTESIAN_POINT ( 'NONE',  ( 80.00000000000009948, -31.99999999999999289, -79.99999999999998579 ) ) ;
#5271 = ORIENTED_EDGE ( 'NONE', *, *, #3059, .F. ) ;
#5272 = DIRECTION ( 'NONE',  ( 1.000000000000000000, 0.000000000000000000, 0.000000000000000000 ) ) ;
#5273 = DIRECTION ( 'NONE',  ( 5.968940992608368126E-17, -1.000000000000000000, 3.271334946041490653E-50 ) ) ;
#5274 = ADVANCED_FACE ( 'NONE', ( #3357 ), #867, .T. ) ;
#5275 = EDGE_CURVE ( 'NONE', #1369, #666, #418, .T. ) ;
#5276 = ORIENTED_EDGE ( 'NONE', *, *, #81, .F. ) ;
#5277 = LINE ( 'NONE', #336, #5973 ) ;
#5278 = CYLINDRICAL_SURFACE ( 'NONE', #6287, 8.000000000000007105 ) ;
#5279 = CARTESIAN_POINT ( 'NONE',  ( 100.0000000000000995, -11.99999999999997868, -100.0000000000000000 ) ) ;
#5280 = EDGE_LOOP ( 'NONE', ( #1203, #3338, #1814, #2554 ) ) ;
#5281 = DIRECTION ( 'NONE',  ( -1.000000000000000000, 0.000000000000000000, 0.000000000000000000 ) ) ;
#5282 = ORIENTED_EDGE ( 'NONE', *, *, #2569, .F. ) ;
#5283 = EDGE_LOOP ( 'NONE', ( #836, #5915, #4401, #963 ) ) ;
#5284 = LINE ( 'NONE', #2356, #3795 ) ;
#5285 = PLANE ( 'NONE',  #5528 ) ;
#5286 = ORIENTED_EDGE ( 'NONE', *, *, #645, .T. ) ;
#5287 = EDGE_CURVE ( 'NONE', #1536, #1234, #5875, .T. ) ;
#5288 = ORIENTED_EDGE ( 'NONE', *, *, #4218, .F. ) ;
#5289 = VERTEX_POINT ( 'NONE', #1465 ) ;
#5290 = DIRECTION ( 'NONE',  ( -1.968757127242515241E-32, 0.000000000000000000, 1.000000000000000000 ) ) ;
#5291 = ADVANCED_FACE ( 'NONE', ( #3490 ), #2888, .T. ) ;
#5292 = CARTESIAN_POINT ( 'NONE',  ( 122.0000000000001279, 524.3052788474358294, -30.00000000000000000 ) ) ;
#5293 = CIRCLE ( 'NONE', #6126, 8.000000000000007105 ) ;
#5294 = PLANE ( 'NONE',  #1097 ) ;
#5295 = DIRECTION ( 'NONE',  ( -1.000000000000000000, 0.000000000000000000, 0.000000000000000000 ) ) ;
#5296 = VECTOR ( 'NONE', #4857, 1000.000000000000000 ) ;
#5297 = DIRECTION ( 'NONE',  ( 2.387576397043347250E-16, -1.000000000000000000, 3.566332975710173193E-48 ) ) ;
#5298 = EDGE_CURVE ( 'NONE', #4758, #6173, #4962, .T. ) ;
#5299 = DIRECTION ( 'NONE',  ( 1.000000000000000000, 0.000000000000000000, -1.968757127242515241E-32 ) ) ;
#5300 = DIRECTION ( 'NONE',  ( 1.000000000000000000, 0.000000000000000000, -0.000000000000000000 ) ) ;
#5301 = CIRCLE ( 'NONE', #1092, 3.500000000000058620 ) ;
#5302 = VERTEX_POINT ( 'NONE', #478 ) ;
#5303 = DIRECTION ( 'NONE',  ( 2.387576397043347250E-16, -1.000000000000000000, 3.566332975710173193E-48 ) ) ;
#5304 = CARTESIAN_POINT ( 'NONE',  ( 60.00000000000009237, 16.24999999999969447, -20.00000000000000355 ) ) ;
#5305 = ORIENTED_EDGE ( 'NONE', *, *, #186, .F. ) ;
#5306 = CARTESIAN_POINT ( 'NONE',  ( 121.9251523357786198, 525.1671805061970417, -30.00000000000000000 ) ) ;
#5307 = VECTOR ( 'NONE', #4359, 1000.000000000000000 ) ;
#5308 = CARTESIAN_POINT ( 'NONE',  ( -91.99999999999990052, -12.00000000000000000, -95.00000000000000000 ) ) ;
#5309 = APPROVAL_PERSON_ORGANIZATION ( #1960, #1497, #2365 ) ;
#5310 = ADVANCED_FACE ( 'NONE', ( #1896 ), #4899, .T. ) ;
#5311 = DIRECTION ( 'NONE',  ( 0.000000000000000000, 0.000000000000000000, 1.000000000000000000 ) ) ;
#5312 = ORIENTED_EDGE ( 'NONE', *, *, #4192, .T. ) ;
#5313 = FACE_BOUND ( 'NONE', #6006, .T. ) ;
#5314 = CARTESIAN_POINT ( 'NONE',  ( 100.0000000000000995, 12.00000000000001776, 8.673617379884035472E-16 ) ) ;
#5315 = AXIS2_PLACEMENT_3D ( 'NONE', #3010, #5014, #5478 ) ;
#5316 = EDGE_LOOP ( 'NONE', ( #2707, #5874, #74, #256 ) ) ;
#5317 = VECTOR ( 'NONE', #1233, 1000.000000000000000 ) ;
#5318 = ADVANCED_FACE ( 'NONE', ( #3944 ), #1370, .T. ) ;
#5319 = LINE ( 'NONE', #2294, #3896 ) ;
#5320 = LINE ( 'NONE', #801, #4798 ) ;
#5321 = ORIENTED_EDGE ( 'NONE', *, *, #89, .F. ) ;
#5322 = ORIENTED_EDGE ( 'NONE', *, *, #5187, .T. ) ;
#5323 = ORIENTED_EDGE ( 'NONE', *, *, #5774, .F. ) ;
#5324 = DIRECTION ( 'NONE',  ( -1.000000000000000000, 0.000000000000000000, 0.000000000000000000 ) ) ;
#5325 = CARTESIAN_POINT ( 'NONE',  ( -59.99999999999991473, -20.00000000000000000, 16.24999999999999289 ) ) ;
#5326 = CARTESIAN_POINT ( 'NONE',  ( 80.00000000000009948, -15.99999999999997868, -88.50000000000000000 ) ) ;
#5327 = CARTESIAN_POINT ( 'NONE',  ( 60.00000000000009237, 18.00000000000001776, 16.25000000000000000 ) ) ;
#5328 = LINE ( 'NONE', #3796, #3870 ) ;
#5329 = PLANE ( 'NONE',  #2626 ) ;
#5330 = VECTOR ( 'NONE', #5789, 1000.000000000000000 ) ;
#5331 = CARTESIAN_POINT ( 'NONE',  ( -96.25000000000001421, 465.0000000000000000, 18.00000000000000355 ) ) ;
#5332 = VECTOR ( 'NONE', #10, 1000.000000000000000 ) ;
#5333 = ORIENTED_EDGE ( 'NONE', *, *, #546, .T. ) ;
#5334 = CYLINDRICAL_SURFACE ( 'NONE', #3838, 3.750000000000003553 ) ;
#5335 = CARTESIAN_POINT ( 'NONE',  ( -118.0748476642215081, 564.5722990615913659, 30.00000000000000000 ) ) ;
#5336 = EDGE_CURVE ( 'NONE', #11, #5079, #383, .T. ) ;
#5337 = VECTOR ( 'NONE', #5809, 1000.000000000000000 ) ;
#5338 = ORIENTED_EDGE ( 'NONE', *, *, #4775, .F. ) ;
#5339 = CARTESIAN_POINT ( 'NONE',  ( -96.25000000000001421, 465.0000000000000000, -16.25000000000000000 ) ) ;
#5340 = FACE_BOUND ( 'NONE', #119, .T. ) ;
#5341 = CARTESIAN_POINT ( 'NONE',  ( 63.75000000000007105, 465.0000000000000000, -16.25000000000000000 ) ) ;
#5342 = VECTOR ( 'NONE', #2117, 1000.000000000000000 ) ;
#5343 = ORIENTED_EDGE ( 'NONE', *, *, #4633, .F. ) ;
#5344 = CARTESIAN_POINT ( 'NONE',  ( 63.75000000000007105, 465.0000000000000000, 20.00000000000000355 ) ) ;
#5345 = CIRCLE ( 'NONE', #3982, 8.000000000000000000 ) ;
#5346 = VERTEX_POINT ( 'NONE', #2395 ) ;
#5347 = ADVANCED_FACE ( 'NONE', ( #3420 ), #4933, .F. ) ;
#5348 = ORIENTED_EDGE ( 'NONE', *, *, #1099, .T. ) ;
#5349 = VECTOR ( 'NONE', #1581, 1000.000000000000000 ) ;
#5350 = CIRCLE ( 'NONE', #1349, 3.750000000000001776 ) ;
#5351 = PLANE ( 'NONE',  #3372 ) ;
#5352 = FACE_OUTER_BOUND ( 'NONE', #6331, .T. ) ;
#5353 = ORIENTED_EDGE ( 'NONE', *, *, #4634, .T. ) ;
#5354 = VECTOR ( 'NONE', #4870, 1000.000000000000000 ) ;
#5355 = EDGE_CURVE ( 'NONE', #4454, #5453, #3143, .T. ) ;
#5356 = ORIENTED_EDGE ( 'NONE', *, *, #780, .F. ) ;
#5357 = EDGE_LOOP ( 'NONE', ( #5323, #6154 ) ) ;
#5358 = LINE ( 'NONE', #5454, #2299 ) ;
#5360 = VECTOR ( 'NONE', #1327, 1000.000000000000000 ) ;
#5359 = CARTESIAN_POINT ( 'NONE',  ( -59.99999999999990052, 11.99999999999999822, -100.0000000000000000 ) ) ;
#5361 = CYLINDRICAL_SURFACE ( 'NONE', #573, 15.00000000000000000 ) ;
#5362 = DIRECTION ( 'NONE',  ( 0.000000000000000000, 0.000000000000000000, 1.000000000000000000 ) ) ;
#5363 = DIRECTION ( 'NONE',  ( 0.000000000000000000, 0.000000000000000000, -1.000000000000000000 ) ) ;
#5364 = CARTESIAN_POINT ( 'NONE',  ( -67.99999999999991473, 11.99999999999999822, 100.0000000000000000 ) ) ;
#5365 = CARTESIAN_POINT ( 'NONE',  ( -80.00000000000009948, -19.99999999999999289, 79.99999999999998579 ) ) ;
#5366 = ORIENTED_EDGE ( 'NONE', *, *, #211, .T. ) ;
#5367 = CARTESIAN_POINT ( 'NONE',  ( 115.0000000000000711, 603.0000000000003411, 14.99999999999896971 ) ) ;
#5368 = FACE_OUTER_BOUND ( 'NONE', #221, .T. ) ;
#5369 = CARTESIAN_POINT ( 'NONE',  ( -59.99999999999991473, 16.25000000000035882, 20.00000000000000000 ) ) ;
#5370 = DIRECTION ( 'NONE',  ( 0.000000000000000000, -1.000000000000000000, 0.000000000000000000 ) ) ;
#5371 = DIRECTION ( 'NONE',  ( 1.968757127242515241E-32, 0.000000000000000000, -1.000000000000000000 ) ) ;
#5372 = EDGE_CURVE ( 'NONE', #2408, #5650, #5234, .T. ) ;
#5373 = ORIENTED_EDGE ( 'NONE', *, *, #3025, .F. ) ;
#5374 = CARTESIAN_POINT ( 'NONE',  ( -63.99999999999990763, 11.99999999999999822, 95.00000000000000000 ) ) ;
#5375 = ORIENTED_EDGE ( 'NONE', *, *, #1769, .F. ) ;
#5376 = DIRECTION ( 'NONE',  ( -1.000000000000000000, -1.224646799147353207E-16, -0.000000000000000000 ) ) ;
#5377 = VERTEX_POINT ( 'NONE', #1334 ) ;
#5378 = EDGE_CURVE ( 'NONE', #6429, #804, #2680, .T. ) ;
#5379 = CARTESIAN_POINT ( 'NONE',  ( -63.99999999999990763, 12.00000000000000000, -95.00000000000000000 ) ) ;
#5380 = CARTESIAN_POINT ( 'NONE',  ( 80.00000000000009948, 16.25000000000002132, 18.00000000000000000 ) ) ;
#5381 = ORIENTED_EDGE ( 'NONE', *, *, #523, .T. ) ;
#5382 = ORIENTED_EDGE ( 'NONE', *, *, #3081, .F. ) ;
#5383 = VERTEX_POINT ( 'NONE', #6224 ) ;
#5384 = DIRECTION ( 'NONE',  ( -1.000000000000000000, 0.000000000000000000, 1.968757127242516884E-32 ) ) ;
#5385 = CARTESIAN_POINT ( 'NONE',  ( -59.99999999999991473, -16.24999999999999645, -16.25000000000000000 ) ) ;
#5386 = ADVANCED_FACE ( 'NONE', ( #3736 ), #3179, .T. ) ;
#5387 = ADVANCED_FACE ( 'NONE', ( #1001, #4160 ), #3707, .T. ) ;
#5388 = DIRECTION ( 'NONE',  ( 1.968757127242515241E-32, 0.000000000000000000, -1.000000000000000000 ) ) ;
#5389 = DIRECTION ( 'NONE',  ( -4.625929269271477039E-16, -1.000000000000000000, 0.000000000000000000 ) ) ;
#5390 = ORIENTED_EDGE ( 'NONE', *, *, #1241, .F. ) ;
#5391 = DIRECTION ( 'NONE',  ( -1.000000000000000000, 0.000000000000000000, 0.000000000000000000 ) ) ;
#5392 = VECTOR ( 'NONE', #2254, 1000.000000000000114 ) ;
#5393 = DIRECTION ( 'NONE',  ( -0.000000000000000000, -0.000000000000000000, -1.000000000000000000 ) ) ;
#5394 = EDGE_CURVE ( 'NONE', #179, #3717, #4616, .T. ) ;
#5395 = PLANE ( 'NONE',  #6376 ) ;
#5396 = VERTEX_POINT ( 'NONE', #1714 ) ;
#5397 = DIRECTION ( 'NONE',  ( 1.968757127242515241E-32, 0.000000000000000000, -1.000000000000000000 ) ) ;
#5398 = CARTESIAN_POINT ( 'NONE',  ( 80.00000000000009948, -20.00000000000003553, 88.50000000000000000 ) ) ;
#5399 = VECTOR ( 'NONE', #1846, 1000.000000000000000 ) ;
#5400 = LINE ( 'NONE', #4946, #613 ) ;
#5401 = FACE_OUTER_BOUND ( 'NONE', #3344, .T. ) ;
#5402 = AXIS2_PLACEMENT_3D ( 'NONE', #1778, #3238, #5240 ) ;
#5403 = CARTESIAN_POINT ( 'NONE',  ( -67.99999999999990052, -16.00000000000000000, -100.0000000000000000 ) ) ;
#5404 = EDGE_LOOP ( 'NONE', ( #4028, #2585 ) ) ;
#5405 = LINE ( 'NONE', #372, #870 ) ;
#5406 = EDGE_CURVE ( 'NONE', #447, #873, #1222, .T. ) ;
#5407 = DIRECTION ( 'NONE',  ( 0.000000000000000000, 0.000000000000000000, -1.000000000000000000 ) ) ;
#5408 = DIRECTION ( 'NONE',  ( -1.000000000000000000, 0.000000000000000000, -0.000000000000000000 ) ) ;
#5409 = AXIS2_PLACEMENT_3D ( 'NONE', #1800, #2366, #4374 ) ;
#5410 = EDGE_CURVE ( 'NONE', #2875, #1717, #4756, .T. ) ;
#5411 = VERTEX_POINT ( 'NONE', #240 ) ;
#5412 = AXIS2_PLACEMENT_3D ( 'NONE', #631, #5082, #4100 ) ;
#5413 = VERTEX_POINT ( 'NONE', #214 ) ;
#5414 = CARTESIAN_POINT ( 'NONE',  ( -117.9999999999999858, 565.4342007203525782, 30.00000000000000000 ) ) ;
#5415 = ORIENTED_EDGE ( 'NONE', *, *, #3261, .T. ) ;
#5416 = AXIS2_PLACEMENT_3D ( 'NONE', #5519, #3884, #1997 ) ;
#5417 = EDGE_CURVE ( 'NONE', #5849, #4103, #634, .T. ) ;
#5418 = ADVANCED_FACE ( 'NONE', ( #4012 ), #2650, .T. ) ;
#5419 = ORIENTED_EDGE ( 'NONE', *, *, #5635, .T. ) ;
#5420 = CIRCLE ( 'NONE', #1633, 4.000000000000003553 ) ;
#5421 = ORIENTED_EDGE ( 'NONE', *, *, #2226, .F. ) ;
#5422 = DIRECTION ( 'NONE',  ( 0.000000000000000000, 1.000000000000000000, 0.000000000000000000 ) ) ;
#5423 = DATE_AND_TIME ( #5906, #1623 ) ;
#5424 = CARTESIAN_POINT ( 'NONE',  ( -125.0000000000000284, 524.3052788474357158, 30.00000000000000000 ) ) ;
#5425 = DIRECTION ( 'NONE',  ( 0.000000000000000000, -0.000000000000000000, 1.000000000000000000 ) ) ;
#5426 = EDGE_CURVE ( 'NONE', #5696, #5514, #5763, .T. ) ;
#5427 = VERTEX_POINT ( 'NONE', #3244 ) ;
#5428 = ADVANCED_FACE ( 'NONE', ( #693 ), #6009, .F. ) ;
#5429 = DIRECTION ( 'NONE',  ( 1.000000000000000000, -2.775557561562888886E-16, -0.000000000000000000 ) ) ;
#5430 = DIRECTION ( 'NONE',  ( 0.000000000000000000, 0.000000000000000000, 1.000000000000000000 ) ) ;
#5431 = DIRECTION ( 'NONE',  ( -0.000000000000000000, -0.000000000000000000, -1.000000000000000000 ) ) ;
#5432 = VERTEX_POINT ( 'NONE', #5637 ) ;
#5433 = CARTESIAN_POINT ( 'NONE',  ( -59.99999999999990052, 12.00000000000000000, 0.000000000000000000 ) ) ;
#5434 = DIRECTION ( 'NONE',  ( 0.000000000000000000, 0.000000000000000000, 1.000000000000000000 ) ) ;
#5435 = EDGE_CURVE ( 'NONE', #5183, #3847, #2306, .T. ) ;
#5436 = CARTESIAN_POINT ( 'NONE',  ( -80.00000000000009948, -19.99999999999999289, 94.99999999999998579 ) ) ;
#5438 = AXIS2_PLACEMENT_3D ( 'NONE', #2706, #1252, #654 ) ;
#5437 = CYLINDRICAL_SURFACE ( 'NONE', #4402, 3.750000000000003553 ) ;
#5439 = CARTESIAN_POINT ( 'NONE',  ( -95.99999999999990052, -11.99999999999999467, 0.000000000000000000 ) ) ;
#5440 = ORIENTED_EDGE ( 'NONE', *, *, #385, .T. ) ;
#5441 = LINE ( 'NONE', #4455, #5399 ) ;
#5442 = CARTESIAN_POINT ( 'NONE',  ( 80.00000000000009948, -19.99999999999999289, 79.99999999999998579 ) ) ;
#5443 = DIRECTION ( 'NONE',  ( 6.844255435263898992E-34, 0.000000000000000000, -1.000000000000000000 ) ) ;
#5444 = AXIS2_PLACEMENT_3D ( 'NONE', #1675, #625, #5627 ) ;
#5445 = EDGE_LOOP ( 'NONE', ( #180, #4967, #4166, #608 ) ) ;
#5446 = VECTOR ( 'NONE', #1699, 1000.000000000000000 ) ;
#5447 = VERTEX_POINT ( 'NONE', #5732 ) ;
#5448 = DIRECTION ( 'NONE',  ( 6.844255435263898992E-34, 0.000000000000000000, -1.000000000000000000 ) ) ;
#5449 = ORIENTED_EDGE ( 'NONE', *, *, #3211, .T. ) ;
#5450 = VECTOR ( 'NONE', #4821, 1000.000000000000000 ) ;
#5451 = VECTOR ( 'NONE', #34, 1000.000000000000000 ) ;
#5452 = ORIENTED_EDGE ( 'NONE', *, *, #1920, .F. ) ;
#5453 = VERTEX_POINT ( 'NONE', #3209 ) ;
#5454 = CARTESIAN_POINT ( 'NONE',  ( 63.99999999999990763, 12.00000000000000000, 95.00000000000000000 ) ) ;
#5455 = CALENDAR_DATE ( 2026, 24, 4 ) ;
#5456 = VECTOR ( 'NONE', #5108, 1000.000000000000000 ) ;
#5457 = EDGE_CURVE ( 'NONE', #3324, #512, #2149, .T. ) ;
#5458 = DIRECTION ( 'NONE',  ( 0.000000000000000000, 1.000000000000000000, 0.000000000000000000 ) ) ;
#5459 = FACE_OUTER_BOUND ( 'NONE', #3194, .T. ) ;
#5460 = ORIENTED_EDGE ( 'NONE', *, *, #3381, .F. ) ;
#5461 = ORIENTED_EDGE ( 'NONE', *, *, #272, .F. ) ;
#5462 = AXIS2_PLACEMENT_3D ( 'NONE', #2714, #215, #277 ) ;
#5463 = CARTESIAN_POINT ( 'NONE',  ( 63.99999999999990763, 12.00000000000000000, -100.0000000000000000 ) ) ;
#5464 = CARTESIAN_POINT ( 'NONE',  ( 80.00000000000009948, -20.00000000000003553, 88.50000000000000000 ) ) ;
#5465 = LINE ( 'NONE', #4078, #2815 ) ;
#5466 = EDGE_LOOP ( 'NONE', ( #2602, #1078, #6066, #5489 ) ) ;
#5467 = PLANE ( 'NONE',  #4150 ) ;
#5468 = AXIS2_PLACEMENT_3D ( 'NONE', #4950, #1354, #6418 ) ;
#5469 = DIRECTION ( 'NONE',  ( -1.000000000000000000, -0.000000000000000000, -0.000000000000000000 ) ) ;
#5470 = CARTESIAN_POINT ( 'NONE',  ( 63.75000000000007105, 20.00000000000001776, -17.99999999999999645 ) ) ;
#5471 = LINE ( 'NONE', #5956, #305 ) ;
#5472 = CARTESIAN_POINT ( 'NONE',  ( 125.0000000000001705, 465.0000000000000568, 30.00000000000000000 ) ) ;
#5473 = ORIENTED_EDGE ( 'NONE', *, *, #2474, .F. ) ;
#5474 = CARTESIAN_POINT ( 'NONE',  ( 122.0000000000001705, 465.0000000000000568, 30.00000000000000000 ) ) ;
#5475 = EDGE_CURVE ( 'NONE', #5432, #636, #93, .T. ) ;
#5476 = EDGE_CURVE ( 'NONE', #512, #1723, #6492, .T. ) ;
#5477 = CYLINDRICAL_SURFACE ( 'NONE', #2212, 6.999999999999992006 ) ;
#5478 = DIRECTION ( 'NONE',  ( -1.000000000000000000, 0.000000000000000000, 0.000000000000000000 ) ) ;
#5479 = ORIENTED_EDGE ( 'NONE', *, *, #4913, .F. ) ;
#5480 = EDGE_LOOP ( 'NONE', ( #5015, #1525 ) ) ;
#5481 = CARTESIAN_POINT ( 'NONE',  ( 98.00000000000007105, 465.0000000000000000, -16.25000000000000000 ) ) ;
#5482 = VERTEX_POINT ( 'NONE', #5176 ) ;
#5483 = ORIENTED_EDGE ( 'NONE', *, *, #6371, .T. ) ;
#5484 = ORIENTED_EDGE ( 'NONE', *, *, #1148, .T. ) ;
#5485 = CARTESIAN_POINT ( 'NONE',  ( -91.99999999999990052, 12.00000000000000000, 0.000000000000000000 ) ) ;
#5486 =( LENGTH_UNIT ( ) NAMED_UNIT ( * ) SI_UNIT ( .MILLI., .METRE. ) );
#5487 = CARTESIAN_POINT ( 'NONE',  ( -59.99999999999991473, 16.25000000000000355, 16.24999999999999289 ) ) ;
#5488 = DIRECTION ( 'NONE',  ( -1.000000000000000000, 0.000000000000000000, 0.000000000000000000 ) ) ;
#5489 = ORIENTED_EDGE ( 'NONE', *, *, #2396, .T. ) ;
#5490 = EDGE_CURVE ( 'NONE', #344, #4327, #659, .T. ) ;
#5491 = ORIENTED_EDGE ( 'NONE', *, *, #2981, .F. ) ;
#5492 = DIRECTION ( 'NONE',  ( 1.000000000000000000, 0.000000000000000000, -0.000000000000000000 ) ) ;
#5493 = CARTESIAN_POINT ( 'NONE',  ( 60.00000000000009237, 20.00000000000002132, 16.24999999999999289 ) ) ;
#5494 = ORIENTED_EDGE ( 'NONE', *, *, #3251, .F. ) ;
#5495 = DIRECTION ( 'NONE',  ( 1.000000000000000000, 2.891205793294677833E-16, 0.000000000000000000 ) ) ;
#5496 = DIRECTION ( 'NONE',  ( -1.000000000000000000, -4.625929269271481969E-16, 0.000000000000000000 ) ) ;
#5497 = EDGE_CURVE ( 'NONE', #3526, #633, #4722, .T. ) ;
#5498 = LINE ( 'NONE', #2510, #1556 ) ;
#5499 = FACE_BOUND ( 'NONE', #5984, .T. ) ;
#5500 = DIRECTION ( 'NONE',  ( 0.000000000000000000, -1.000000000000000000, 0.000000000000000000 ) ) ;
#5501 = CIRCLE ( 'NONE', #4977, 7.999999999999992895 ) ;
#5502 = ORIENTED_EDGE ( 'NONE', *, *, #3295, .F. ) ;
#5503 = CARTESIAN_POINT ( 'NONE',  ( 80.00000000000009948, 16.00000000000002487, 79.99999999999998579 ) ) ;
#5504 = FACE_BOUND ( 'NONE', #646, .T. ) ;
#5505 = PLANE ( 'NONE',  #6459 ) ;
#5506 = EDGE_LOOP ( 'NONE', ( #2243, #756, #5484, #1592 ) ) ;
#5507 = CIRCLE ( 'NONE', #5402, 3.750000000000003553 ) ;
#5508 = ADVANCED_FACE ( 'NONE', ( #3805 ), #5278, .T. ) ;
#5509 = DIRECTION ( 'NONE',  ( -2.387576397043347250E-16, 1.000000000000000000, -3.566332975710173193E-48 ) ) ;
#5510 = ORIENTED_EDGE ( 'NONE', *, *, #3066, .T. ) ;
#5511 = CARTESIAN_POINT ( 'NONE',  ( 80.00000000000009948, 16.25000000000001776, -16.25000000000000000 ) ) ;
#5512 = VERTEX_POINT ( 'NONE', #5889 ) ;
#5513 = VECTOR ( 'NONE', #2605, 1000.000000000000000 ) ;
#5514 = VERTEX_POINT ( 'NONE', #6257 ) ;
#5515 = ADVANCED_FACE ( 'NONE', ( #3281 ), #792, .T. ) ;
#5516 = ORIENTED_EDGE ( 'NONE', *, *, #1199, .T. ) ;
#5517 = DIRECTION ( 'NONE',  ( 0.000000000000000000, -0.000000000000000000, 1.000000000000000000 ) ) ;
#5518 = CIRCLE ( 'NONE', #4993, 3.500000000000058620 ) ;
#5519 = CARTESIAN_POINT ( 'NONE',  ( -80.00000000000009948, -16.00000000000000000, -79.99999999999998579 ) ) ;
#5520 = CYLINDRICAL_SURFACE ( 'NONE', #4890, 7.999999999999992895 ) ;
#5521 = LINE ( 'NONE', #1106, #1446 ) ;
#5522 = AXIS2_PLACEMENT_3D ( 'NONE', #4589, #3580, #3543 ) ;
#5523 = ORIENTED_EDGE ( 'NONE', *, *, #1676, .F. ) ;
#5524 = ORIENTED_EDGE ( 'NONE', *, *, #4463, .T. ) ;
#5525 = DIRECTION ( 'NONE',  ( -0.9850304671557038594, -0.1723803317522503709, 0.000000000000000000 ) ) ;
#5526 = CARTESIAN_POINT ( 'NONE',  ( 80.00000000000009948, -16.24999999999997868, -16.25000000000000000 ) ) ;
#5527 = CIRCLE ( 'NONE', #2899, 15.00000000000000000 ) ;
#5528 = AXIS2_PLACEMENT_3D ( 'NONE', #286, #2295, #3320 ) ;
#5529 = ORIENTED_EDGE ( 'NONE', *, *, #3184, .F. ) ;
#5530 = FACE_OUTER_BOUND ( 'NONE', #1599, .T. ) ;
#5531 = DIRECTION ( 'NONE',  ( 0.000000000000000000, -7.456161113735056834E-51, -1.000000000000000000 ) ) ;
#5532 = DIRECTION ( 'NONE',  ( 0.000000000000000000, 0.000000000000000000, 1.000000000000000000 ) ) ;
#5533 = DIRECTION ( 'NONE',  ( 5.968940992608368126E-17, -1.000000000000000000, 3.271334946041490653E-50 ) ) ;
#5534 = CARTESIAN_POINT ( 'NONE',  ( -80.00000000000009948, -20.00000000000003553, -71.49999999999998579 ) ) ;
#5535 = ORIENTED_EDGE ( 'NONE', *, *, #5336, .F. ) ;
#5536 = DIRECTION ( 'NONE',  ( -1.000000000000000000, 2.775557561562888886E-16, 0.000000000000000000 ) ) ;
#5537 = EDGE_CURVE ( 'NONE', #2132, #3425, #2347, .T. ) ;
#5538 = DIRECTION ( 'NONE',  ( 0.000000000000000000, 1.000000000000000000, 0.000000000000000000 ) ) ;
#5539 = LINE ( 'NONE', #4065, #576 ) ;
#5540 = ORIENTED_EDGE ( 'NONE', *, *, #6054, .F. ) ;
#5541 = DIRECTION ( 'NONE',  ( 1.224646799147353207E-16, -1.000000000000000000, 2.899348569094233810E-49 ) ) ;
#5542 = VECTOR ( 'NONE', #1, 1000.000000000000000 ) ;
#5543 = ORIENTED_EDGE ( 'NONE', *, *, #2216, .F. ) ;
#5544 = DIRECTION ( 'NONE',  ( 0.000000000000000000, 0.000000000000000000, 1.000000000000000000 ) ) ;
#5545 = AXIS2_PLACEMENT_3D ( 'NONE', #5914, #3958, #815 ) ;
#5546 = ORIENTED_EDGE ( 'NONE', *, *, #4869, .T. ) ;
#5547 = EDGE_CURVE ( 'NONE', #5708, #6002, #4325, .T. ) ;
#5548 = ORIENTED_EDGE ( 'NONE', *, *, #78, .T. ) ;
#5549 = AXIS2_PLACEMENT_3D ( 'NONE', #2235, #4240, #4840 ) ;
#5550 = AXIS2_PLACEMENT_3D ( 'NONE', #2001, #3093, #6507 ) ;
#5551 = VERTEX_POINT ( 'NONE', #823 ) ;
#5552 = SECURITY_CLASSIFICATION_LEVEL ( 'unclassified' ) ;
#5553 = AXIS2_PLACEMENT_3D ( 'NONE', #3676, #1158, #2748 ) ;
#5554 = FACE_OUTER_BOUND ( 'NONE', #4435, .T. ) ;
#5555 = ADVANCED_FACE ( 'NONE', ( #5340, #5401 ), #3771, .F. ) ;
#5556 = EDGE_CURVE ( 'NONE', #207, #4668, #3148, .T. ) ;
#5557 = DIRECTION ( 'NONE',  ( 5.968940992608368126E-17, -1.000000000000000000, 3.271334946041490653E-50 ) ) ;
#5558 = EDGE_LOOP ( 'NONE', ( #1423, #3128, #2929, #3652 ) ) ;
#5559 = ORIENTED_EDGE ( 'NONE', *, *, #2737, .F. ) ;
#5560 = CARTESIAN_POINT ( 'NONE',  ( 118.0748476642214939, 564.5722990615919343, 30.00000000000000000 ) ) ;
#5561 = AXIS2_PLACEMENT_3D ( 'NONE', #5168, #133, #104 ) ;
#5562 = CARTESIAN_POINT ( 'NONE',  ( -63.74999999999989342, 20.00000000000001776, 20.00000000000000355 ) ) ;
#5563 = ORIENTED_EDGE ( 'NONE', *, *, #3698, .F. ) ;
#5564 = CARTESIAN_POINT ( 'NONE',  ( -96.24999999999990052, 20.00000000000001776, 16.24999999999999289 ) ) ;
#5565 = FACE_OUTER_BOUND ( 'NONE', #1190, .T. ) ;
#5566 = AXIS2_PLACEMENT_3D ( 'NONE', #2169, #4672, #4704 ) ;
#5567 = CLOSED_SHELL ( 'NONE', ( #6428, #3192, #5291, #729, #349, #2335 ) ) ;
#5568 = CARTESIAN_POINT ( 'NONE',  ( 118.0000000000000568, 565.4342007203531466, -30.00000000000000000 ) ) ;
#5569 = CARTESIAN_POINT ( 'NONE',  ( 67.99999999999991473, -12.00000000000000000, 95.00000000000000000 ) ) ;
#5570 = LINE ( 'NONE', #2513, #1998 ) ;
#5571 = EDGE_LOOP ( 'NONE', ( #2716, #4984, #1658, #2807 ) ) ;
#5572 = CARTESIAN_POINT ( 'NONE',  ( 80.00000000000009948, 16.00000000000002487, 71.49999999999998579 ) ) ;
#5573 = CARTESIAN_POINT ( 'NONE',  ( 80.00000000000009948, -20.00000000000003553, 79.99999999999998579 ) ) ;
#5574 = CARTESIAN_POINT ( 'NONE',  ( 123.0000000000000568, 605.0000000000001137, 30.00000000000000000 ) ) ;
#5575 = ORIENTED_EDGE ( 'NONE', *, *, #946, .F. ) ;
#5576 = EDGE_CURVE ( 'NONE', #1536, #1723, #886, .T. ) ;
#5577 = DIRECTION ( 'NONE',  ( 0.000000000000000000, 1.000000000000000000, 0.000000000000000000 ) ) ;
#5578 = ORIENTED_EDGE ( 'NONE', *, *, #2298, .T. ) ;
#5579 = DIRECTION ( 'NONE',  ( 1.000000000000000000, 0.000000000000000000, 0.000000000000000000 ) ) ;
#5580 = ORIENTED_EDGE ( 'NONE', *, *, #4867, .F. ) ;
#5581 = ORIENTED_EDGE ( 'NONE', *, *, #555, .F. ) ;
#5582 = ORIENTED_EDGE ( 'NONE', *, *, #3366, .T. ) ;
#5583 = EDGE_CURVE ( 'NONE', #5056, #3157, #2776, .T. ) ;
#5584 = CARTESIAN_POINT ( 'NONE',  ( 80.00000000000009948, 16.00000000000002487, -71.49999999999998579 ) ) ;
#5585 = LINE ( 'NONE', #5031, #1407 ) ;
#5586 = CARTESIAN_POINT ( 'NONE',  ( -97.99999999999990052, 20.00000000000001776, 16.25000000000000000 ) ) ;
#5587 = VERTEX_POINT ( 'NONE', #276 ) ;
#5588 = ORIENTED_EDGE ( 'NONE', *, *, #3112, .F. ) ;
#5589 = PLANE ( 'NONE',  #2082 ) ;
#5590 = ADVANCED_FACE ( 'NONE', ( #2809 ), #5798, .F. ) ;
#5591 = ADVANCED_FACE ( 'NONE', ( #2250 ), #2869, .T. ) ;
#5592 = DIRECTION ( 'NONE',  ( 2.387576397043347250E-16, -1.000000000000000000, 3.566332975710173193E-48 ) ) ;
#5593 = ORIENTED_EDGE ( 'NONE', *, *, #241, .T. ) ;
#5594 = DIRECTION ( 'NONE',  ( -0.000000000000000000, 0.000000000000000000, -1.000000000000000000 ) ) ;
#5595 = PLANE ( 'NONE',  #59 ) ;
#5596 = LINE ( 'NONE', #5568, #5032 ) ;
#5597 = EDGE_CURVE ( 'NONE', #6133, #1657, #3353, .T. ) ;
#5598 = DIRECTION ( 'NONE',  ( 0.000000000000000000, 0.000000000000000000, 1.000000000000000000 ) ) ;
#5599 = DIRECTION ( 'NONE',  ( 0.000000000000000000, 1.000000000000000000, 0.000000000000000000 ) ) ;
#5600 = ORIENTED_EDGE ( 'NONE', *, *, #4710, .T. ) ;
#5601 = DIRECTION ( 'NONE',  ( -2.387576397043347250E-16, 1.000000000000000000, -3.566332975710173193E-48 ) ) ;
#5602 = CYLINDRICAL_SURFACE ( 'NONE', #1412, 5.000000000000004441 ) ;
#5603 = ORIENTED_EDGE ( 'NONE', *, *, #3855, .F. ) ;
#5604 = AXIS2_PLACEMENT_3D ( 'NONE', #5414, #5544, #1032 ) ;
#5605 = PLANE ( 'NONE',  #1553 ) ;
#5606 = VERTEX_POINT ( 'NONE', #337 ) ;
#5607 = CARTESIAN_POINT ( 'NONE',  ( 60.00000000000006395, 465.0000000000000000, 16.24999999999999289 ) ) ;
#5608 = VERTEX_POINT ( 'NONE', #1352 ) ;
#5609 = AXIS2_PLACEMENT_3D ( 'NONE', #4623, #3141, #6029 ) ;
#5610 = VERTEX_POINT ( 'NONE', #3309 ) ;
#5611 = ORIENTED_EDGE ( 'NONE', *, *, #2196, .F. ) ;
#5612 = CALENDAR_DATE ( 2026, 24, 4 ) ;
#5613 = VECTOR ( 'NONE', #1701, 1000.000000000000000 ) ;
#5614 = DIRECTION ( 'NONE',  ( -5.782411586589357639E-16, 1.000000000000000000, 0.000000000000000000 ) ) ;
#5615 = FACE_OUTER_BOUND ( 'NONE', #2753, .T. ) ;
#5616 = EDGE_CURVE ( 'NONE', #20, #760, #4385, .T. ) ;
#5617 = CARTESIAN_POINT ( 'NONE',  ( -80.00000000000009948, -19.99999999999999289, -79.99999999999998579 ) ) ;
#5618 = ORIENTED_EDGE ( 'NONE', *, *, #3149, .T. ) ;
#5619 = ORIENTED_EDGE ( 'NONE', *, *, #3671, .T. ) ;
#5620 = DIRECTION ( 'NONE',  ( 0.000000000000000000, 3.160343196191257749E-48, 1.000000000000000000 ) ) ;
#5621 = DIRECTION ( 'NONE',  ( 1.968757127242515241E-32, 0.000000000000000000, -1.000000000000000000 ) ) ;
#5622 = AXIS2_PLACEMENT_3D ( 'NONE', #565, #2648, #3111 ) ;
#5623 = DIRECTION ( 'NONE',  ( -1.000000000000000000, -0.000000000000000000, -0.000000000000000000 ) ) ;
#5624 = ADVANCED_FACE ( 'NONE', ( #309 ), #6385, .T. ) ;
#5625 = LINE ( 'NONE', #5043, #1736 ) ;
#5626 = ADVANCED_FACE ( 'NONE', ( #5825 ), #1319, .F. ) ;
#5627 = DIRECTION ( 'NONE',  ( 0.000000000000000000, 0.000000000000000000, 1.000000000000000000 ) ) ;
#5628 = AXIS2_PLACEMENT_3D ( 'NONE', #1247, #262, #3697 ) ;
#5629 = DIRECTION ( 'NONE',  ( 1.000000000000000000, 0.000000000000000000, 0.000000000000000000 ) ) ;
#5630 = DIRECTION ( 'NONE',  ( -1.968757127242515241E-32, 0.000000000000000000, 1.000000000000000000 ) ) ;
#5631 = ORIENTED_EDGE ( 'NONE', *, *, #2786, .F. ) ;
#5632 = DIRECTION ( 'NONE',  ( 1.000000000000000000, 0.000000000000000000, 0.000000000000000000 ) ) ;
#5633 = CARTESIAN_POINT ( 'NONE',  ( -99.99999999999991473, 11.99999999999999645, -100.0000000000000000 ) ) ;
#5634 = CIRCLE ( 'NONE', #4590, 8.000000000000007105 ) ;
#5635 = EDGE_CURVE ( 'NONE', #2248, #3387, #5471, .T. ) ;
#5636 = ORIENTED_EDGE ( 'NONE', *, *, #1931, .F. ) ;
#5637 = CARTESIAN_POINT ( 'NONE',  ( 95.99999999999988631, -12.00000000000000000, -95.00000000000000000 ) ) ;
#5638 = DIRECTION ( 'NONE',  ( -1.224646799147353207E-16, 1.000000000000000000, 0.000000000000000000 ) ) ;
#5639 = ORIENTED_EDGE ( 'NONE', *, *, #441, .F. ) ;
#5640 = CARTESIAN_POINT ( 'NONE',  ( 125.0000000000001705, 473.0000000000001137, -30.00000000000000000 ) ) ;
#5641 = ORIENTED_EDGE ( 'NONE', *, *, #876, .F. ) ;
#5642 = ORIENTED_EDGE ( 'NONE', *, *, #5537, .T. ) ;
#5643 = ORIENTED_EDGE ( 'NONE', *, *, #5967, .T. ) ;
#5644 = AXIS2_PLACEMENT_3D ( 'NONE', #6186, #4220, #4250 ) ;
#5645 = LINE ( 'NONE', #5950, #3578 ) ;
#5646 = DIRECTION ( 'NONE',  ( -1.000000000000000000, 0.000000000000000000, 1.968757127242515241E-32 ) ) ;
#5647 = LINE ( 'NONE', #187, #1342 ) ;
#5648 = VECTOR ( 'NONE', #63, 1000.000000000000000 ) ;
#5649 = ORIENTED_EDGE ( 'NONE', *, *, #1320, .T. ) ;
#5650 = VERTEX_POINT ( 'NONE', #5047 ) ;
#5651 = CARTESIAN_POINT ( 'NONE',  ( 60.00000000000009237, -19.99999999999998224, -16.24999999999999289 ) ) ;
#5652 = EDGE_CURVE ( 'NONE', #1219, #3866, #3464, .T. ) ;
#5653 = DIRECTION ( 'NONE',  ( 0.000000000000000000, 0.000000000000000000, -1.000000000000000000 ) ) ;
#5654 = AXIS2_PLACEMENT_3D ( 'NONE', #24, #1962, #1072 ) ;
#5655 = DIRECTION ( 'NONE',  ( 1.000000000000000000, 0.000000000000000000, 0.000000000000000000 ) ) ;
#5656 = CARTESIAN_POINT ( 'NONE',  ( -67.99999999999991473, -19.99999999999999645, 100.0000000000000000 ) ) ;
#5657 = AXIS2_PLACEMENT_3D ( 'NONE', #2034, #1473, #4415 ) ;
#5658 = VECTOR ( 'NONE', #5046, 1000.000000000000000 ) ;
#5659 = DIRECTION ( 'NONE',  ( -1.000000000000000000, -0.000000000000000000, -0.000000000000000000 ) ) ;
#5660 = CARTESIAN_POINT ( 'NONE',  ( 67.99999999999990052, 16.00000000000000000, -95.00000000000000000 ) ) ;
#5661 = PLANE ( 'NONE',  #4284 ) ;
#5662 = AXIS2_PLACEMENT_3D ( 'NONE', #4811, #3234, #3856 ) ;
#5663 = ORIENTED_EDGE ( 'NONE', *, *, #2109, .F. ) ;
#5664 = CARTESIAN_POINT ( 'NONE',  ( 124.8802437372457348, 525.6843215014538373, 30.00000000000000000 ) ) ;
#5665 = AXIS2_PLACEMENT_3D ( 'NONE', #5442, #2016, #4919 ) ;
#5666 = DIRECTION ( 'NONE',  ( 1.000000000000000000, -2.220446049250311188E-14, 0.000000000000000000 ) ) ;
#5667 = VERTEX_POINT ( 'NONE', #3074 ) ;
#5668 = CIRCLE ( 'NONE', #2839, 4.000000000000003553 ) ;
#5669 = DIRECTION ( 'NONE',  ( -6.844255435263898992E-34, 0.000000000000000000, 1.000000000000000000 ) ) ;
#5670 = EDGE_CURVE ( 'NONE', #2230, #2875, #6077, .T. ) ;
#5671 = ADVANCED_FACE ( 'NONE', ( #1448 ), #5437, .T. ) ;
#5672 = CARTESIAN_POINT ( 'NONE',  ( 60.00000000000009237, 16.25000000000001776, 16.24999999999999289 ) ) ;
#5673 = ORIENTED_EDGE ( 'NONE', *, *, #4912, .T. ) ;
#5674 = DIRECTION ( 'NONE',  ( -1.000000000000000000, 0.000000000000000000, 0.000000000000000000 ) ) ;
#5675 = VERTEX_POINT ( 'NONE', #2041 ) ;
#5676 = CIRCLE ( 'NONE', #2321, 4.000000000000003553 ) ;
#5677 = ORIENTED_EDGE ( 'NONE', *, *, #1848, .F. ) ;
#5678 = ORIENTED_EDGE ( 'NONE', *, *, #3874, .T. ) ;
#5679 = LINE ( 'NONE', #319, #1563 ) ;
#5680 = CARTESIAN_POINT ( 'NONE',  ( 100.0000000000000711, 465.0000000000000000, -16.24999999999999289 ) ) ;
#5681 = FACE_OUTER_BOUND ( 'NONE', #2315, .T. ) ;
#5682 = ORIENTED_EDGE ( 'NONE', *, *, #5867, .F. ) ;
#5683 = ORIENTED_EDGE ( 'NONE', *, *, #2949, .F. ) ;
#5684 = DIRECTION ( 'NONE',  ( 1.000000000000000000, 0.000000000000000000, 0.000000000000000000 ) ) ;
#5685 = CARTESIAN_POINT ( 'NONE',  ( -91.99999999999990052, -12.00000000000000000, 95.00000000000000000 ) ) ;
#5686 = DIRECTION ( 'NONE',  ( -1.000000000000000000, 0.000000000000000000, 0.000000000000000000 ) ) ;
#5687 = CARTESIAN_POINT ( 'NONE',  ( 96.25000000000007105, 465.0000000000000000, 16.24999999999999289 ) ) ;
#5688 = ADVANCED_FACE ( 'NONE', ( #3538 ), #3998, .T. ) ;
#5689 = CARTESIAN_POINT ( 'NONE',  ( 100.0000000000000995, 20.00000000000001776, 16.24999999999999289 ) ) ;
#5690 = FACE_BOUND ( 'NONE', #605, .T. ) ;
#5691 = CARTESIAN_POINT ( 'NONE',  ( 125.0000000000001421, 524.3052788474358294, 30.00000000000000000 ) ) ;
#5692 = ORIENTED_EDGE ( 'NONE', *, *, #917, .T. ) ;
#5693 = CARTESIAN_POINT ( 'NONE',  ( -121.9251523357785345, 525.1671805061969280, 30.00000000000000000 ) ) ;
#5694 = DIRECTION ( 'NONE',  ( 0.000000000000000000, 0.000000000000000000, -1.000000000000000000 ) ) ;
#5695 = EDGE_CURVE ( 'NONE', #1554, #6239, #1026, .T. ) ;
#5696 = VERTEX_POINT ( 'NONE', #433 ) ;
#5697 = DIRECTION ( 'NONE',  ( 1.000000000000000000, 0.000000000000000000, 0.000000000000000000 ) ) ;
#5698 = DIRECTION ( 'NONE',  ( -6.844255435263898992E-34, 0.000000000000000000, 1.000000000000000000 ) ) ;
#5699 = ORIENTED_EDGE ( 'NONE', *, *, #2688, .T. ) ;
#5700 = FACE_OUTER_BOUND ( 'NONE', #4803, .T. ) ;
#5701 = ORIENTED_EDGE ( 'NONE', *, *, #2451, .T. ) ;
#5702 = EDGE_CURVE ( 'NONE', #774, #5215, #3571, .T. ) ;
#5703 = ADVANCED_FACE ( 'NONE', ( #5499, #954, #400 ), #6448, .T. ) ;
#5704 = ORIENTED_EDGE ( 'NONE', *, *, #5217, .T. ) ;
#5705 = CIRCLE ( 'NONE', #3827, 3.750000000000003553 ) ;
#5706 = EDGE_LOOP ( 'NONE', ( #1416, #1123, #3810, #5563 ) ) ;
#5707 = LINE ( 'NONE', #1758, #5317 ) ;
#5708 = VERTEX_POINT ( 'NONE', #2943 ) ;
#5709 = AXIS2_PLACEMENT_3D ( 'NONE', #496, #5601, #1119 ) ;
#5710 = DIRECTION ( 'NONE',  ( 1.000000000000000000, 0.000000000000000000, 0.000000000000000000 ) ) ;
#5711 = CARTESIAN_POINT ( 'NONE',  ( -80.00000000000009948, -19.99999999999999289, -73.00000000000000000 ) ) ;
#5712 = EDGE_CURVE ( 'NONE', #3845, #2872, #2402, .T. ) ;
#5713 = ORIENTED_EDGE ( 'NONE', *, *, #1320, .F. ) ;
#5714 = ORIENTED_EDGE ( 'NONE', *, *, #1198, .T. ) ;
#5715 = LINE ( 'NONE', #6306, #919 ) ;
#5716 = VECTOR ( 'NONE', #4148, 1000.000000000000000 ) ;
#5717 = FACE_OUTER_BOUND ( 'NONE', #4932, .T. ) ;
#5718 = FACE_BOUND ( 'NONE', #5207, .T. ) ;
#5719 = CARTESIAN_POINT ( 'NONE',  ( -80.00000000000009948, 20.00000000000001421, 88.50000000000000000 ) ) ;
#5720 = CIRCLE ( 'NONE', #1305, 1.750000000000003331 ) ;
#5721 = CARTESIAN_POINT ( 'NONE',  ( -59.99999999999991473, -19.99999999999999645, -16.24999999999999289 ) ) ;
#5722 = DIRECTION ( 'NONE',  ( 0.000000000000000000, 0.000000000000000000, 1.000000000000000000 ) ) ;
#5723 = VECTOR ( 'NONE', #3689, 1000.000000000000000 ) ;
#5724 = DIRECTION ( 'NONE',  ( 0.000000000000000000, 1.000000000000000000, 0.000000000000000000 ) ) ;
#5725 = AXIS2_PLACEMENT_3D ( 'NONE', #4371, #2432, #2922 ) ;
#5726 = EDGE_LOOP ( 'NONE', ( #2050, #1857, #692, #118 ) ) ;
#5727 = FACE_OUTER_BOUND ( 'NONE', #62, .T. ) ;
#5728 = LINE ( 'NONE', #172, #1950 ) ;
#5729 = VECTOR ( 'NONE', #3622, 1000.000000000000000 ) ;
#5730 = VERTEX_POINT ( 'NONE', #5920 ) ;
#5731 = DIRECTION ( 'NONE',  ( 0.000000000000000000, 0.000000000000000000, -1.000000000000000000 ) ) ;
#5732 = CARTESIAN_POINT ( 'NONE',  ( -63.75000000000001421, 465.0000000000000000, -19.99999999999999645 ) ) ;
#5733 = CARTESIAN_POINT ( 'NONE',  ( -91.99999999999990052, 12.00000000000000000, -95.00000000000000000 ) ) ;
#5734 = ADVANCED_FACE ( 'NONE', ( #1413 ), #1944, .T. ) ;
#5735 = VECTOR ( 'NONE', #850, 1000.000000000000000 ) ;
#5736 = ORIENTED_EDGE ( 'NONE', *, *, #5886, .T. ) ;
#5737 = DIRECTION ( 'NONE',  ( 1.000000000000000000, -5.782411586589357639E-16, 0.000000000000000000 ) ) ;
#5738 = EDGE_LOOP ( 'NONE', ( #697, #5739, #4136, #53, #3346, #914, #4794, #2224 ) ) ;
#5739 = ORIENTED_EDGE ( 'NONE', *, *, #2628, .F. ) ;
#5740 = EDGE_CURVE ( 'NONE', #442, #4937, #4975, .T. ) ;
#5741 = FACE_OUTER_BOUND ( 'NONE', #3769, .T. ) ;
#5742 = ORIENTED_EDGE ( 'NONE', *, *, #1243, .T. ) ;
#5743 = CARTESIAN_POINT ( 'NONE',  ( 63.75000000000007105, 465.0000000000000000, -18.00000000000000355 ) ) ;
#5744 = CYLINDRICAL_SURFACE ( 'NONE', #4184, 3.750000000000003553 ) ;
#5745 = ORIENTED_EDGE ( 'NONE', *, *, #4329, .T. ) ;
#5746 = EDGE_LOOP ( 'NONE', ( #2589, #476, #111, #2719 ) ) ;
#5747 = CIRCLE ( 'NONE', #4497, 8.500000000000007105 ) ;
#5748 = DIRECTION ( 'NONE',  ( 0.000000000000000000, 1.000000000000000000, 0.000000000000000000 ) ) ;
#5749 = DIRECTION ( 'NONE',  ( -1.000000000000000000, 0.000000000000000000, 0.000000000000000000 ) ) ;
#5750 = EDGE_CURVE ( 'NONE', #965, #6239, #4486, .T. ) ;
#5751 = EDGE_CURVE ( 'NONE', #5034, #3519, #502, .T. ) ;
#5752 = AXIS2_PLACEMENT_3D ( 'NONE', #3105, #5659, #2574 ) ;
#5753 = DIRECTION ( 'NONE',  ( 1.224646799147353207E-16, -1.000000000000000000, 7.495956825746694590E-50 ) ) ;
#5754 = DIRECTION ( 'NONE',  ( 0.000000000000000000, 0.000000000000000000, 1.000000000000000000 ) ) ;
#5755 = DIRECTION ( 'NONE',  ( 0.000000000000000000, 0.000000000000000000, 1.000000000000000000 ) ) ;
#5756 = CIRCLE ( 'NONE', #4500, 3.750000000000003553 ) ;
#5757 = VECTOR ( 'NONE', #4172, 1000.000000000000000 ) ;
#5758 = LINE ( 'NONE', #2835, #1457 ) ;
#5759 = DIRECTION ( 'NONE',  ( -1.000000000000000000, 2.775557561562888827E-14, 0.000000000000000000 ) ) ;
#5760 = ORIENTED_EDGE ( 'NONE', *, *, #2987, .T. ) ;
#5761 = CARTESIAN_POINT ( 'NONE',  ( -96.25000000000001421, 465.0000000000000000, 16.24999999999999289 ) ) ;
#5762 = LINE ( 'NONE', #1255, #1212 ) ;
#5763 = CIRCLE ( 'NONE', #1659, 7.999999999999992895 ) ;
#5764 = VECTOR ( 'NONE', #1070, 1000.000000000000000 ) ;
#5765 = ORIENTED_EDGE ( 'NONE', *, *, #1030, .T. ) ;
#5766 = CARTESIAN_POINT ( 'NONE',  ( -80.00000000000009948, 20.00000000000001421, -71.49999999999998579 ) ) ;
#5767 = CARTESIAN_POINT ( 'NONE',  ( -80.00000000000009948, -19.99999999999999289, 79.99999999999998579 ) ) ;
#5768 = VECTOR ( 'NONE', #5299, 1000.000000000000000 ) ;
#5769 = PLANE ( 'NONE',  #1047 ) ;
#5770 = AXIS2_PLACEMENT_3D ( 'NONE', #1136, #948, #1166 ) ;
#5771 = ORIENTED_EDGE ( 'NONE', *, *, #2697, .T. ) ;
#5772 = LINE ( 'NONE', #3710, #2349 ) ;
#5773 = ORIENTED_EDGE ( 'NONE', *, *, #1570, .T. ) ;
#5774 = EDGE_CURVE ( 'NONE', #677, #675, #1341, .T. ) ;
#5775 = VERTEX_POINT ( 'NONE', #5008 ) ;
#5776 = DIRECTION ( 'NONE',  ( 0.000000000000000000, 0.000000000000000000, 1.000000000000000000 ) ) ;
#5777 = CARTESIAN_POINT ( 'NONE',  ( 118.0000000000000711, 603.0000000000003411, -11.49999999999995737 ) ) ;
#5778 = AXIS2_PLACEMENT_3D ( 'NONE', #3319, #3840, #4763 ) ;
#5779 = ORIENTED_EDGE ( 'NONE', *, *, #1767, .F. ) ;
#5780 = EDGE_CURVE ( 'NONE', #4041, #3489, #2012, .T. ) ;
#5781 = ORIENTED_EDGE ( 'NONE', *, *, #5867, .T. ) ;
#5782 = ORIENTED_EDGE ( 'NONE', *, *, #6016, .T. ) ;
#5783 = DIRECTION ( 'NONE',  ( 1.000000000000000000, 0.000000000000000000, 0.000000000000000000 ) ) ;
#5784 = DIRECTION ( 'NONE',  ( 1.224646799147353207E-16, -1.000000000000000000, 2.899348569094233810E-49 ) ) ;
#5785 = DIRECTION ( 'NONE',  ( 1.000000000000000000, 0.000000000000000000, 0.000000000000000000 ) ) ;
#5786 = DIRECTION ( 'NONE',  ( 0.000000000000000000, 1.000000000000000000, 0.000000000000000000 ) ) ;
#5787 = ADVANCED_FACE ( 'NONE', ( #4584 ), #2141, .T. ) ;
#5788 = ADVANCED_FACE ( 'NONE', ( #2643 ), #204, .F. ) ;
#5789 = DIRECTION ( 'NONE',  ( 1.968757127242515241E-32, 0.000000000000000000, -1.000000000000000000 ) ) ;
#5790 = CYLINDRICAL_SURFACE ( 'NONE', #5662, 1.750000000000001554 ) ;
#5791 = DIRECTION ( 'NONE',  ( 5.968940992608368126E-17, -1.000000000000000000, 3.271334946041490653E-50 ) ) ;
#5792 = ORIENTED_EDGE ( 'NONE', *, *, #5059, .F. ) ;
#5793 = DIRECTION ( 'NONE',  ( 1.000000000000000000, -0.000000000000000000, 6.844255435263898992E-34 ) ) ;
#5794 = DIRECTION ( 'NONE',  ( 1.000000000000000000, 0.000000000000000000, 0.000000000000000000 ) ) ;
#5795 = EDGE_CURVE ( 'NONE', #255, #2954, #1643, .T. ) ;
#5796 = VERTEX_POINT ( 'NONE', #2176 ) ;
#5797 = CARTESIAN_POINT ( 'NONE',  ( 117.0000000000001137, 524.3052788474358294, -30.00000000000000000 ) ) ;
#5798 = PLANE ( 'NONE',  #924 ) ;
#5799 = CARTESIAN_POINT ( 'NONE',  ( -91.99999999999990052, 12.00000000000000000, 100.0000000000000000 ) ) ;
#5800 = ORIENTED_EDGE ( 'NONE', *, *, #2858, .F. ) ;
#5801 = FACE_OUTER_BOUND ( 'NONE', #5506, .T. ) ;
#5802 = DIRECTION ( 'NONE',  ( 1.224646799147353207E-16, -1.000000000000000000, 2.899348569094233810E-49 ) ) ;
#5803 = ORIENTED_EDGE ( 'NONE', *, *, #5895, .T. ) ;
#5804 = PLANE ( 'NONE',  #2104 ) ;
#5805 = CARTESIAN_POINT ( 'NONE',  ( -125.0000000000000284, 525.0000000000001137, 30.00000000000000000 ) ) ;
#5806 = ORIENTED_EDGE ( 'NONE', *, *, #1561, .T. ) ;
#5807 = ORIENTED_EDGE ( 'NONE', *, *, #4389, .T. ) ;
#5808 = EDGE_LOOP ( 'NONE', ( #1823, #5611, #4300, #4819 ) ) ;
#5809 = DIRECTION ( 'NONE',  ( 6.844255435263898992E-34, 0.000000000000000000, -1.000000000000000000 ) ) ;
#5810 = DIRECTION ( 'NONE',  ( 0.000000000000000000, 0.000000000000000000, -1.000000000000000000 ) ) ;
#5811 = AXIS2_PLACEMENT_3D ( 'NONE', #5511, #6359, #3877 ) ;
#5812 = EDGE_CURVE ( 'NONE', #1427, #6041, #105, .T. ) ;
#5813 = DIRECTION ( 'NONE',  ( 1.224646799147353207E-16, -1.000000000000000000, 7.495956825746694590E-50 ) ) ;
#5814 = CARTESIAN_POINT ( 'NONE',  ( 68.00000000000009948, 12.00000000000002132, 0.000000000000000000 ) ) ;
#5815 = AXIS2_PLACEMENT_3D ( 'NONE', #1452, #3479, #827 ) ;
#5816 = LINE ( 'NONE', #4809, #3577 ) ;
#5817 = CARTESIAN_POINT ( 'NONE',  ( 80.00000000000009948, -20.00000000000003553, 71.49999999999998579 ) ) ;
#5818 = PLANE ( 'NONE',  #2711 ) ;
#5819 = ORIENTED_EDGE ( 'NONE', *, *, #2885, .T. ) ;
#5820 = DIRECTION ( 'NONE',  ( -1.000000000000000000, -0.000000000000000000, -0.000000000000000000 ) ) ;
#5821 = EDGE_CURVE ( 'NONE', #1283, #3095, #4714, .T. ) ;
#5822 = DIRECTION ( 'NONE',  ( 2.775557561562888886E-16, -1.000000000000000000, 0.000000000000000000 ) ) ;
#5823 = EDGE_LOOP ( 'NONE', ( #1946, #2695, #5220, #21 ) ) ;
#5824 = FACE_OUTER_BOUND ( 'NONE', #4523, .T. ) ;
#5825 = FACE_OUTER_BOUND ( 'NONE', #1635, .T. ) ;
#5826 = DIRECTION ( 'NONE',  ( 5.968940992608368126E-17, -1.000000000000000000, 3.271334946041490653E-50 ) ) ;
#5827 = EDGE_LOOP ( 'NONE', ( #2435, #3625, #4434, #745 ) ) ;
#5828 = CARTESIAN_POINT ( 'NONE',  ( 115.1197562627544073, 564.0551580663352524, -30.00000000000000000 ) ) ;
#5829 = EDGE_CURVE ( 'NONE', #1051, #5083, #6152, .T. ) ;
#5830 = EDGE_LOOP ( 'NONE', ( #1539, #2158, #1038, #5050, #3389, #2343, #5510, #3597 ) ) ;
#5831 = CIRCLE ( 'NONE', #3640, 3.750000000000003553 ) ;
#5832 = EDGE_LOOP ( 'NONE', ( #6394, #3204, #3189, #3575 ) ) ;
#5833 = AXIS2_PLACEMENT_3D ( 'NONE', #3566, #5496, #591 ) ;
#5834 = CARTESIAN_POINT ( 'NONE',  ( -80.00000000000009948, 15.99999999999999645, -71.49999999999998579 ) ) ;
#5835 = CARTESIAN_POINT ( 'NONE',  ( -118.0000000000000000, 615.0000000000001137, 30.00000000000000000 ) ) ;
#5836 = ORIENTED_EDGE ( 'NONE', *, *, #3790, .T. ) ;
#5837 = ORIENTED_EDGE ( 'NONE', *, *, #6187, .F. ) ;
#5838 = ORIENTED_EDGE ( 'NONE', *, *, #4127, .T. ) ;
#5839 = DIRECTION ( 'NONE',  ( 0.000000000000000000, 0.000000000000000000, 1.000000000000000000 ) ) ;
#5840 = LINE ( 'NONE', #6308, #1102 ) ;
#5841 = CARTESIAN_POINT ( 'NONE',  ( -67.99999999999990052, -16.00000000000000000, -95.00000000000000000 ) ) ;
#5842 = CARTESIAN_POINT ( 'NONE',  ( -96.25000000000001421, 465.0000000000000000, 16.24999999999999289 ) ) ;
#5843 = ADVANCED_FACE ( 'NONE', ( #5690, #2214, #1213 ), #5169, .F. ) ;
#5844 = LINE ( 'NONE', #1307, #1331 ) ;
#5845 = DIRECTION ( 'NONE',  ( 0.000000000000000000, -1.000000000000000000, 0.000000000000000000 ) ) ;
#5846 = AXIS2_PLACEMENT_3D ( 'NONE', #5911, #5429, #2930 ) ;
#5847 = CARTESIAN_POINT ( 'NONE',  ( -117.0000000000000426, 468.0000000000000000, 30.00000000000000000 ) ) ;
#5848 = VECTOR ( 'NONE', #4318, 1000.000000000000000 ) ;
#5849 = VERTEX_POINT ( 'NONE', #6216 ) ;
#5850 = LINE ( 'NONE', #4880, #1616 ) ;
#5851 = DIRECTION ( 'NONE',  ( -0.000000000000000000, -3.160343196191257749E-48, -1.000000000000000000 ) ) ;
#5852 = CIRCLE ( 'NONE', #3354, 3.750000000000003553 ) ;
#5853 = EDGE_CURVE ( 'NONE', #3153, #2228, #412, .T. ) ;
#5854 = DIRECTION ( 'NONE',  ( 1.000000000000000000, 0.000000000000000000, 0.000000000000000000 ) ) ;
#5855 = DIRECTION ( 'NONE',  ( -0.1723803317522503709, 0.9850304671557038594, 0.000000000000000000 ) ) ;
#5856 = DIRECTION ( 'NONE',  ( -1.000000000000000000, 0.000000000000000000, 0.000000000000000000 ) ) ;
#5857 = AXIS2_PLACEMENT_3D ( 'NONE', #4655, #5209, #5517 ) ;
#5858 = ORIENTED_EDGE ( 'NONE', *, *, #3947, .T. ) ;
#5859 = DIRECTION ( 'NONE',  ( -0.000000000000000000, -0.000000000000000000, -1.000000000000000000 ) ) ;
#5860 = VECTOR ( 'NONE', #3072, 1000.000000000000000 ) ;
#5861 = VERTEX_POINT ( 'NONE', #3667 ) ;
#5862 = LINE ( 'NONE', #3905, #2476 ) ;
#5863 = VERTEX_POINT ( 'NONE', #134 ) ;
#5864 = CIRCLE ( 'NONE', #4723, 3.999999999999989786 ) ;
#5865 = EDGE_CURVE ( 'NONE', #5650, #4358, #5077, .T. ) ;
#5866 = AXIS2_PLACEMENT_3D ( 'NONE', #5233, #5363, #6311 ) ;
#5867 = EDGE_CURVE ( 'NONE', #4662, #4454, #168, .T. ) ;
#5868 = CIRCLE ( 'NONE', #3886, 5.000000000000004441 ) ;
#5869 = DIRECTION ( 'NONE',  ( 0.000000000000000000, 0.000000000000000000, 1.000000000000000000 ) ) ;
#5870 = CARTESIAN_POINT ( 'NONE',  ( -80.00000000000009948, -19.99999999999999289, -79.99999999999998579 ) ) ;
#5871 = ORIENTED_EDGE ( 'NONE', *, *, #3552, .T. ) ;
#5872 = CIRCLE ( 'NONE', #3684, 8.500000000000007105 ) ;
#5873 = ORIENTED_EDGE ( 'NONE', *, *, #5750, .T. ) ;
#5874 = ORIENTED_EDGE ( 'NONE', *, *, #6169, .T. ) ;
#5875 = LINE ( 'NONE', #4438, #5024 ) ;
#5876 = CIRCLE ( 'NONE', #4310, 6.999999999999992006 ) ;
#5877 = CARTESIAN_POINT ( 'NONE',  ( 118.0000000000000711, 603.0000000000003411, -14.99999999999996447 ) ) ;
#5878 = PLANE ( 'NONE',  #5115 ) ;
#5879 = ORIENTED_EDGE ( 'NONE', *, *, #4657, .T. ) ;
#5880 = CARTESIAN_POINT ( 'NONE',  ( 122.0449085985330271, 524.4828590047433181, 30.00000000000000000 ) ) ;
#5881 = EDGE_CURVE ( 'NONE', #584, #2872, #6092, .T. ) ;
#5882 = DIRECTION ( 'NONE',  ( 0.000000000000000000, 0.000000000000000000, 1.000000000000000000 ) ) ;
#5883 = DIRECTION ( 'NONE',  ( 0.000000000000000000, 0.000000000000000000, 1.000000000000000000 ) ) ;
#5884 = ORIENTED_EDGE ( 'NONE', *, *, #1018, .F. ) ;
#5885 = LINE ( 'NONE', #1378, #2466 ) ;
#5886 = EDGE_CURVE ( 'NONE', #5083, #3744, #5864, .T. ) ;
#5887 = CARTESIAN_POINT ( 'NONE',  ( 64.00000000000009948, -11.99999999999997691, -8.673617379884035472E-16 ) ) ;
#5888 = CARTESIAN_POINT ( 'NONE',  ( -59.99999999999990052, -11.99999999999999822, 100.0000000000000000 ) ) ;
#5889 = CARTESIAN_POINT ( 'NONE',  ( -122.0000000000000568, 473.0000000000000568, -30.00000000000000000 ) ) ;
#5890 = DIRECTION ( 'NONE',  ( 0.000000000000000000, 0.000000000000000000, -1.000000000000000000 ) ) ;
#5891 = ORIENTED_EDGE ( 'NONE', *, *, #1889, .T. ) ;
#5892 = DIRECTION ( 'NONE',  ( 0.000000000000000000, 0.000000000000000000, -1.000000000000000000 ) ) ;
#5893 = EDGE_CURVE ( 'NONE', #966, #1365, #2311, .T. ) ;
#5894 = FACE_OUTER_BOUND ( 'NONE', #4200, .T. ) ;
#5895 = EDGE_CURVE ( 'NONE', #3686, #350, #5978, .T. ) ;
#5896 = FACE_BOUND ( 'NONE', #2144, .T. ) ;
#5897 = VERTEX_POINT ( 'NONE', #4619 ) ;
#5898 = ORIENTED_EDGE ( 'NONE', *, *, #2699, .F. ) ;
#5899 = FACE_OUTER_BOUND ( 'NONE', #5726, .T. ) ;
#5900 = ADVANCED_FACE ( 'NONE', ( #6119 ), #1677, .F. ) ;
#5901 = ORIENTED_EDGE ( 'NONE', *, *, #3008, .F. ) ;
#5902 = EDGE_CURVE ( 'NONE', #2741, #3702, #3201, .T. ) ;
#5903 = VERTEX_POINT ( 'NONE', #2705 ) ;
#5904 = ORIENTED_EDGE ( 'NONE', *, *, #708, .T. ) ;
#5905 = CARTESIAN_POINT ( 'NONE',  ( 118.0000000000000711, 603.0000000000003411, 11.49999999999896438 ) ) ;
#5906 = CALENDAR_DATE ( 2026, 24, 4 ) ;
#5907 = CARTESIAN_POINT ( 'NONE',  ( 80.00000000000009948, -31.99999999999999289, 94.99999999999998579 ) ) ;
#5908 = EDGE_CURVE ( 'NONE', #4306, #5413, #1741, .T. ) ;
#5909 = DIRECTION ( 'NONE',  ( 0.000000000000000000, -1.000000000000000000, 0.000000000000000000 ) ) ;
#5910 = ORIENTED_EDGE ( 'NONE', *, *, #546, .F. ) ;
#5911 = CARTESIAN_POINT ( 'NONE',  ( 118.0000000000000711, 605.0000000000001137, -19.99999999999999645 ) ) ;
#5912 = VECTOR ( 'NONE', #1891, 1000.000000000000000 ) ;
#5913 = CARTESIAN_POINT ( 'NONE',  ( 60.00000000000009237, 12.00000000000001776, 100.0000000000000000 ) ) ;
#5914 = CARTESIAN_POINT ( 'NONE',  ( 118.0000000000000568, 565.4342007203531466, -30.00000000000000000 ) ) ;
#5915 = ORIENTED_EDGE ( 'NONE', *, *, #4529, .T. ) ;
#5916 = CARTESIAN_POINT ( 'NONE',  ( 63.99999999999990763, 12.00000000000000000, -95.00000000000000000 ) ) ;
#5917 = CARTESIAN_POINT ( 'NONE',  ( -100.0000000000000142, 465.0000000000000000, -16.24999999999999289 ) ) ;
#5918 = AXIS2_PLACEMENT_3D ( 'NONE', #5924, #2481, #2448 ) ;
#5919 = CARTESIAN_POINT ( 'NONE',  ( -63.75000000000001421, 465.0000000000000000, -16.25000000000000000 ) ) ;
#5920 = CARTESIAN_POINT ( 'NONE',  ( -124.8802437372456353, 525.6843215014537236, -30.00000000000000000 ) ) ;
#5921 = AXIS2_PLACEMENT_3D ( 'NONE', #5989, #102, #1476 ) ;
#5922 = DIRECTION ( 'NONE',  ( 0.000000000000000000, 1.000000000000000000, 0.000000000000000000 ) ) ;
#5923 = ORIENTED_EDGE ( 'NONE', *, *, #81, .T. ) ;
#5924 = CARTESIAN_POINT ( 'NONE',  ( -123.0000000000000000, 565.4342007203525782, -30.00000000000000000 ) ) ;
#5925 = CARTESIAN_POINT ( 'NONE',  ( 80.00000000000009948, 20.00000000000001776, 20.00000000000000355 ) ) ;
#5926 = DIRECTION ( 'NONE',  ( 1.968757127242515241E-32, 0.000000000000000000, -1.000000000000000000 ) ) ;
#5927 = AXIS2_PLACEMENT_3D ( 'NONE', #1928, #1371, #3949 ) ;
#5928 = ORIENTED_EDGE ( 'NONE', *, *, #2414, .F. ) ;
#5929 = ADVANCED_FACE ( 'NONE', ( #4877 ), #5329, .T. ) ;
#5930 = VECTOR ( 'NONE', #6156, 1000.000000000000000 ) ;
#5931 = ORIENTED_EDGE ( 'NONE', *, *, #4534, .F. ) ;
#5932 = CYLINDRICAL_SURFACE ( 'NONE', #143, 6.999999999999992006 ) ;
#5933 = VERTEX_POINT ( 'NONE', #723 ) ;
#5934 = SECURITY_CLASSIFICATION ( '', '', #5552 ) ;
#5935 = EDGE_LOOP ( 'NONE', ( #5683, #347, #2627, #938 ) ) ;
#5936 = VECTOR ( 'NONE', #3239, 1000.000000000000000 ) ;
#5937 = VERTEX_POINT ( 'NONE', #4777 ) ;
#5938 = ADVANCED_FACE ( 'NONE', ( #2739 ), #331, .T. ) ;
#5939 = DIRECTION ( 'NONE',  ( 6.844255435263898992E-34, 0.000000000000000000, -1.000000000000000000 ) ) ;
#5940 = PERSON_AND_ORGANIZATION ( #410, #6463 ) ;
#5941 = VECTOR ( 'NONE', #5389, 1000.000000000000000 ) ;
#5942 = CARTESIAN_POINT ( 'NONE',  ( 118.0748476642214939, 564.5722990615919343, 30.00000000000000000 ) ) ;
#5943 = CARTESIAN_POINT ( 'NONE',  ( -114.9999999999999858, 603.0000000000003411, -11.49999999999995737 ) ) ;
#5944 = ORIENTED_EDGE ( 'NONE', *, *, #22, .F. ) ;
#5945 = VERTEX_POINT ( 'NONE', #4747 ) ;
#5946 = DIRECTION ( 'NONE',  ( 1.000000000000000000, 0.000000000000000000, 0.000000000000000000 ) ) ;
#5947 = EDGE_CURVE ( 'NONE', #382, #4417, #233, .T. ) ;
#5948 = EDGE_CURVE ( 'NONE', #6429, #2530, #360, .T. ) ;
#5949 = CARTESIAN_POINT ( 'NONE',  ( -80.00000000000009948, -20.00000000000003553, -88.50000000000000000 ) ) ;
#5950 = CARTESIAN_POINT ( 'NONE',  ( -91.99999999999990052, -19.99999999999999289, 0.000000000000000000 ) ) ;
#5951 = ORIENTED_EDGE ( 'NONE', *, *, #955, .T. ) ;
#5952 = DIRECTION ( 'NONE',  ( -0.000000000000000000, 0.000000000000000000, 1.000000000000000000 ) ) ;
#5953 = CARTESIAN_POINT ( 'NONE',  ( 80.00000000000009948, 16.25000000000002132, 18.00000000000000000 ) ) ;
#5954 = CIRCLE ( 'NONE', #3022, 1.750000000000001554 ) ;
#5955 = CARTESIAN_POINT ( 'NONE',  ( 92.00000000000009948, 12.00000000000001954, 8.673617379884035472E-16 ) ) ;
#5957 = VECTOR ( 'NONE', #5431, 1000.000000000000000 ) ;
#5956 = CARTESIAN_POINT ( 'NONE',  ( 80.00000000000009948, 20.00000000000002487, -16.24999999999999289 ) ) ;
#5958 = DIRECTION ( 'NONE',  ( -0.000000000000000000, -0.000000000000000000, -1.000000000000000000 ) ) ;
#5959 = ORIENTED_EDGE ( 'NONE', *, *, #1180, .T. ) ;
#5960 = DIRECTION ( 'NONE',  ( -1.000000000000000000, 0.000000000000000000, 0.000000000000000000 ) ) ;
#5961 = CARTESIAN_POINT ( 'NONE',  ( 80.00000000000009948, -31.99999999999999289, -86.99999999999998579 ) ) ;
#5962 = CARTESIAN_POINT ( 'NONE',  ( -60.00000000000001421, 465.0000000000000000, 16.24999999999999289 ) ) ;
#5963 = VECTOR ( 'NONE', #6437, 1000.000000000000000 ) ;
#5964 = EDGE_LOOP ( 'NONE', ( #1451, #4330, #5803, #2601 ) ) ;
#5965 = AXIS2_PLACEMENT_3D ( 'NONE', #1396, #6431, #5384 ) ;
#5966 = AXIS2_PLACEMENT_3D ( 'NONE', #4667, #1728, #4141 ) ;
#5967 = EDGE_CURVE ( 'NONE', #1005, #1918, #2768, .T. ) ;
#5968 = EDGE_LOOP ( 'NONE', ( #2452, #3058 ) ) ;
#5969 = DIRECTION ( 'NONE',  ( 0.000000000000000000, 0.000000000000000000, -1.000000000000000000 ) ) ;
#5970 = ORIENTED_EDGE ( 'NONE', *, *, #3948, .T. ) ;
#5971 = EDGE_CURVE ( 'NONE', #5215, #966, #3332, .T. ) ;
#5972 = VECTOR ( 'NONE', #2322, 1000.000000000000000 ) ;
#5973 = VECTOR ( 'NONE', #761, 1000.000000000000000 ) ;
#5974 = ORIENTED_EDGE ( 'NONE', *, *, #668, .F. ) ;
#5975 = ORIENTED_EDGE ( 'NONE', *, *, #4612, .F. ) ;
#5976 = CARTESIAN_POINT ( 'NONE',  ( 117.0000000000001137, 524.3052788474358294, 30.00000000000000000 ) ) ;
#5977 = CARTESIAN_POINT ( 'NONE',  ( 0.000000000000000000, 0.000000000000000000, 0.000000000000000000 ) ) ;
#5978 = CIRCLE ( 'NONE', #717, 3.500000000000058620 ) ;
#5979 = CLOSED_SHELL ( 'NONE', ( #357, #5428, #6373, #2135, #1433, #4734, #899, #2896, #4783, #242, #3906, #4547, #2053, #1012, #4593, #3482, #6115, #4057, #3506, #524, #755, #3758, #2425, #6365, #5787, #3844, #918, #5938, #1877, #3767, #2726, #4664, #4861, #599, #3459, #2762, #818, #40, #720, #2443, #3585, #4137, #1601, #3601, #1229, #6214, #5347, #4031, #1268, #1729, #5900, #5508, #5590, #1082, #2647, #3086, #2239, #5626, #2581, #1795, #57, #167, #662, #5074, #3450, #358 ) ) ;
#5980 = FACE_OUTER_BOUND ( 'NONE', #4304, .T. ) ;
#5981 = EDGE_CURVE ( 'NONE', #4018, #4631, #5758, .T. ) ;
#5982 = FACE_OUTER_BOUND ( 'NONE', #417, .T. ) ;
#5983 = VERTEX_POINT ( 'NONE', #2313 ) ;
#5984 = EDGE_LOOP ( 'NONE', ( #1824, #6315 ) ) ;
#5985 = CIRCLE ( 'NONE', #4627, 1.750000000000001554 ) ;
#5986 = LINE ( 'NONE', #485, #2497 ) ;
#5987 = FACE_OUTER_BOUND ( 'NONE', #976, .T. ) ;
#5988 = EDGE_LOOP ( 'NONE', ( #3012, #3691, #5901, #3312 ) ) ;
#5989 = CARTESIAN_POINT ( 'NONE',  ( 80.00000000000009948, -20.00000000000003553, -79.99999999999998579 ) ) ;
#5990 = AXIS2_PLACEMENT_3D ( 'NONE', #4355, #5958, #3476 ) ;
#5991 = DIRECTION ( 'NONE',  ( -1.968757127242515241E-32, 0.000000000000000000, 1.000000000000000000 ) ) ;
#5992 = ADVANCED_FACE ( 'NONE', ( #6372, #4317 ), #6282, .F. ) ;
#5993 = LINE ( 'NONE', #3963, #2307 ) ;
#5994 = CARTESIAN_POINT ( 'NONE',  ( 115.0000000000000711, 603.0000000000003411, 14.99999999999896971 ) ) ;
#5995 = CARTESIAN_POINT ( 'NONE',  ( -95.99999999999988631, -12.00000000000000000, -95.00000000000000000 ) ) ;
#5996 = ORIENTED_EDGE ( 'NONE', *, *, #6477, .F. ) ;
#5997 = DIRECTION ( 'NONE',  ( 1.000000000000000000, 0.000000000000000000, 0.000000000000000000 ) ) ;
#5998 = FACE_OUTER_BOUND ( 'NONE', #4042, .T. ) ;
#5999 = CARTESIAN_POINT ( 'NONE',  ( 95.99999999999988631, -12.00000000000000000, -95.00000000000000000 ) ) ;
#6000 = EDGE_CURVE ( 'NONE', #2515, #447, #265, .T. ) ;
#6001 = EDGE_CURVE ( 'NONE', #6302, #543, #4848, .T. ) ;
#6002 = VERTEX_POINT ( 'NONE', #2276 ) ;
#6003 = CYLINDRICAL_SURFACE ( 'NONE', #3568, 8.500000000000007105 ) ;
#6004 = EDGE_LOOP ( 'NONE', ( #4155, #6322, #178, #48 ) ) ;
#6005 = CARTESIAN_POINT ( 'NONE',  ( -67.99999999999990052, -16.00000000000000000, -100.0000000000000000 ) ) ;
#6006 = EDGE_LOOP ( 'NONE', ( #5548, #5262 ) ) ;
#6007 = ORIENTED_EDGE ( 'NONE', *, *, #5208, .F. ) ;
#6008 = ORIENTED_EDGE ( 'NONE', *, *, #1073, .F. ) ;
#6009 = CYLINDRICAL_SURFACE ( 'NONE', #4503, 3.500000000000003109 ) ;
#6010 = COORDINATED_UNIVERSAL_TIME_OFFSET ( 8, 0, .AHEAD. ) ;
#6011 = FACE_OUTER_BOUND ( 'NONE', #1441, .T. ) ;
#6012 = DIRECTION ( 'NONE',  ( 1.000000000000000000, 2.220446049250311109E-16, 0.000000000000000000 ) ) ;
#6013 = ORIENTED_EDGE ( 'NONE', *, *, #1073, .T. ) ;
#6014 = EDGE_LOOP ( 'NONE', ( #5353, #4927 ) ) ;
#6015 = FACE_OUTER_BOUND ( 'NONE', #4528, .T. ) ;
#6016 = EDGE_CURVE ( 'NONE', #2824, #993, #2341, .T. ) ;
#6017 = CARTESIAN_POINT ( 'NONE',  ( 117.0000000000001563, 468.0000000000000568, -30.00000000000000000 ) ) ;
#6018 = ORIENTED_EDGE ( 'NONE', *, *, #3862, .F. ) ;
#6019 = CARTESIAN_POINT ( 'NONE',  ( 125.0000000000001705, 473.0000000000001137, -30.00000000000000000 ) ) ;
#6020 = CARTESIAN_POINT ( 'NONE',  ( 80.00000000000009948, -20.00000000000003553, 79.99999999999998579 ) ) ;
#6021 = CIRCLE ( 'NONE', #2456, 8.500000000000007105 ) ;
#6022 = DIRECTION ( 'NONE',  ( 0.000000000000000000, 0.000000000000000000, 1.000000000000000000 ) ) ;
#6023 = ADVANCED_FACE ( 'NONE', ( #1251 ), #4282, .F. ) ;
#6024 = CARTESIAN_POINT ( 'NONE',  ( -80.00000000000009948, -31.99999999999999289, -79.99999999999998579 ) ) ;
#6025 = ADVANCED_FACE ( 'NONE', ( #2801 ), #5790, .F. ) ;
#6026 = CARTESIAN_POINT ( 'NONE',  ( -117.9999999999999858, 565.4342007203525782, -30.00000000000000000 ) ) ;
#6027 = VECTOR ( 'NONE', #2351, 1000.000000000000000 ) ;
#6028 = ORIENTED_EDGE ( 'NONE', *, *, #2033, .T. ) ;
#6029 = DIRECTION ( 'NONE',  ( 0.000000000000000000, -1.000000000000000000, 0.000000000000000000 ) ) ;
#6030 = DIRECTION ( 'NONE',  ( 1.000000000000000000, -0.000000000000000000, -0.000000000000000000 ) ) ;
#6031 = CARTESIAN_POINT ( 'NONE',  ( 68.00000000000009948, -11.99999999999998046, 100.0000000000000000 ) ) ;
#6032 = ORIENTED_EDGE ( 'NONE', *, *, #5490, .T. ) ;
#6033 = AXIS2_PLACEMENT_3D ( 'NONE', #6390, #1947, #3441 ) ;
#6034 = EDGE_CURVE ( 'NONE', #5289, #6002, #4407, .T. ) ;
#6035 = EDGE_CURVE ( 'NONE', #2956, #3564, #3367, .T. ) ;
#6036 = DIRECTION ( 'NONE',  ( 1.968757127242515241E-32, 0.000000000000000000, -1.000000000000000000 ) ) ;
#6037 = ORIENTED_EDGE ( 'NONE', *, *, #3592, .T. ) ;
#6038 = FACE_OUTER_BOUND ( 'NONE', #4591, .T. ) ;
#6039 = ORIENTED_EDGE ( 'NONE', *, *, #2962, .F. ) ;
#6040 = CIRCLE ( 'NONE', #3316, 4.000000000000003553 ) ;
#6041 = VERTEX_POINT ( 'NONE', #2898 ) ;
#6042 = VERTEX_POINT ( 'NONE', #5464 ) ;
#6043 = CYLINDRICAL_SURFACE ( 'NONE', #4571, 5.000000000000004441 ) ;
#6044 = PLANE ( 'NONE',  #5550 ) ;
#6045 = AXIS2_PLACEMENT_3D ( 'NONE', #5680, #1167, #1596 ) ;
#6046 = VERTEX_POINT ( 'NONE', #2469 ) ;
#6047 = VERTEX_POINT ( 'NONE', #486 ) ;
#6048 = LINE ( 'NONE', #1537, #1760 ) ;
#6049 = DIRECTION ( 'NONE',  ( -1.000000000000000000, 0.000000000000000000, 0.000000000000000000 ) ) ;
#6050 = AXIS2_PLACEMENT_3D ( 'NONE', #1738, #1674, #751 ) ;
#6051 = ORIENTED_EDGE ( 'NONE', *, *, #3545, .F. ) ;
#6052 = DIRECTION ( 'NONE',  ( -2.891205793294677833E-16, -1.000000000000000000, 0.000000000000000000 ) ) ;
#6053 = DIRECTION ( 'NONE',  ( 0.000000000000000000, 1.000000000000000000, 0.000000000000000000 ) ) ;
#6054 = EDGE_CURVE ( 'NONE', #1100, #1991, #1562, .T. ) ;
#6055 = CARTESIAN_POINT ( 'NONE',  ( 60.00000000000009237, -16.24999999999998224, -18.00000000000000000 ) ) ;
#6056 = DIRECTION ( 'NONE',  ( 1.000000000000000000, 0.000000000000000000, 0.000000000000000000 ) ) ;
#6057 = LINE ( 'NONE', #6093, #493 ) ;
#6058 = VERTEX_POINT ( 'NONE', #1969 ) ;
#6059 = LINE ( 'NONE', #4156, #37 ) ;
#6060 = DIRECTION ( 'NONE',  ( 1.000000000000000000, 0.000000000000000000, 0.000000000000000000 ) ) ;
#6061 = DIRECTION ( 'NONE',  ( -1.000000000000000000, 0.000000000000000000, 0.000000000000000000 ) ) ;
#6062 = EDGE_CURVE ( 'NONE', #2625, #2485, #3430, .T. ) ;
#6063 = EDGE_LOOP ( 'NONE', ( #4174, #2465, #896, #5023, #831, #1287, #4694, #1196 ) ) ;
#6064 = CARTESIAN_POINT ( 'NONE',  ( 80.00000000000009948, -20.00000000000003553, -79.99999999999998579 ) ) ;
#6065 = CIRCLE ( 'NONE', #4177, 3.750000000000003553 ) ;
#6066 = ORIENTED_EDGE ( 'NONE', *, *, #3975, .F. ) ;
#6067 = DIRECTION ( 'NONE',  ( 0.000000000000000000, -1.000000000000000000, 0.000000000000000000 ) ) ;
#6068 = CIRCLE ( 'NONE', #5124, 3.500000000000006661 ) ;
#6069 = ORIENTED_EDGE ( 'NONE', *, *, #2536, .F. ) ;
#6070 = EDGE_CURVE ( 'NONE', #4018, #2248, #2539, .T. ) ;
#6071 = ADVANCED_FACE ( 'NONE', ( #5987 ), #2405, .T. ) ;
#6072 = ORIENTED_EDGE ( 'NONE', *, *, #3937, .T. ) ;
#6073 = VECTOR ( 'NONE', #2031, 1000.000000000000000 ) ;
#6074 = VECTOR ( 'NONE', #3950, 1000.000000000000000 ) ;
#6075 = ORIENTED_EDGE ( 'NONE', *, *, #4988, .T. ) ;
#6076 = FACE_OUTER_BOUND ( 'NONE', #2217, .T. ) ;
#6077 = CIRCLE ( 'NONE', #4301, 7.999999999999992895 ) ;
#6078 = CARTESIAN_POINT ( 'NONE',  ( 117.0000000000001563, 473.0000000000001137, 30.00000000000000000 ) ) ;
#6079 = AXIS2_PLACEMENT_3D ( 'NONE', #399, #2011, #6022 ) ;
#6080 = DIRECTION ( 'NONE',  ( 0.000000000000000000, 0.000000000000000000, -1.000000000000000000 ) ) ;
#6081 = EDGE_CURVE ( 'NONE', #1810, #4425, #3258, .T. ) ;
#6082 = VERTEX_POINT ( 'NONE', #5913 ) ;
#6083 = ORIENTED_EDGE ( 'NONE', *, *, #3287, .F. ) ;
#6084 = CARTESIAN_POINT ( 'NONE',  ( 80.00000000000011369, 20.00000000000001776, 20.00000000000000355 ) ) ;
#6085 = CARTESIAN_POINT ( 'NONE',  ( -96.24999999999990052, 20.00000000000001776, -19.99999999999999645 ) ) ;
#6086 = ORIENTED_EDGE ( 'NONE', *, *, #1685, .T. ) ;
#6087 = CARTESIAN_POINT ( 'NONE',  ( -96.25000000000001421, 465.0000000000000000, 20.00000000000000355 ) ) ;
#6088 = DIRECTION ( 'NONE',  ( 5.968940992608368126E-17, -1.000000000000000000, 3.271334946041490653E-50 ) ) ;
#6089 = VECTOR ( 'NONE', #4555, 1000.000000000000000 ) ;
#6090 = APPROVAL ( #3021, '未指定' ) ;
#6091 = DIRECTION ( 'NONE',  ( 0.000000000000000000, 0.000000000000000000, 1.000000000000000000 ) ) ;
#6092 = LINE ( 'NONE', #5660, #5456 ) ;
#6093 = CARTESIAN_POINT ( 'NONE',  ( -122.0000000000000284, 525.0000000000001137, 30.00000000000000000 ) ) ;
#6094 = AXIS2_PLACEMENT_3D ( 'NONE', #1687, #1260, #5311 ) ;
#6095 = ORIENTED_EDGE ( 'NONE', *, *, #2778, .F. ) ;
#6096 = CARTESIAN_POINT ( 'NONE',  ( -117.0000000000000426, 473.0000000000000568, 30.00000000000000000 ) ) ;
#6097 = DIRECTION ( 'NONE',  ( 1.968757127242515241E-32, 0.000000000000000000, -1.000000000000000000 ) ) ;
#6098 = ORIENTED_EDGE ( 'NONE', *, *, #2196, .T. ) ;
#6099 = FACE_OUTER_BOUND ( 'NONE', #3687, .T. ) ;
#6100 = ADVANCED_FACE ( 'NONE', ( #456, #3955 ), #1008, .T. ) ;
#6101 = ORIENTED_EDGE ( 'NONE', *, *, #1530, .F. ) ;
#6102 = DIRECTION ( 'NONE',  ( 0.000000000000000000, 1.000000000000000000, 0.000000000000000000 ) ) ;
#6103 = ORIENTED_EDGE ( 'NONE', *, *, #70, .F. ) ;
#6104 = ORIENTED_EDGE ( 'NONE', *, *, #4312, .T. ) ;
#6105 = ORIENTED_EDGE ( 'NONE', *, *, #682, .T. ) ;
#6106 = EDGE_CURVE ( 'NONE', #207, #6162, #2502, .T. ) ;
#6107 = EDGE_CURVE ( 'NONE', #3778, #5945, #508, .T. ) ;
#6108 = DIRECTION ( 'NONE',  ( -1.000000000000000000, 0.000000000000000000, 0.000000000000000000 ) ) ;
#6109 = CARTESIAN_POINT ( 'NONE',  ( -63.99999999999990763, 11.99999999999999822, 95.00000000000000000 ) ) ;
#6110 = CARTESIAN_POINT ( 'NONE',  ( -59.99999999999991473, 18.00000000000000711, 16.25000000000000000 ) ) ;
#6111 = EDGE_LOOP ( 'NONE', ( #1683, #5581, #4728, #5286 ) ) ;
#6112 = ORIENTED_EDGE ( 'NONE', *, *, #3261, .F. ) ;
#6113 = CYLINDRICAL_SURFACE ( 'NONE', #3666, 3.500000000000006661 ) ;
#6114 = DIRECTION ( 'NONE',  ( -0.000000000000000000, -1.000000000000000000, -0.000000000000000000 ) ) ;
#6115 = ADVANCED_FACE ( 'NONE', ( #3498 ), #4514, .T. ) ;
#6116 = DIRECTION ( 'NONE',  ( -1.000000000000000000, 0.000000000000000000, 0.000000000000000000 ) ) ;
#6117 = CARTESIAN_POINT ( 'NONE',  ( -91.99999999999990052, -15.99999999999999289, -100.0000000000000000 ) ) ;
#6118 = LINE ( 'NONE', #558, #4288 ) ;
#6119 = FACE_OUTER_BOUND ( 'NONE', #562, .T. ) ;
#6120 = DIRECTION ( 'NONE',  ( -4.625929269271477039E-16, -1.000000000000000000, 0.000000000000000000 ) ) ;
#6121 = ORIENTED_EDGE ( 'NONE', *, *, #41, .T. ) ;
#6122 = DIRECTION ( 'NONE',  ( -1.000000000000000000, -1.224646799147353207E-16, -0.000000000000000000 ) ) ;
#6123 = CARTESIAN_POINT ( 'NONE',  ( 96.00000000000009948, -11.99999999999997691, 0.000000000000000000 ) ) ;
#6124 = EDGE_LOOP ( 'NONE', ( #4432, #5305 ) ) ;
#6125 = DIRECTION ( 'NONE',  ( 1.000000000000000000, 0.000000000000000000, 0.000000000000000000 ) ) ;
#6126 = AXIS2_PLACEMENT_3D ( 'NONE', #49, #1620, #5674 ) ;
#6127 = CARTESIAN_POINT ( 'NONE',  ( 117.0000000000001563, 468.0000000000000568, 30.00000000000000000 ) ) ;
#6128 = ORIENTED_EDGE ( 'NONE', *, *, #139, .T. ) ;
#6129 = CARTESIAN_POINT ( 'NONE',  ( -67.99999999999991473, -12.00000000000000000, -100.0000000000000000 ) ) ;
#6130 = ORIENTED_EDGE ( 'NONE', *, *, #3682, .T. ) ;
#6131 = AXIS2_PLACEMENT_3D ( 'NONE', #5344, #3967, #5960 ) ;
#6132 = ADVANCED_FACE ( 'NONE', ( #947 ), #4907, .T. ) ;
#6133 = VERTEX_POINT ( 'NONE', #2933 ) ;
#6134 = ORIENTED_EDGE ( 'NONE', *, *, #739, .T. ) ;
#6135 = AXIS2_PLACEMENT_3D ( 'NONE', #1906, #5820, #3960 ) ;
#6136 = CARTESIAN_POINT ( 'NONE',  ( -95.99999999999988631, -12.00000000000000000, -95.00000000000000000 ) ) ;
#6137 = DIRECTION ( 'NONE',  ( -1.000000000000000000, -0.000000000000000000, 0.000000000000000000 ) ) ;
#6138 = DIRECTION ( 'NONE',  ( -1.000000000000000000, 0.000000000000000000, 0.000000000000000000 ) ) ;
#6139 = ORIENTED_EDGE ( 'NONE', *, *, #5355, .T. ) ;
#6140 = AXIS2_PLACEMENT_3D ( 'NONE', #4639, #5186, #2692 ) ;
#6141 = EDGE_LOOP ( 'NONE', ( #2894, #2440, #2021, #1156 ) ) ;
#6142 = LOCAL_TIME ( 15, 28, 14.00000000000000000, #479 ) ;
#6143 = CARTESIAN_POINT ( 'NONE',  ( 67.99999999999990052, -16.00000000000000000, -95.00000000000000000 ) ) ;
#6144 = PLANE ( 'NONE',  #5566 ) ;
#6145 = VECTOR ( 'NONE', #1235, 1000.000000000000000 ) ;
#6146 = FACE_OUTER_BOUND ( 'NONE', #2292, .T. ) ;
#6147 = CARTESIAN_POINT ( 'NONE',  ( 115.0000000000000711, 603.0000000000003411, 11.49999999999896438 ) ) ;
#6148 = EDGE_CURVE ( 'NONE', #4211, #873, #1375, .T. ) ;
#6149 = EDGE_CURVE ( 'NONE', #3014, #3262, #2940, .T. ) ;
#6150 = LINE ( 'NONE', #5140, #3678 ) ;
#6151 = VECTOR ( 'NONE', #3501, 1000.000000000000000 ) ;
#6152 = LINE ( 'NONE', #559, #6395 ) ;
#6153 = DIRECTION ( 'NONE',  ( -1.000000000000000000, -2.775557561562888886E-16, 0.000000000000000000 ) ) ;
#6154 = ORIENTED_EDGE ( 'NONE', *, *, #4246, .F. ) ;
#6155 = DIRECTION ( 'NONE',  ( -5.968940992608368126E-17, 1.000000000000000000, -3.271334946041490653E-50 ) ) ;
#6156 = DIRECTION ( 'NONE',  ( -0.000000000000000000, -0.000000000000000000, -1.000000000000000000 ) ) ;
#6157 = ORIENTED_EDGE ( 'NONE', *, *, #2156, .T. ) ;
#6158 = DIRECTION ( 'NONE',  ( 1.968757127242515241E-32, 0.000000000000000000, -1.000000000000000000 ) ) ;
#6159 = CARTESIAN_POINT ( 'NONE',  ( 68.00000000000009948, -19.99999999999997158, -8.673617379884035472E-16 ) ) ;
#6160 = EDGE_LOOP ( 'NONE', ( #4442, #4860, #2548, #4204 ) ) ;
#6161 = LINE ( 'NONE', #1064, #4771 ) ;
#6162 = VERTEX_POINT ( 'NONE', #426 ) ;
#6163 = ORIENTED_EDGE ( 'NONE', *, *, #5893, .T. ) ;
#6164 = EDGE_CURVE ( 'NONE', #512, #5079, #2968, .T. ) ;
#6165 = EDGE_LOOP ( 'NONE', ( #472, #2358, #2470, #5122 ) ) ;
#6166 = CIRCLE ( 'NONE', #491, 4.000000000000003553 ) ;
#6167 = CIRCLE ( 'NONE', #1545, 7.999999999999992895 ) ;
#6168 = DIRECTION ( 'NONE',  ( 1.000000000000000000, 0.000000000000000000, -6.844255435263898992E-34 ) ) ;
#6169 = EDGE_CURVE ( 'NONE', #4541, #5608, #1936, .T. ) ;
#6170 = CARTESIAN_POINT ( 'NONE',  ( 67.99999999999990052, 16.00000000000000000, -100.0000000000000000 ) ) ;
#6171 = FACE_BOUND ( 'NONE', #944, .T. ) ;
#6172 = CIRCLE ( 'NONE', #1336, 15.00000000000000000 ) ;
#6173 = VERTEX_POINT ( 'NONE', #6476 ) ;
#6174 = VERTEX_POINT ( 'NONE', #2005 ) ;
#6175 = DIRECTION ( 'NONE',  ( 0.000000000000000000, 0.000000000000000000, -1.000000000000000000 ) ) ;
#6176 = DIRECTION ( 'NONE',  ( 1.000000000000000000, 2.775557561562888886E-16, -0.000000000000000000 ) ) ;
#6177 = AXIS2_PLACEMENT_3D ( 'NONE', #2533, #5096, #3525 ) ;
#6178 = ADVANCED_FACE ( 'NONE', ( #4020 ), #3530, .T. ) ;
#6179 = AXIS2_PLACEMENT_3D ( 'NONE', #5835, #346, #6204 ) ;
#6180 = FACE_BOUND ( 'NONE', #3207, .T. ) ;
#6181 = CARTESIAN_POINT ( 'NONE',  ( 91.99999999999990052, -12.00000000000000000, 95.00000000000000000 ) ) ;
#6182 = VECTOR ( 'NONE', #3892, 1000.000000000000000 ) ;
#6183 = CIRCLE ( 'NONE', #1869, 3.750000000000003553 ) ;
#6184 = CARTESIAN_POINT ( 'NONE',  ( 115.0000000000000711, 605.0000000000001137, -30.00000000000000000 ) ) ;
#6185 = DIRECTION ( 'NONE',  ( 0.000000000000000000, -1.000000000000000000, 0.000000000000000000 ) ) ;
#6186 = CARTESIAN_POINT ( 'NONE',  ( -80.00000000000009948, -20.00000000000003553, -79.99999999999998579 ) ) ;
#6187 = EDGE_CURVE ( 'NONE', #3978, #1108, #552, .T. ) ;
#6188 = VECTOR ( 'NONE', #6333, 1000.000000000000000 ) ;
#6189 = ORIENTED_EDGE ( 'NONE', *, *, #4896, .T. ) ;
#6190 = CYLINDRICAL_SURFACE ( 'NONE', #3833, 1.750000000000001554 ) ;
#6191 = ADVANCED_FACE ( 'NONE', ( #1111 ), #3068, .F. ) ;
#6192 = CLOSED_SHELL ( 'NONE', ( #3017, #2936, #3429, #2814, #5515, #5218, #4875, #150, #4146, #5992, #1929, #227, #1914, #2660, #6178, #3713, #1418, #1281 ) ) ;
#6193 = CARTESIAN_POINT ( 'NONE',  ( 96.25000000000007105, 465.0000000000000000, -17.99999999999999645 ) ) ;
#6194 = ORIENTED_EDGE ( 'NONE', *, *, #3067, .T. ) ;
#6195 = VECTOR ( 'NONE', #2482, 1000.000000000000000 ) ;
#6196 = CARTESIAN_POINT ( 'NONE',  ( -80.00000000000009948, -20.00000000000003553, -71.49999999999998579 ) ) ;
#6197 = DIRECTION ( 'NONE',  ( -2.387576397043347250E-16, 1.000000000000000000, -1.532218811828647824E-49 ) ) ;
#6198 = EDGE_LOOP ( 'NONE', ( #3777, #2820 ) ) ;
#6199 = CARTESIAN_POINT ( 'NONE',  ( -91.99999999999990052, -19.99999999999999289, 0.000000000000000000 ) ) ;
#6200 = EDGE_CURVE ( 'NONE', #4007, #4124, #3885, .T. ) ;
#6201 = ORIENTED_EDGE ( 'NONE', *, *, #1360, .T. ) ;
#6202 = ORIENTED_EDGE ( 'NONE', *, *, #4372, .F. ) ;
#6203 = VERTEX_POINT ( 'NONE', #1576 ) ;
#6204 = DIRECTION ( 'NONE',  ( -2.775557561562888886E-16, 1.000000000000000000, 0.000000000000000000 ) ) ;
#6205 = ORIENTED_EDGE ( 'NONE', *, *, #4903, .F. ) ;
#6206 = CARTESIAN_POINT ( 'NONE',  ( 115.1197562627544073, 605.0000000000001137, -30.00000000000000000 ) ) ;
#6207 = CARTESIAN_POINT ( 'NONE',  ( -91.99999999999990052, -12.00000000000000000, -95.00000000000000000 ) ) ;
#6208 = VERTEX_POINT ( 'NONE', #3132 ) ;
#6209 = VERTEX_POINT ( 'NONE', #5562 ) ;
#6210 = DIRECTION ( 'NONE',  ( 0.000000000000000000, -7.456161113735056834E-51, -1.000000000000000000 ) ) ;
#6211 = CARTESIAN_POINT ( 'NONE',  ( -91.99999999999990052, -12.00000000000000000, -100.0000000000000000 ) ) ;
#6212 = LINE ( 'NONE', #715, #5716 ) ;
#6213 = CARTESIAN_POINT ( 'NONE',  ( 100.0000000000000711, 465.0000000000000000, -16.24999999999999289 ) ) ;
#6214 = ADVANCED_FACE ( 'NONE', ( #5132 ), #1603, .F. ) ;
#6215 = DIRECTION ( 'NONE',  ( 1.000000000000000000, -0.000000000000000000, -0.000000000000000000 ) ) ;
#6216 = CARTESIAN_POINT ( 'NONE',  ( 96.00000000000009948, 12.00000000000001599, 95.00000000000000000 ) ) ;
#6217 = CARTESIAN_POINT ( 'NONE',  ( -114.9999999999999858, 615.0000000000001137, 30.00000000000000000 ) ) ;
#6218 = ORIENTED_EDGE ( 'NONE', *, *, #249, .F. ) ;
#6219 = DIRECTION ( 'NONE',  ( 1.000000000000000000, 0.000000000000000000, 0.000000000000000000 ) ) ;
#6220 = CARTESIAN_POINT ( 'NONE',  ( -60.00000000000001421, 465.0000000000000000, -16.24999999999999289 ) ) ;
#6221 = EDGE_CURVE ( 'NONE', #4307, #2623, #4729, .T. ) ;
#6222 = VERTEX_POINT ( 'NONE', #2068 ) ;
#6223 = EDGE_CURVE ( 'NONE', #4682, #2954, #3363, .T. ) ;
#6224 = CARTESIAN_POINT ( 'NONE',  ( -59.99999999999991473, -18.00000000000000000, -16.25000000000000000 ) ) ;
#6225 = CARTESIAN_POINT ( 'NONE',  ( 98.00000000000009948, 20.00000000000001776, 16.25000000000000000 ) ) ;
#6226 = ORIENTED_EDGE ( 'NONE', *, *, #3573, .T. ) ;
#6227 = CARTESIAN_POINT ( 'NONE',  ( 63.75000000000007105, 465.0000000000000000, 18.00000000000000355 ) ) ;
#6228 = ORIENTED_EDGE ( 'NONE', *, *, #2258, .F. ) ;
#6229 = ORIENTED_EDGE ( 'NONE', *, *, #4246, .T. ) ;
#6230 = VECTOR ( 'NONE', #115, 1000.000000000000000 ) ;
#6231 = EDGE_CURVE ( 'NONE', #4306, #5411, #4085, .T. ) ;
#6232 = EDGE_CURVE ( 'NONE', #1965, #4425, #1172, .T. ) ;
#6233 = PLANE ( 'NONE',  #6179 ) ;
#6234 = ORIENTED_EDGE ( 'NONE', *, *, #5406, .T. ) ;
#6235 = VECTOR ( 'NONE', #3541, 1000.000000000000000 ) ;
#6236 = DIRECTION ( 'NONE',  ( 0.000000000000000000, 1.000000000000000000, 0.000000000000000000 ) ) ;
#6237 = DIRECTION ( 'NONE',  ( 0.000000000000000000, 1.000000000000000000, 0.000000000000000000 ) ) ;
#6238 = EDGE_LOOP ( 'NONE', ( #5026, #5663 ) ) ;
#6239 = VERTEX_POINT ( 'NONE', #6085 ) ;
#6240 = CARTESIAN_POINT ( 'NONE',  ( -114.9999999999999858, 603.0000000000003411, 18.49999999999897682 ) ) ;
#6241 = AXIS2_PLACEMENT_3D ( 'NONE', #2970, #2375, #4320 ) ;
#6242 = DIRECTION ( 'NONE',  ( 1.968757127242515241E-32, 0.000000000000000000, -1.000000000000000000 ) ) ;
#6243 = DIRECTION ( 'NONE',  ( -1.000000000000000000, -2.775557561562888886E-16, 0.000000000000000000 ) ) ;
#6244 = LINE ( 'NONE', #5327, #1740 ) ;
#6245 = CIRCLE ( 'NONE', #676, 8.500000000000007105 ) ;
#6246 = FACE_OUTER_BOUND ( 'NONE', #4661, .T. ) ;
#6247 = DIRECTION ( 'NONE',  ( -1.000000000000000000, -1.224646799147353207E-16, -0.000000000000000000 ) ) ;
#6248 = DIRECTION ( 'NONE',  ( -2.220446049250311109E-16, 1.000000000000000000, 0.000000000000000000 ) ) ;
#6249 = AXIS2_PLACEMENT_3D ( 'NONE', #4214, #1335, #5749 ) ;
#6250 = ORIENTED_EDGE ( 'NONE', *, *, #2948, .T. ) ;
#6251 = DIRECTION ( 'NONE',  ( 6.844255435263898992E-34, 0.000000000000000000, -1.000000000000000000 ) ) ;
#6252 = EDGE_CURVE ( 'NONE', #5411, #5396, #3600, .T. ) ;
#6253 = PLANE ( 'NONE',  #3117 ) ;
#6254 = AXIS2_PLACEMENT_3D ( 'NONE', #1217, #3305, #237 ) ;
#6255 = ORIENTED_EDGE ( 'NONE', *, *, #3654, .T. ) ;
#6256 = LINE ( 'NONE', #1747, #6499 ) ;
#6257 = CARTESIAN_POINT ( 'NONE',  ( -91.99999999999990052, -19.99999999999999289, 100.0000000000000000 ) ) ;
#6258 = DIRECTION ( 'NONE',  ( -1.000000000000000000, -0.000000000000000000, -0.000000000000000000 ) ) ;
#6259 = VECTOR ( 'NONE', #2963, 1000.000000000000000 ) ;
#6260 = ORIENTED_EDGE ( 'NONE', *, *, #4171, .T. ) ;
#6261 = CARTESIAN_POINT ( 'NONE',  ( 92.00000000000011369, 16.00000000000002132, -100.0000000000000000 ) ) ;
#6262 = ADVANCED_FACE ( 'NONE', ( #100 ), #6144, .F. ) ;
#6263 = ORIENTED_EDGE ( 'NONE', *, *, #4529, .F. ) ;
#6264 = ORIENTED_EDGE ( 'NONE', *, *, #186, .T. ) ;
#6265 = CARTESIAN_POINT ( 'NONE',  ( -96.25000000000001421, 465.0000000000000000, 18.00000000000000355 ) ) ;
#6266 = CARTESIAN_POINT ( 'NONE',  ( 125.0000000000001705, 473.0000000000001137, 30.00000000000000000 ) ) ;
#6267 = ORIENTED_EDGE ( 'NONE', *, *, #2289, .T. ) ;
#6268 = EDGE_CURVE ( 'NONE', #536, #2928, #2832, .T. ) ;
#6269 = EDGE_CURVE ( 'NONE', #2530, #317, #3099, .T. ) ;
#6270 = ORIENTED_EDGE ( 'NONE', *, *, #1030, .F. ) ;
#6271 = ORIENTED_EDGE ( 'NONE', *, *, #4922, .F. ) ;
#6272 = AXIS2_PLACEMENT_3D ( 'NONE', #2077, #1117, #1056 ) ;
#6273 = DIRECTION ( 'NONE',  ( 0.000000000000000000, -1.000000000000000000, 0.000000000000000000 ) ) ;
#6274 = DIRECTION ( 'NONE',  ( 0.000000000000000000, 0.000000000000000000, -1.000000000000000000 ) ) ;
#6275 = VECTOR ( 'NONE', #5297, 1000.000000000000000 ) ;
#6276 = CARTESIAN_POINT ( 'NONE',  ( -114.9999999999999858, 603.0000000000003411, -14.99999999999996447 ) ) ;
#6277 = EDGE_CURVE ( 'NONE', #2540, #5551, #2639, .T. ) ;
#6278 = DIRECTION ( 'NONE',  ( 5.968940992608368126E-17, -1.000000000000000000, 3.271334946041490653E-50 ) ) ;
#6279 = CARTESIAN_POINT ( 'NONE',  ( -63.75000000000001421, 465.0000000000000000, 18.00000000000000355 ) ) ;
#6280 = VECTOR ( 'NONE', #2363, 1000.000000000000000 ) ;
#6281 = VECTOR ( 'NONE', #1062, 1000.000000000000000 ) ;
#6282 = PLANE ( 'NONE',  #2828 ) ;
#6283 = LINE ( 'NONE', #3139, #3558 ) ;
#6284 = ORIENTED_EDGE ( 'NONE', *, *, #4795, .T. ) ;
#6285 = CARTESIAN_POINT ( 'NONE',  ( 62.00000000000007105, 465.0000000000000000, 16.25000000000000000 ) ) ;
#6286 = LINE ( 'NONE', #3826, #377 ) ;
#6287 = AXIS2_PLACEMENT_3D ( 'NONE', #4884, #1748, #3900 ) ;
#6288 = AXIS2_PLACEMENT_3D ( 'NONE', #5339, #4257, #5854 ) ;
#6289 = ORIENTED_EDGE ( 'NONE', *, *, #3788, .F. ) ;
#6290 = DIRECTION ( 'NONE',  ( -1.000000000000000000, 0.000000000000000000, 0.000000000000000000 ) ) ;
#6291 = DIRECTION ( 'NONE',  ( 1.000000000000000000, 1.224646799147353207E-16, 0.000000000000000000 ) ) ;
#6292 = AXIS2_PLACEMENT_3D ( 'NONE', #4093, #4649, #5598 ) ;
#6293 = CARTESIAN_POINT ( 'NONE',  ( 96.25000000000012790, 20.00000000000001776, -17.99999999999999645 ) ) ;
#6294 = EDGE_LOOP ( 'NONE', ( #4607, #1109, #4276, #3468 ) ) ;
#6295 = DIRECTION ( 'NONE',  ( 1.000000000000000000, 0.000000000000000000, 0.000000000000000000 ) ) ;
#6296 = CARTESIAN_POINT ( 'NONE',  ( -96.24999999999990052, 20.00000000000001776, 16.24999999999999289 ) ) ;
#6297 = VECTOR ( 'NONE', #370, 1000.000000000000000 ) ;
#6298 = ORIENTED_EDGE ( 'NONE', *, *, #5695, .F. ) ;
#6299 = EDGE_CURVE ( 'NONE', #543, #5155, #5872, .T. ) ;
#6300 = CARTESIAN_POINT ( 'NONE',  ( 63.99999999999990763, -12.00000000000000000, -95.00000000000000000 ) ) ;
#6301 = DIRECTION ( 'NONE',  ( 0.000000000000000000, 0.000000000000000000, 1.000000000000000000 ) ) ;
#6302 = VERTEX_POINT ( 'NONE', #3167 ) ;
#6303 = ORIENTED_EDGE ( 'NONE', *, *, #5865, .T. ) ;
#6304 = ORIENTED_EDGE ( 'NONE', *, *, #1587, .F. ) ;
#6305 = EDGE_CURVE ( 'NONE', #5796, #2846, #4518, .T. ) ;
#6306 = CARTESIAN_POINT ( 'NONE',  ( -118.0000000000000000, 615.0000000000001137, 19.99999999999999645 ) ) ;
#6307 = ADVANCED_FACE ( 'NONE', ( #1671 ), #2206, .F. ) ;
#6308 = CARTESIAN_POINT ( 'NONE',  ( 60.00000000000009237, 12.00000000000001776, 0.000000000000000000 ) ) ;
#6309 = DIRECTION ( 'NONE',  ( -0.000000000000000000, -0.000000000000000000, -1.000000000000000000 ) ) ;
#6310 = CARTESIAN_POINT ( 'NONE',  ( -123.0000000000000000, 565.4342007203525782, 30.00000000000000000 ) ) ;
#6311 = DIRECTION ( 'NONE',  ( -1.000000000000000000, 0.000000000000000000, -0.000000000000000000 ) ) ;
#6312 = EDGE_CURVE ( 'NONE', #993, #2194, #2763, .T. ) ;
#6313 = DIRECTION ( 'NONE',  ( -0.000000000000000000, 0.000000000000000000, -1.000000000000000000 ) ) ;
#6314 = CARTESIAN_POINT ( 'NONE',  ( -60.00000000000001421, 465.0000000000000000, -16.24999999999999289 ) ) ;
#6315 = ORIENTED_EDGE ( 'NONE', *, *, #501, .F. ) ;
#6316 = CARTESIAN_POINT ( 'NONE',  ( 91.99999999999990052, -15.99999999999999289, -95.00000000000000000 ) ) ;
#6317 = DIRECTION ( 'NONE',  ( 0.000000000000000000, -3.160343196191257749E-48, -1.000000000000000000 ) ) ;
#6318 = ORIENTED_EDGE ( 'NONE', *, *, #3131, .T. ) ;
#6319 = CYLINDRICAL_SURFACE ( 'NONE', #2932, 7.999999999999992895 ) ;
#6320 = CARTESIAN_POINT ( 'NONE',  ( -91.99999999999990052, 12.00000000000000000, -95.00000000000000000 ) ) ;
#6321 = CYLINDRICAL_SURFACE ( 'NONE', #320, 1.750000000000001554 ) ;
#6322 = ORIENTED_EDGE ( 'NONE', *, *, #50, .T. ) ;
#6323 = PLANE ( 'NONE',  #863 ) ;
#6324 = DIRECTION ( 'NONE',  ( 0.000000000000000000, 1.000000000000000000, 0.000000000000000000 ) ) ;
#6325 = ORIENTED_EDGE ( 'NONE', *, *, #6106, .T. ) ;
#6326 = CARTESIAN_POINT ( 'NONE',  ( 60.00000000000009237, 16.25000000000001776, 16.24999999999999289 ) ) ;
#6327 = CARTESIAN_POINT ( 'NONE',  ( 64.00000000000009948, -11.99999999999997691, 95.00000000000000000 ) ) ;
#6328 = ORIENTED_EDGE ( 'NONE', *, *, #6469, .T. ) ;
#6329 = EDGE_CURVE ( 'NONE', #6203, #3478, #3818, .T. ) ;
#6330 = ORIENTED_EDGE ( 'NONE', *, *, #2378, .F. ) ;
#6331 = EDGE_LOOP ( 'NONE', ( #3419, #2783, #3881, #5524 ) ) ;
#6332 = DIRECTION ( 'NONE',  ( 0.000000000000000000, 1.000000000000000000, 0.000000000000000000 ) ) ;
#6333 = DIRECTION ( 'NONE',  ( 0.000000000000000000, 1.000000000000000000, 0.000000000000000000 ) ) ;
#6334 = CIRCLE ( 'NONE', #4874, 6.999999999999992006 ) ;
#6335 = CARTESIAN_POINT ( 'NONE',  ( 60.00000000000009237, -16.24999999999998224, 16.24999999999999289 ) ) ;
#6336 = FACE_OUTER_BOUND ( 'NONE', #3186, .T. ) ;
#6337 = AXIS2_PLACEMENT_3D ( 'NONE', #855, #465, #5892 ) ;
#6338 = FACE_OUTER_BOUND ( 'NONE', #3512, .T. ) ;
#6339 = CARTESIAN_POINT ( 'NONE',  ( 118.0000000000000568, 565.4342007203531466, 30.00000000000000000 ) ) ;
#6340 = PLANE ( 'NONE',  #2394 ) ;
#6341 = VECTOR ( 'NONE', #787, 1000.000000000000000 ) ;
#6342 = ORIENTED_EDGE ( 'NONE', *, *, #3682, .F. ) ;
#6343 = DIRECTION ( 'NONE',  ( -1.000000000000000000, 0.000000000000000000, -6.844255435263898992E-34 ) ) ;
#6344 = CARTESIAN_POINT ( 'NONE',  ( -117.9999999999998295, 603.0000000000003411, -14.99999999999996447 ) ) ;
#6345 = EDGE_CURVE ( 'NONE', #2248, #3275, #2205, .T. ) ;
#6346 = EDGE_CURVE ( 'NONE', #1560, #4307, #3723, .T. ) ;
#6347 = DIRECTION ( 'NONE',  ( 1.000000000000000000, 0.000000000000000000, 0.000000000000000000 ) ) ;
#6348 = VECTOR ( 'NONE', #6309, 1000.000000000000000 ) ;
#6349 = CARTESIAN_POINT ( 'NONE',  ( -67.99999999999991473, -12.00000000000000000, -95.00000000000000000 ) ) ;
#6350 = CARTESIAN_POINT ( 'NONE',  ( 80.00000000000009948, -15.99999999999997868, 71.49999999999998579 ) ) ;
#6351 = EDGE_LOOP ( 'NONE', ( #4780, #1573, #4951, #6013, #2682, #2006, #6495, #5836 ) ) ;
#6352 = CARTESIAN_POINT ( 'NONE',  ( -96.24999999999968736, 20.00000000000001776, 17.99999999999999645 ) ) ;
#6353 = VERTEX_POINT ( 'NONE', #2236 ) ;
#6354 = CARTESIAN_POINT ( 'NONE',  ( -59.99999999999990763, 20.00000000000001776, 16.24999999999999289 ) ) ;
#6355 = CIRCLE ( 'NONE', #885, 4.000000000000003553 ) ;
#6356 = ORIENTED_EDGE ( 'NONE', *, *, #859, .F. ) ;
#6357 = CIRCLE ( 'NONE', #893, 8.500000000000007105 ) ;
#6358 = DIRECTION ( 'NONE',  ( 0.000000000000000000, 0.000000000000000000, -1.000000000000000000 ) ) ;
#6359 = DIRECTION ( 'NONE',  ( -1.000000000000000000, -1.224646799147353207E-16, -0.000000000000000000 ) ) ;
#6360 = VERTEX_POINT ( 'NONE', #3326 ) ;
#6361 = CC_DESIGN_PERSON_AND_ORGANIZATION_ASSIGNMENT ( #577, #1069, ( #5934 ) ) ;
#6362 = ORIENTED_EDGE ( 'NONE', *, *, #3330, .F. ) ;
#6363 = ORIENTED_EDGE ( 'NONE', *, *, #1484, .T. ) ;
#6364 = DIRECTION ( 'NONE',  ( 1.968757127242515241E-32, 0.000000000000000000, -1.000000000000000000 ) ) ;
#6365 = ADVANCED_FACE ( 'NONE', ( #5717 ), #3850, .T. ) ;
#6366 = PERSON_AND_ORGANIZATION_ROLE ( 'creator' ) ;
#6367 = FACE_OUTER_BOUND ( 'NONE', #45, .T. ) ;
#6368 = DIRECTION ( 'NONE',  ( 0.000000000000000000, 0.000000000000000000, -1.000000000000000000 ) ) ;
#6369 = EDGE_LOOP ( 'NONE', ( #3608, #858, #3321, #4335 ) ) ;
#6370 = DIRECTION ( 'NONE',  ( -1.000000000000000000, 0.000000000000000000, 0.000000000000000000 ) ) ;
#6371 = EDGE_CURVE ( 'NONE', #6082, #1991, #5840, .T. ) ;
#6372 = FACE_BOUND ( 'NONE', #2301, .T. ) ;
#6373 = ADVANCED_FACE ( 'NONE', ( #777 ), #3756, .F. ) ;
#6374 = AXIS2_PLACEMENT_3D ( 'NONE', #1901, #875, #5391 ) ;
#6375 = CARTESIAN_POINT ( 'NONE',  ( -118.0748476642215081, 564.5722990615913659, -30.00000000000000000 ) ) ;
#6376 = AXIS2_PLACEMENT_3D ( 'NONE', #6375, #4379, #1805 ) ;
#6377 = EDGE_LOOP ( 'NONE', ( #4622, #5171, #6201, #4461 ) ) ;
#6378 = DIRECTION ( 'NONE',  ( -1.000000000000000000, 2.775557561562888886E-16, 0.000000000000000000 ) ) ;
#6379 = CARTESIAN_POINT ( 'NONE',  ( -63.75000000000001421, 465.0000000000000000, 19.99999999999999645 ) ) ;
#6380 = VECTOR ( 'NONE', #2921, 1000.000000000000000 ) ;
#6381 = CIRCLE ( 'NONE', #812, 8.500000000000007105 ) ;
#6382 = LINE ( 'NONE', #1842, #3880 ) ;
#6383 = CIRCLE ( 'NONE', #2085, 8.500000000000007105 ) ;
#6384 = EDGE_CURVE ( 'NONE', #5447, #4864, #4806, .T. ) ;
#6385 = CYLINDRICAL_SURFACE ( 'NONE', #4191, 4.000000000000003553 ) ;
#6386 = EDGE_CURVE ( 'NONE', #5413, #1481, #3426, .T. ) ;
#6387 = LINE ( 'NONE', #888, #6297 ) ;
#6388 = AXIS2_PLACEMENT_3D ( 'NONE', #5569, #1055, #1544 ) ;
#6389 = VERTEX_POINT ( 'NONE', #1799 ) ;
#6390 = CARTESIAN_POINT ( 'NONE',  ( 67.99999999999991473, -12.00000000000000000, -100.0000000000000000 ) ) ;
#6391 = AXIS2_PLACEMENT_3D ( 'NONE', #5919, #490, #1411 ) ;
#6392 = ORIENTED_EDGE ( 'NONE', *, *, #2298, .F. ) ;
#6393 = DIRECTION ( 'NONE',  ( 1.000000000000000000, -0.000000000000000000, -0.000000000000000000 ) ) ;
#6394 = ORIENTED_EDGE ( 'NONE', *, *, #6427, .F. ) ;
#6395 = VECTOR ( 'NONE', #2111, 1000.000000000000000 ) ;
#6396 = AXIS2_PLACEMENT_3D ( 'NONE', #592, #2174, #1607 ) ;
#6397 = EDGE_CURVE ( 'NONE', #4864, #6239, #1302, .T. ) ;
#6398 = DIRECTION ( 'NONE',  ( -0.000000000000000000, 0.000000000000000000, -1.000000000000000000 ) ) ;
#6399 = CARTESIAN_POINT ( 'NONE',  ( -117.0000000000000426, 473.0000000000000568, -30.00000000000000000 ) ) ;
#6400 = EDGE_LOOP ( 'NONE', ( #2878, #1368, #5419, #5773 ) ) ;
#6401 = EDGE_LOOP ( 'NONE', ( #2537, #995, #1019, #3837 ) ) ;
#6402 = ORIENTED_EDGE ( 'NONE', *, *, #2000, .T. ) ;
#6403 = DIRECTION ( 'NONE',  ( 0.000000000000000000, 0.000000000000000000, 1.000000000000000000 ) ) ;
#6405 = AXIS2_PLACEMENT_3D ( 'NONE', #13, #2449, #1516 ) ;
#6404 =( NAMED_UNIT ( * ) PLANE_ANGLE_UNIT ( ) SI_UNIT ( $, .RADIAN. ) );
#6406 = LINE ( 'NONE', #5942, #6348 ) ;
#6407 = CARTESIAN_POINT ( 'NONE',  ( -63.99999999999990763, 12.00000000000000000, -100.0000000000000000 ) ) ;
#6408 = ORIENTED_EDGE ( 'NONE', *, *, #1952, .F. ) ;
#6409 = CARTESIAN_POINT ( 'NONE',  ( 80.00000000000009948, -17.99999999999998224, 16.25000000000000000 ) ) ;
#6410 = CARTESIAN_POINT ( 'NONE',  ( -125.0000000000000284, 524.3052788474357158, 30.00000000000000000 ) ) ;
#6411 = FACE_OUTER_BOUND ( 'NONE', #1256, .T. ) ;
#6412 = ORIENTED_EDGE ( 'NONE', *, *, #5547, .T. ) ;
#6413 = DIRECTION ( 'NONE',  ( 5.968940992608368126E-17, -1.000000000000000000, 3.271334946041490653E-50 ) ) ;
#6414 = DIRECTION ( 'NONE',  ( 0.000000000000000000, 0.000000000000000000, -1.000000000000000000 ) ) ;
#6415 = EDGE_CURVE ( 'NONE', #1108, #1408, #4366, .T. ) ;
#6416 = CARTESIAN_POINT ( 'NONE',  ( -59.99999999999991473, -18.00000000000000000, 16.25000000000000000 ) ) ;
#6417 = DIRECTION ( 'NONE',  ( 0.000000000000000000, -1.000000000000000000, 0.000000000000000000 ) ) ;
#6418 = DIRECTION ( 'NONE',  ( 0.000000000000000000, 0.000000000000000000, -1.000000000000000000 ) ) ;
#6419 = ORIENTED_EDGE ( 'NONE', *, *, #3348, .F. ) ;
#6420 = FACE_OUTER_BOUND ( 'NONE', #190, .T. ) ;
#6421 = CARTESIAN_POINT ( 'NONE',  ( 80.00000000000009948, 20.00000000000001776, 16.24999999999999289 ) ) ;
#6422 = PLANE ( 'NONE',  #4264 ) ;
#6423 = EDGE_LOOP ( 'NONE', ( #1362, #5494, #2790, #2529 ) ) ;
#6424 = VERTEX_POINT ( 'NONE', #841 ) ;
#6425 = CARTESIAN_POINT ( 'NONE',  ( -96.25000000000001421, 465.0000000000000000, -16.25000000000000000 ) ) ;
#6426 = ORIENTED_EDGE ( 'NONE', *, *, #2340, .T. ) ;
#6427 = EDGE_CURVE ( 'NONE', #3564, #3774, #3743, .T. ) ;
#6428 = ADVANCED_FACE ( 'NONE', ( #3228 ), #3791, .F. ) ;
#6429 = VERTEX_POINT ( 'NONE', #5265 ) ;
#6430 = ORIENTED_EDGE ( 'NONE', *, *, #1164, .T. ) ;
#6431 = DIRECTION ( 'NONE',  ( 1.968757127242515241E-32, 0.000000000000000000, -1.000000000000000000 ) ) ;
#6432 = PERSON_AND_ORGANIZATION ( #410, #6463 ) ;
#6433 = CARTESIAN_POINT ( 'NONE',  ( -80.00000000000009948, -31.99999999999999289, 94.99999999999998579 ) ) ;
#6434 = CARTESIAN_POINT ( 'NONE',  ( -80.00000000000009948, -20.00000000000003553, -79.99999999999998579 ) ) ;
#6435 = VERTEX_POINT ( 'NONE', #5325 ) ;
#6436 = ORIENTED_EDGE ( 'NONE', *, *, #3177, .T. ) ;
#6437 = DIRECTION ( 'NONE',  ( 2.775557561562888886E-16, 1.000000000000000000, 0.000000000000000000 ) ) ;
#6438 = VECTOR ( 'NONE', #6461, 1000.000000000000000 ) ;
#6439 = DIRECTION ( 'NONE',  ( -1.000000000000000000, 0.000000000000000000, 0.000000000000000000 ) ) ;
#6440 = MANIFOLD_SOLID_BREP ( '方形管 40 X 40 X 2[3]', #2207 ) ;
#6441 = PLANE ( 'NONE',  #3241 ) ;
#6442 = VERTEX_POINT ( 'NONE', #748 ) ;
#6443 = LINE ( 'NONE', #4449, #776 ) ;
#6444 = CARTESIAN_POINT ( 'NONE',  ( 124.8802437372457348, 525.6843215014538373, 30.00000000000000000 ) ) ;
#6445 = VECTOR ( 'NONE', #4253, 1000.000000000000000 ) ;
#6446 = EDGE_CURVE ( 'NONE', #3418, #5730, #807, .T. ) ;
#6447 = CARTESIAN_POINT ( 'NONE',  ( 117.0000000000001563, 473.0000000000001137, 30.00000000000000000 ) ) ;
#6448 = PLANE ( 'NONE',  #2821 ) ;
#6449 = AXIS2_PLACEMENT_3D ( 'NONE', #2734, #5266, #3793 ) ;
#6450 = PLANE ( 'NONE',  #628 ) ;
#6451 = EDGE_CURVE ( 'NONE', #4864, #760, #4793, .T. ) ;
#6452 = VERTEX_POINT ( 'NONE', #259 ) ;
#6453 = DIRECTION ( 'NONE',  ( -4.625929269271481969E-16, 1.000000000000000000, 0.000000000000000000 ) ) ;
#6454 = CARTESIAN_POINT ( 'NONE',  ( 64.00000000000009948, -11.99999999999997691, -100.0000000000000000 ) ) ;
#6455 = CARTESIAN_POINT ( 'NONE',  ( -114.9999999999999858, 565.4342007203525782, -30.00000000000000000 ) ) ;
#6456 = VECTOR ( 'NONE', #5710, 1000.000000000000000 ) ;
#6457 = ORIENTED_EDGE ( 'NONE', *, *, #4436, .T. ) ;
#6458 = EDGE_CURVE ( 'NONE', #1278, #2102, #2732, .T. ) ;
#6459 = AXIS2_PLACEMENT_3D ( 'NONE', #6455, #857, #3511 ) ;
#6460 = ORIENTED_EDGE ( 'NONE', *, *, #5102, .T. ) ;
#6461 = DIRECTION ( 'NONE',  ( 5.968940992608368126E-17, -1.000000000000000000, 3.271334946041490653E-50 ) ) ;
#6462 = ORIENTED_EDGE ( 'NONE', *, *, #2109, .T. ) ;
#6463 = ORGANIZATION ( '未指定', '未指定', '' ) ;
#6464 = VERTEX_POINT ( 'NONE', #228 ) ;
#6465 = CIRCLE ( 'NONE', #4066, 15.00000000000000000 ) ;
#6466 = VERTEX_POINT ( 'NONE', #1272 ) ;
#6467 = DIRECTION ( 'NONE',  ( -1.000000000000000000, 0.000000000000000000, 2.407412430484044816E-32 ) ) ;
#6468 = CALENDAR_DATE ( 2026, 24, 4 ) ;
#6469 = EDGE_CURVE ( 'NONE', #5383, #5608, #4477, .T. ) ;
#6470 = AXIS2_PLACEMENT_3D ( 'NONE', #4675, #296, #5167 ) ;
#6471 = CARTESIAN_POINT ( 'NONE',  ( 60.00000000000009237, 16.25000000000001776, 18.00000000000000000 ) ) ;
#6472 = CARTESIAN_POINT ( 'NONE',  ( 98.00000000000009948, 20.00000000000001776, -16.25000000000000000 ) ) ;
#6473 = ORIENTED_EDGE ( 'NONE', *, *, #1301, .F. ) ;
#6474 = ORIENTED_EDGE ( 'NONE', *, *, #4265, .T. ) ;
#6475 = LINE ( 'NONE', #4608, #3557 ) ;
#6476 = CARTESIAN_POINT ( 'NONE',  ( -114.9999999999999858, 565.4342007203525782, -30.00000000000000000 ) ) ;
#6477 = EDGE_CURVE ( 'NONE', #6162, #6046, #1628, .T. ) ;
#6478 = EDGE_LOOP ( 'NONE', ( #4482, #86 ) ) ;
#6479 = DIRECTION ( 'NONE',  ( 0.000000000000000000, 0.000000000000000000, -1.000000000000000000 ) ) ;
#6480 = DIRECTION ( 'NONE',  ( 1.000000000000000000, 0.000000000000000000, 0.000000000000000000 ) ) ;
#6481 = CARTESIAN_POINT ( 'NONE',  ( -122.0000000000000284, 524.3052788474357158, 30.00000000000000000 ) ) ;
#6483 = VECTOR ( 'NONE', #2013, 1000.000000000000000 ) ;
#6482 = CARTESIAN_POINT ( 'NONE',  ( -96.25000000000001421, 465.0000000000000000, -20.00000000000000355 ) ) ;
#6484 = LINE ( 'NONE', #1978, #4707 ) ;
#6485 = ORIENTED_EDGE ( 'NONE', *, *, #4732, .T. ) ;
#6486 = CARTESIAN_POINT ( 'NONE',  ( -99.99999999999991473, 20.00000000000001776, 16.24999999999999289 ) ) ;
#6487 = PLANE ( 'NONE',  #727 ) ;
#6488 = DIRECTION ( 'NONE',  ( 0.000000000000000000, 0.000000000000000000, -1.000000000000000000 ) ) ;
#6489 = AXIS2_PLACEMENT_3D ( 'NONE', #4277, #257, #1429 ) ;
#6490 = MANIFOLD_SOLID_BREP ( '切除-拉伸2', #5979 ) ;
#6491 = ORIENTED_EDGE ( 'NONE', *, *, #1722, .F. ) ;
#6492 = CIRCLE ( 'NONE', #3567, 5.000000000000004441 ) ;
#6493 = AXIS2_PLACEMENT_3D ( 'NONE', #5617, #3556, #1044 ) ;
#6494 = VECTOR ( 'NONE', #4334, 1000.000000000000000 ) ;
#6495 = ORIENTED_EDGE ( 'NONE', *, *, #6223, .T. ) ;
#6496 = CARTESIAN_POINT ( 'NONE',  ( 125.0000000000001421, 524.3052788474358294, 30.00000000000000000 ) ) ;
#6497 = ORIENTED_EDGE ( 'NONE', *, *, #501, .T. ) ;
#6498 = AXIS2_PLACEMENT_3D ( 'NONE', #3172, #653, #5629 ) ;
#6499 = VECTOR ( 'NONE', #3831, 1000.000000000000000 ) ;
#6500 = ADVANCED_FACE ( 'NONE', ( #4963 ), #4994, .F. ) ;
#6501 = ORIENTED_EDGE ( 'NONE', *, *, #475, .T. ) ;
#6502 = EDGE_LOOP ( 'NONE', ( #2023, #1240, #403, #6098 ) ) ;
#6503 = FACE_OUTER_BOUND ( 'NONE', #1791, .T. ) ;
#6504 = APPROVAL_DATE_TIME ( #3980, #1497 ) ;
#6505 = AXIS2_PLACEMENT_3D ( 'NONE', #4176, #6176, #5194 ) ;
#6506 = LINE ( 'NONE', #580, #2155 ) ;
#6507 = DIRECTION ( 'NONE',  ( 6.844255435263898992E-34, 0.000000000000000000, -1.000000000000000000 ) ) ;
#6508 = ORIENTED_EDGE ( 'NONE', *, *, #1243, .F. ) ;
#6509 = EDGE_CURVE ( 'NONE', #4073, #6452, #578, .T. ) ;
#6510 = ORIENTED_EDGE ( 'NONE', *, *, #1894, .T. ) ;
#6511 = AXIS2_PLACEMENT_3D ( 'NONE', #2780, #6258, #3772 ) ;
ENDSEC;
END-ISO-10303-21;
